{
"type": "FeatureCollection",
"name": "counties_fl_ga_sc_nc",
"crs": { "type": "name", "properties": { "name": "urn:ogc:def:crs:OGC:1.3:CRS84" } },
"features": [
{ "type": "Feature", "properties": { "fips": "37181", "state_fips": "37", "county_name": "Vance" }, "geometry": { "type": "Polygon", "coordinates": [ [ [ -78.497783, 36.514477 ], [ -78.457277896255903, 36.5414487083995 ], [ -78.323718509559001, 36.542421391558598 ], [ -78.277165, 36.306132 ], [ -78.306965, 36.266191 ], [ -78.37814, 36.235065 ], [ -78.42188, 36.164309 ], [ -78.496614, 36.175199 ], [ -78.511224, 36.454808 ], [ -78.497783, 36.514477 ] ] ] } },
{ "type": "Feature", "properties": { "fips": "12007", "state_fips": "12", "county_name": "Bradford" }, "geometry": { "type": "Polygon", "coordinates": [ [ [ -82.306677, 29.956612 ], [ -82.259971, 30.02809 ], [ -82.14734, 30.109985 ], [ -82.142578, 30.143117 ], [ -82.049425, 30.143136 ], [ -82.049244, 29.71867 ], [ -82.133126, 29.835949 ], [ -82.272563, 29.843011 ], [ -82.418728, 29.923093 ], [ -82.306677, 29.956612 ] ] ] } },
{ "type": "Feature", "properties": { "fips": "13137", "state_fips": "13", "county_name": "Habersham" }, "geometry": { "type": "Polygon", "coordinates": [ [ [ -83.652194, 34.822993 ], [ -83.586897, 34.819991 ], [ -83.534904, 34.740013 ], [ -83.431465, 34.747272 ], [ -83.349608510913299, 34.717010582627303 ], [ -83.340039106784602, 34.686327710412101 ], [ -83.365044, 34.675308 ], [ -83.45843, 34.483933 ], [ -83.537436, 34.491734 ], [ -83.615218, 34.431712 ], [ -83.666415, 34.503602 ], [ -83.616615, 34.54163 ], [ -83.662819, 34.659801 ], [ -83.623296, 34.732194 ], [ -83.681596, 34.800882 ], [ -83.652194, 34.822993 ] ] ] } },
{ "type": "Feature", "properties": { "fips": "13123", "state_fips": "13", "county_name": "Gilmer" }, "geometry": { "type": "Polygon", "coordinates": [ [ [ -84.657098, 34.728905 ], [ -84.627348, 34.784728 ], [ -84.618637, 34.855398 ], [ -84.422754, 34.854795 ], [ -84.343661, 34.824781 ], [ -84.196754, 34.617924 ], [ -84.255112, 34.568333 ], [ -84.336639, 34.578945 ], [ -84.371352, 34.548495 ], [ -84.654366, 34.548946 ], [ -84.657098, 34.728905 ] ] ] } },
{ "type": "Feature", "properties": { "fips": "13201", "state_fips": "13", "county_name": "Miller" }, "geometry": { "type": "Polygon", "coordinates": [ [ [ -84.917421, 31.25599 ], [ -84.537101, 31.255932 ], [ -84.542653, 31.079029 ], [ -84.922423, 31.07259 ], [ -84.917421, 31.25599 ] ] ] } },
{ "type": "Feature", "properties": { "fips": "37157", "state_fips": "37", "county_name": "Rockingham" }, "geometry": { "type": "Polygon", "coordinates": [ [ [ -80.0273389151412, 36.542495385614203 ], [ -79.513647662508603, 36.540748205070699 ], [ -79.53241, 36.241463 ], [ -80.035119, 36.257184 ], [ -80.0273389151412, 36.542495385614203 ] ] ] } },
{ "type": "Feature", "properties": { "fips": "12117", "state_fips": "12", "county_name": "Seminole" }, "geometry": { "type": "Polygon", "coordinates": [ [ [ -81.459524, 28.713264 ], [ -81.414682, 28.785564 ], [ -81.419555, 28.815181 ], [ -81.36694, 28.879227 ], [ -81.320473, 28.83453 ], [ -81.226003, 28.83263 ], [ -81.181433, 28.783277 ], [ -81.067829, 28.813325 ], [ -81.06111, 28.750001 ], [ -80.98725, 28.612997 ], [ -81.327888, 28.610501 ], [ -81.32848, 28.639628 ], [ -81.457962, 28.640197 ], [ -81.459524, 28.713264 ] ] ] } },
{ "type": "Feature", "properties": { "fips": "13003", "state_fips": "13", "county_name": "Atkinson" }, "geometry": { "type": "Polygon", "coordinates": [ [ [ -83.140483, 31.420395 ], [ -82.844093, 31.403328 ], [ -82.817544, 31.364486 ], [ -82.628975, 31.36393 ], [ -82.629622, 31.274726 ], [ -82.699206, 31.278104 ], [ -82.671669, 31.183739 ], [ -83.046885, 31.18368 ], [ -83.033468, 31.275041 ], [ -83.140483, 31.420395 ] ] ] } },
{ "type": "Feature", "properties": { "fips": "13023", "state_fips": "13", "county_name": "Bleckley" }, "geometry": { "type": "Polygon", "coordinates": [ [ [ -83.497923, 32.452198 ], [ -83.226536, 32.584201 ], [ -83.138991, 32.423069 ], [ -83.173252, 32.452533 ], [ -83.30475, 32.341958 ], [ -83.346528, 32.272489 ], [ -83.498039, 32.401715 ], [ -83.497923, 32.452198 ] ] ] } },
{ "type": "Feature", "properties": { "fips": "13113", "state_fips": "13", "county_name": "Fayette" }, "geometry": { "type": "Polygon", "coordinates": [ [ [ -84.60954, 33.502511 ], [ -84.556857, 33.528405 ], [ -84.4377, 33.547069 ], [ -84.381814, 33.463467 ], [ -84.388118, 33.352465 ], [ -84.432907, 33.2565 ], [ -84.497527, 33.257422 ], [ -84.528184, 33.326942 ], [ -84.618766, 33.409669 ], [ -84.60954, 33.502511 ] ] ] } },
{ "type": "Feature", "properties": { "fips": "37137", "state_fips": "37", "county_name": "Pamlico" }, "geometry": { "type": "Polygon", "coordinates": [ [ [ -76.987266, 35.15495 ], [ -76.895919, 35.253889 ], [ -76.845505, 35.216059 ], [ -76.632561, 35.235324 ], [ -76.590497, 35.361857 ], [ -76.454738, 35.334376 ], [ -76.304136, 35.201453 ], [ -76.780586, 34.950434 ], [ -76.953285, 35.021248 ], [ -76.940819, 35.119103 ], [ -76.987266, 35.15495 ] ] ] } },
{ "type": "Feature", "properties": { "fips": "37175", "state_fips": "37", "county_name": "Transylvania" }, "geometry": { "type": "Polygon", "coordinates": [ [ [ -83.056934, 35.053864 ], [ -82.983216, 35.13192 ], [ -82.920881, 35.292037 ], [ -82.83199, 35.318343 ], [ -82.745139, 35.422967 ], [ -82.619248, 35.303708 ], [ -82.5777151484413, 35.146475347847499 ], [ -82.68604, 35.124545 ], [ -82.746431, 35.079131 ], [ -82.783283, 35.0856 ], [ -83.008410592512405, 35.026934860816198 ], [ -83.056934, 35.053864 ] ] ] } },
{ "type": "Feature", "properties": { "fips": "37037", "state_fips": "37", "county_name": "Chatham" }, "geometry": { "type": "Polygon", "coordinates": [ [ [ -79.542428, 35.843303 ], [ -79.237295, 35.844247 ], [ -79.249538, 35.87681 ], [ -79.082036, 35.860776 ], [ -78.906071, 35.868096 ], [ -78.995048, 35.610166 ], [ -78.914732, 35.583682 ], [ -78.96964, 35.521669 ], [ -79.117096, 35.628164 ], [ -79.350073, 35.518002 ], [ -79.555804, 35.515039 ], [ -79.542428, 35.843303 ] ] ] } },
{ "type": "Feature", "properties": { "fips": "37147", "state_fips": "37", "county_name": "Pitt" }, "geometry": { "type": "Polygon", "coordinates": [ [ [ -77.665131, 35.674935 ], [ -77.390154, 35.833062 ], [ -77.2552, 35.786352 ], [ -77.174, 35.732831 ], [ -77.172766, 35.6391 ], [ -77.08472, 35.55275 ], [ -77.17621, 35.5191 ], [ -77.189115, 35.418362 ], [ -77.247896, 35.354415 ], [ -77.29434, 35.379137 ], [ -77.391026, 35.339533 ], [ -77.426191, 35.349524 ], [ -77.475515, 35.426655 ], [ -77.503408, 35.517975 ], [ -77.61037, 35.567552 ], [ -77.700692, 35.652295 ], [ -77.665131, 35.674935 ] ] ] } },
{ "type": "Feature", "properties": { "fips": "37151", "state_fips": "37", "county_name": "Randolph" }, "geometry": { "type": "Polygon", "coordinates": [ [ [ -80.046869, 35.920693 ], [ -79.541728, 35.899851 ], [ -79.555804, 35.515039 ], [ -80.066842, 35.505661 ], [ -80.046869, 35.920693 ] ] ] } },
{ "type": "Feature", "properties": { "fips": "37069", "state_fips": "37", "county_name": "Franklin" }, "geometry": { "type": "Polygon", "coordinates": [ [ [ -78.544812, 36.080846 ], [ -78.496614, 36.175199 ], [ -78.42188, 36.164309 ], [ -78.37814, 36.235065 ], [ -78.306965, 36.266191 ], [ -78.133399, 36.246383 ], [ -78.108277, 36.209876 ], [ -78.006551, 36.202633 ], [ -78.255973, 35.81812 ], [ -78.307409, 35.896738 ], [ -78.546414, 36.021826 ], [ -78.544812, 36.080846 ] ] ] } },
{ "type": "Feature", "properties": { "fips": "45011", "state_fips": "45", "county_name": "Barnwell" }, "geometry": { "type": "Polygon", "coordinates": [ [ [ -81.762505982795801, 33.197265888297302 ], [ -81.372931, 33.490417 ], [ -81.296962, 33.479957 ], [ -81.222673, 33.44 ], [ -81.227804, 33.160697 ], [ -81.193099, 33.118668 ], [ -81.364857, 33.108061 ], [ -81.541881, 33.158279 ], [ -81.615955710789095, 33.089338539364 ], [ -81.755135, 33.15155 ], [ -81.762505982795801, 33.197265888297302 ] ] ] } },
{ "type": "Feature", "properties": { "fips": "45039", "state_fips": "45", "county_name": "Fairfield" }, "geometry": { "type": "Polygon", "coordinates": [ [ [ -81.427545, 34.529482 ], [ -81.422706, 34.572029 ], [ -80.877491, 34.543146 ], [ -80.898722, 34.486694 ], [ -80.769926, 34.377111 ], [ -80.825921, 34.26876 ], [ -81.095863, 34.213872 ], [ -81.181196, 34.220285 ], [ -81.178293, 34.174552 ], [ -81.316911, 34.239458 ], [ -81.342297, 34.266928 ], [ -81.427545, 34.529482 ] ] ] } },
{ "type": "Feature", "properties": { "fips": "13001", "state_fips": "13", "county_name": "Appling" }, "geometry": { "type": "Polygon", "coordinates": [ [ [ -82.550714, 31.736334 ], [ -82.520251, 31.838388 ], [ -82.431362, 31.837993 ], [ -82.431531, 31.966182 ], [ -82.407245, 31.949488 ], [ -82.111818, 31.900487 ], [ -82.048582, 31.827075 ], [ -82.085899, 31.823256 ], [ -82.133013, 31.773404 ], [ -82.132794, 31.471262 ], [ -82.156101, 31.471631 ], [ -82.550714, 31.736334 ] ] ] } },
{ "type": "Feature", "properties": { "fips": "13237", "state_fips": "13", "county_name": "Putnam" }, "geometry": { "type": "Polygon", "coordinates": [ [ [ -83.533736, 33.434472 ], [ -83.279931, 33.483438 ], [ -83.224564, 33.380423 ], [ -83.164207, 33.35503 ], [ -83.145856, 33.310045 ], [ -83.253461, 33.25929 ], [ -83.274108, 33.187238 ], [ -83.363543, 33.168998 ], [ -83.42909, 33.185352 ], [ -83.545876, 33.171944 ], [ -83.533736, 33.434472 ] ] ] } },
{ "type": "Feature", "properties": { "fips": "13165", "state_fips": "13", "county_name": "Jenkins" }, "geometry": { "type": "Polygon", "coordinates": [ [ [ -82.144977, 32.812741 ], [ -82.081349, 32.916762 ], [ -81.857985, 32.953882 ], [ -81.767553, 32.909411 ], [ -81.868663, 32.673127 ], [ -81.841005, 32.649093 ], [ -82.001236, 32.60691 ], [ -82.082871, 32.663324 ], [ -82.144977, 32.812741 ] ] ] } },
{ "type": "Feature", "properties": { "fips": "13255", "state_fips": "13", "county_name": "Spalding" }, "geometry": { "type": "Polygon", "coordinates": [ [ [ -84.497527, 33.257422 ], [ -84.432907, 33.2565 ], [ -84.388118, 33.352465 ], [ -84.150581, 33.335639 ], [ -84.088991, 33.285646 ], [ -84.123981, 33.17862 ], [ -84.451336, 33.208889 ], [ -84.496783, 33.183866 ], [ -84.497527, 33.257422 ] ] ] } },
{ "type": "Feature", "properties": { "fips": "13005", "state_fips": "13", "county_name": "Bacon" }, "geometry": { "type": "Polygon", "coordinates": [ [ [ -82.627342, 31.672672 ], [ -82.521393, 31.672512 ], [ -82.52142, 31.710796 ], [ -82.495384, 31.709631 ], [ -82.226585, 31.530699 ], [ -82.300422, 31.493175 ], [ -82.344843, 31.43013 ], [ -82.48146, 31.417534 ], [ -82.494718, 31.46869 ], [ -82.597509, 31.469293 ], [ -82.628273, 31.558329 ], [ -82.627342, 31.672672 ] ] ] } },
{ "type": "Feature", "properties": { "fips": "13085", "state_fips": "13", "county_name": "Dawson" }, "geometry": { "type": "Polygon", "coordinates": [ [ [ -84.336639, 34.578945 ], [ -84.255112, 34.568333 ], [ -84.196754, 34.617924 ], [ -84.19104, 34.539181 ], [ -84.102037, 34.464544 ], [ -83.980649, 34.418389 ], [ -83.981433, 34.357829 ], [ -83.957077, 34.334011 ], [ -84.258075, 34.335156 ], [ -84.256867, 34.467327 ], [ -84.319679, 34.467857 ], [ -84.345553, 34.562735 ], [ -84.336639, 34.578945 ] ] ] } },
{ "type": "Feature", "properties": { "fips": "13043", "state_fips": "13", "county_name": "Candler" }, "geometry": { "type": "Polygon", "coordinates": [ [ [ -82.254526, 32.351498 ], [ -82.148338, 32.520429 ], [ -82.079842, 32.560063 ], [ -82.030233, 32.53877 ], [ -81.918671, 32.41541 ], [ -81.969069, 32.268783 ], [ -82.232788, 32.318838 ], [ -82.254526, 32.351498 ] ] ] } },
{ "type": "Feature", "properties": { "fips": "13051", "state_fips": "13", "county_name": "Chatham" }, "geometry": { "type": "Polygon", "coordinates": [ [ [ -81.391698, 32.095886 ], [ -81.195355, 32.237495 ], [ -81.147595170455403, 32.227169446597102 ], [ -81.119361, 32.177142 ], [ -81.113334, 32.113205 ], [ -81.038265, 32.084469 ], [ -81.006745, 32.101152 ], [ -80.943226, 32.057824 ], [ -80.84313, 32.024226 ], [ -80.848441, 31.988279 ], [ -81.000317, 31.856744 ], [ -81.077057, 31.761256 ], [ -81.135298590200506, 31.710564597966101 ], [ -81.154731, 31.71307 ], [ -81.177027, 31.816113 ], [ -81.138429, 31.855717 ], [ -81.290323, 31.978821 ], [ -81.391698, 32.095886 ] ] ] } },
{ "type": "Feature", "properties": { "fips": "13119", "state_fips": "13", "county_name": "Franklin" }, "geometry": { "type": "Polygon", "coordinates": [ [ [ -83.398049, 34.460998 ], [ -83.177838, 34.477017 ], [ -83.102873826035704, 34.537430909765398 ], [ -83.0505729641024, 34.495053652169098 ], [ -83.094093, 34.416073 ], [ -83.11336, 34.27353 ], [ -83.172745, 34.238522 ], [ -83.313591, 34.259144 ], [ -83.355269, 34.22374 ], [ -83.33791, 34.260867 ], [ -83.393915, 34.324801 ], [ -83.398049, 34.460998 ] ] ] } },
{ "type": "Feature", "properties": { "fips": "12049", "state_fips": "12", "county_name": "Hardee" }, "geometry": { "type": "Polygon", "coordinates": [ [ [ -82.054349, 27.646382 ], [ -81.563533, 27.646645 ], [ -81.564062, 27.340641 ], [ -82.055753, 27.338264 ], [ -82.054349, 27.646382 ] ] ] } },
{ "type": "Feature", "properties": { "fips": "13147", "state_fips": "13", "county_name": "Hart" }, "geometry": { "type": "Polygon", "coordinates": [ [ [ -83.094093, 34.416073 ], [ -83.0505729641024, 34.495053652169098 ], [ -82.99509, 34.472483 ], [ -82.873831, 34.471508 ], [ -82.774628731012101, 34.288366818254701 ], [ -82.980018, 34.210066 ], [ -83.078004, 34.223606 ], [ -83.11336, 34.27353 ], [ -83.094093, 34.416073 ] ] ] } },
{ "type": "Feature", "properties": { "fips": "13199", "state_fips": "13", "county_name": "Meriwether" }, "geometry": { "type": "Polygon", "coordinates": [ [ [ -84.862359, 33.191173 ], [ -84.85236, 33.22359 ], [ -84.502352, 33.221055 ], [ -84.496783, 33.183866 ], [ -84.536991, 33.03673 ], [ -84.526902, 32.914098 ], [ -84.506888, 32.881788 ], [ -84.570669, 32.845179 ], [ -84.700538, 32.84464 ], [ -84.751338, 32.8692 ], [ -84.861768, 32.872495 ], [ -84.862359, 33.191173 ] ] ] } },
{ "type": "Feature", "properties": { "fips": "37133", "state_fips": "37", "county_name": "Onslow" }, "geometry": { "type": "Polygon", "coordinates": [ [ [ -77.653352, 34.940535 ], [ -77.674805, 34.9739 ], [ -77.502771, 34.969635 ], [ -77.366768, 34.90865 ], [ -77.267647, 34.92579 ], [ -77.096073, 34.67124 ], [ -77.112964393076794, 34.6380928323915 ], [ -77.240991, 34.587507 ], [ -77.515216544584803, 34.437384969426603 ], [ -77.576165, 34.476607 ], [ -77.680127, 34.720595 ], [ -77.653352, 34.940535 ] ] ] } },
{ "type": "Feature", "properties": { "fips": "12121", "state_fips": "12", "county_name": "Suwannee" }, "geometry": { "type": "Polygon", "coordinates": [ [ [ -83.247253, 30.26067 ], [ -83.192343, 30.374846 ], [ -83.082017, 30.442865 ], [ -83.002058, 30.429371 ], [ -82.794594, 30.337024 ], [ -82.793975, 29.986202 ], [ -82.761519, 29.965517 ], [ -82.800477, 29.932126 ], [ -82.863266, 29.91105 ], [ -82.879802, 29.886847 ], [ -82.963112, 29.99305 ], [ -83.160557, 30.109823 ], [ -83.225659, 30.113321 ], [ -83.247253, 30.26067 ] ] ] } },
{ "type": "Feature", "properties": { "fips": "13229", "state_fips": "13", "county_name": "Pierce" }, "geometry": { "type": "Polygon", "coordinates": [ [ [ -82.417246, 31.417119 ], [ -82.344843, 31.43013 ], [ -82.300422, 31.493175 ], [ -82.226585, 31.530699 ], [ -82.156101, 31.471631 ], [ -82.063387, 31.466362 ], [ -82.041129, 31.373721 ], [ -81.997421, 31.288534 ], [ -82.114822, 31.270355 ], [ -82.193031, 31.20212 ], [ -82.31504, 31.225958 ], [ -82.383705, 31.291143 ], [ -82.417246, 31.417119 ] ] ] } },
{ "type": "Feature", "properties": { "fips": "37061", "state_fips": "37", "county_name": "Duplin" }, "geometry": { "type": "Polygon", "coordinates": [ [ [ -78.147129, 34.902506 ], [ -78.16342, 35.189716 ], [ -78.058627, 35.185066 ], [ -77.892199, 35.146315 ], [ -77.834249, 35.177846 ], [ -77.769177, 35.145576 ], [ -77.746354, 35.030096 ], [ -77.653352, 34.940535 ], [ -77.680127, 34.720595 ], [ -77.981195, 34.713983 ], [ -78.198642, 34.741637 ], [ -78.147129, 34.902506 ] ] ] } },
{ "type": "Feature", "properties": { "fips": "37127", "state_fips": "37", "county_name": "Nash" }, "geometry": { "type": "Polygon", "coordinates": [ [ [ -78.255973, 35.81812 ], [ -78.006551, 36.202633 ], [ -77.8864, 36.143994 ], [ -77.720742, 36.133884 ], [ -77.697956, 36.15315 ], [ -77.844737, 35.837618 ], [ -78.192117, 35.730545 ], [ -78.23251, 35.751256 ], [ -78.255973, 35.81812 ] ] ] } },
{ "type": "Feature", "properties": { "fips": "13211", "state_fips": "13", "county_name": "Morgan" }, "geometry": { "type": "Polygon", "coordinates": [ [ [ -83.677717, 33.571834 ], [ -83.680896, 33.596919 ], [ -83.505928, 33.81776 ], [ -83.483177, 33.805576 ], [ -83.34687, 33.600498 ], [ -83.269213, 33.533226 ], [ -83.279931, 33.483438 ], [ -83.533736, 33.434472 ], [ -83.682196, 33.52622 ], [ -83.677717, 33.571834 ] ] ] } },
{ "type": "Feature", "properties": { "fips": "13197", "state_fips": "13", "county_name": "Marion" }, "geometry": { "type": "Polygon", "coordinates": [ [ [ -84.657325, 32.49494 ], [ -84.637323, 32.534855 ], [ -84.586101, 32.52265 ], [ -84.444353, 32.562083 ], [ -84.453154, 32.534336 ], [ -84.392316, 32.414046 ], [ -84.431214, 32.134058 ], [ -84.527117, 32.134556 ], [ -84.65892, 32.232852 ], [ -84.657325, 32.49494 ] ] ] } },
{ "type": "Feature", "properties": { "fips": "37113", "state_fips": "37", "county_name": "Macon" }, "geometry": { "type": "Polygon", "coordinates": [ [ [ -83.690212, 35.237942 ], [ -83.702772, 35.24852 ], [ -83.680114, 35.2795 ], [ -83.339609, 35.330993 ], [ -83.276955, 35.228045 ], [ -83.224672, 35.238726 ], [ -83.223796, 35.157386 ], [ -83.143257, 35.077927 ], [ -83.108399912205002, 35.000713045732802 ], [ -83.482873204290698, 34.990873961286802 ], [ -83.659824, 35.160304 ], [ -83.738129, 35.15595 ], [ -83.690212, 35.237942 ] ] ] } },
{ "type": "Feature", "properties": { "fips": "13053", "state_fips": "13", "county_name": "Chattahoochee" }, "geometry": { "type": "Polygon", "coordinates": [ [ [ -84.983466, 32.363186 ], [ -84.981150294133698, 32.379040076681797 ], [ -84.768407, 32.420591 ], [ -84.69451, 32.518732 ], [ -84.637323, 32.534855 ], [ -84.657325, 32.49494 ], [ -84.65892, 32.232852 ], [ -84.919942147925894, 32.230848200933302 ], [ -84.891841, 32.263398 ], [ -85.008096, 32.336677 ], [ -84.983466, 32.363186 ] ] ] } },
{ "type": "Feature", "properties": { "fips": "37117", "state_fips": "37", "county_name": "Martin" }, "geometry": { "type": "Polygon", "coordinates": [ [ [ -77.402614, 36.004966 ], [ -77.327569, 36.071361 ], [ -77.205817, 36.005323 ], [ -77.185816, 35.930874 ], [ -77.027544, 35.929683 ], [ -77.044053, 35.861466 ], [ -76.93904, 35.90151 ], [ -76.894022, 35.861937 ], [ -76.895486, 35.813155 ], [ -76.834825, 35.88291 ], [ -76.760598, 35.864887 ], [ -76.777404, 35.857839 ], [ -76.847264, 35.719982 ], [ -76.985842, 35.658848 ], [ -77.350369, 35.819228 ], [ -77.342418, 35.905262 ], [ -77.402614, 36.004966 ] ] ] } },
{ "type": "Feature", "properties": { "fips": "13143", "state_fips": "13", "county_name": "Haralson" }, "geometry": { "type": "Polygon", "coordinates": [ [ [ -85.386670573772804, 33.901701494003298 ], [ -85.05031, 33.904488 ], [ -85.036809, 33.896067 ], [ -85.050889, 33.714632 ], [ -85.289742, 33.652087 ], [ -85.338116299905906, 33.653114391601399 ], [ -85.386670573772804, 33.901701494003298 ] ] ] } },
{ "type": "Feature", "properties": { "fips": "13177", "state_fips": "13", "county_name": "Lee" }, "geometry": { "type": "Polygon", "coordinates": [ [ [ -84.338143, 31.91619 ], [ -83.922494, 31.909653 ], [ -83.939437, 31.847929 ], [ -84.008445, 31.801645 ], [ -84.018404, 31.650274 ], [ -84.043213, 31.623573 ], [ -84.297801, 31.621951 ], [ -84.286456, 31.791182 ], [ -84.259611, 31.827865 ], [ -84.338245, 31.873591 ], [ -84.338143, 31.91619 ] ] ] } },
{ "type": "Feature", "properties": { "fips": "12091", "state_fips": "12", "county_name": "Okaloosa" }, "geometry": { "type": "Polygon", "coordinates": [ [ [ -86.785691976005893, 30.996982993516799 ], [ -86.388644662000402, 30.994528215275199 ], [ -86.3973810669074, 30.377495563699899 ], [ -86.632953, 30.396299 ], [ -86.799559276200299, 30.384563878226398 ], [ -86.785691976005893, 30.996982993516799 ] ] ] } },
{ "type": "Feature", "properties": { "fips": "13007", "state_fips": "13", "county_name": "Baker" }, "geometry": { "type": "Polygon", "coordinates": [ [ [ -84.627579, 31.332117 ], [ -84.637579, 31.433926 ], [ -84.447875, 31.454743 ], [ -84.429876, 31.436661 ], [ -84.141124, 31.440179 ], [ -84.20066, 31.355525 ], [ -84.340552, 31.305341 ], [ -84.40435, 31.199143 ], [ -84.471001, 31.167981 ], [ -84.508078, 31.0784 ], [ -84.542653, 31.079029 ], [ -84.537101, 31.255932 ], [ -84.641673, 31.258967 ], [ -84.627579, 31.332117 ] ] ] } },
{ "type": "Feature", "properties": { "fips": "12119", "state_fips": "12", "county_name": "Sumter" }, "geometry": { "type": "Polygon", "coordinates": [ [ [ -82.311266, 28.960399 ], [ -81.95419, 28.960053 ], [ -81.957805, 28.308888 ], [ -82.055819, 28.312794 ], [ -82.054469, 28.521367 ], [ -82.208184, 28.572054 ], [ -82.274823, 28.656198 ], [ -82.169141, 28.792954 ], [ -82.311266, 28.960399 ] ] ] } },
{ "type": "Feature", "properties": { "fips": "12005", "state_fips": "12", "county_name": "Bay" }, "geometry": { "type": "Polygon", "coordinates": [ [ [ -85.992736, 30.38932 ], [ -85.8535, 30.440623 ], [ -85.487968, 30.436655 ], [ -85.486358, 30.567574 ], [ -85.383948, 30.566856 ], [ -85.389160892838802, 29.924059309219 ], [ -85.425956, 29.949888 ], [ -85.487764, 29.961227 ], [ -85.601178, 30.056342 ], [ -85.995943157513395, 30.268823267328401 ], [ -85.992736, 30.38932 ] ] ] } },
{ "type": "Feature", "properties": { "fips": "13191", "state_fips": "13", "county_name": "McIntosh" }, "geometry": { "type": "Polygon", "coordinates": [ [ [ -81.663206, 31.538667 ], [ -81.566009, 31.576467 ], [ -81.491798, 31.699575 ], [ -81.43576, 31.642055 ], [ -81.314548, 31.659382 ], [ -81.22222, 31.63042 ], [ -81.174832636590594, 31.539596449494798 ], [ -81.279338, 31.351127 ], [ -81.264377948088395, 31.294599064745501 ], [ -81.481696, 31.336088 ], [ -81.62429, 31.452982 ], [ -81.612054, 31.469405 ], [ -81.663206, 31.538667 ] ] ] } },
{ "type": "Feature", "properties": { "fips": "13285", "state_fips": "13", "county_name": "Troup" }, "geometry": { "type": "Polygon", "coordinates": [ [ [ -85.236595371252804, 33.129544028250699 ], [ -85.117402, 33.163654 ], [ -85.10798, 33.195098 ], [ -84.862135, 33.223858 ], [ -84.861768, 32.872495 ], [ -85.186117401789204, 32.870138269971598 ], [ -85.236595371252804, 33.129544028250699 ] ] ] } },
{ "type": "Feature", "properties": { "fips": "37125", "state_fips": "37", "county_name": "Moore" }, "geometry": { "type": "Polygon", "coordinates": [ [ [ -79.767957, 35.511484 ], [ -79.350073, 35.518002 ], [ -79.359765, 35.469675 ], [ -79.273565, 35.353369 ], [ -79.183556, 35.307161 ], [ -79.223021, 35.268133 ], [ -79.095808, 35.192068 ], [ -79.097551, 35.174233 ], [ -79.246383, 35.212964 ], [ -79.335477, 35.161588 ], [ -79.458751, 35.043639 ], [ -79.575931, 35.069904 ], [ -79.614304, 35.163679 ], [ -79.70268, 35.255907 ], [ -79.767957, 35.511484 ] ] ] } },
{ "type": "Feature", "properties": { "fips": "37159", "state_fips": "37", "county_name": "Rowan" }, "geometry": { "type": "Polygon", "coordinates": [ [ [ -80.771582, 35.672163 ], [ -80.707824, 35.852961 ], [ -80.691794, 35.863497 ], [ -80.483362, 35.776311 ], [ -80.458923, 35.742758 ], [ -80.333789, 35.720033 ], [ -80.333317, 35.683563 ], [ -80.20899, 35.581495 ], [ -80.183264, 35.504141 ], [ -80.737249, 35.505801 ], [ -80.771582, 35.672163 ] ] ] } },
{ "type": "Feature", "properties": { "fips": "13157", "state_fips": "13", "county_name": "Jackson" }, "geometry": { "type": "Polygon", "coordinates": [ [ [ -83.817682, 34.127493 ], [ -83.619918, 34.29538 ], [ -83.561521, 34.252712 ], [ -83.479238, 34.26071 ], [ -83.402428, 34.197499 ], [ -83.357051, 34.116199 ], [ -83.386763, 34.050241 ], [ -83.359495, 34.040288 ], [ -83.503054, 33.999577 ], [ -83.537385, 33.965912 ], [ -83.563215, 34.031757 ], [ -83.767532, 34.066448 ], [ -83.817682, 34.127493 ] ] ] } },
{ "type": "Feature", "properties": { "fips": "13283", "state_fips": "13", "county_name": "Treutlen" }, "geometry": { "type": "Polygon", "coordinates": [ [ [ -82.748732, 32.32915 ], [ -82.647733, 32.512507 ], [ -82.488941, 32.49183 ], [ -82.38194, 32.440596 ], [ -82.40913, 32.353738 ], [ -82.649104, 32.311496 ], [ -82.67377, 32.293595 ], [ -82.748732, 32.32915 ] ] ] } },
{ "type": "Feature", "properties": { "fips": "13209", "state_fips": "13", "county_name": "Montgomery" }, "geometry": { "type": "Polygon", "coordinates": [ [ [ -82.649104, 32.311496 ], [ -82.40913, 32.353738 ], [ -82.438987, 32.29318 ], [ -82.480224, 31.954961 ], [ -82.543655, 31.958914 ], [ -82.597671, 32.013979 ], [ -82.649104, 32.311496 ] ] ] } },
{ "type": "Feature", "properties": { "fips": "13253", "state_fips": "13", "county_name": "Seminole" }, "geometry": { "type": "Polygon", "coordinates": [ [ [ -85.021107562362801, 31.075463872306401 ], [ -84.730855, 31.06919 ], [ -84.78682, 30.801489 ], [ -84.863463844382494, 30.711497014654402 ], [ -84.91815, 30.772082 ], [ -84.935698, 30.878703 ], [ -85.006062, 30.977039 ], [ -85.021107562362801, 31.075463872306401 ] ] ] } },
{ "type": "Feature", "properties": { "fips": "13081", "state_fips": "13", "county_name": "Crisp" }, "geometry": { "type": "Polygon", "coordinates": [ [ [ -83.961278, 32.030595 ], [ -83.609663, 32.027938 ], [ -83.612642, 31.804128 ], [ -83.802723, 31.803579 ], [ -83.845481, 31.831555 ], [ -83.939437, 31.847929 ], [ -83.920102, 31.927242 ], [ -83.961278, 32.030595 ] ] ] } },
{ "type": "Feature", "properties": { "fips": "13045", "state_fips": "13", "county_name": "Carroll" }, "geometry": { "type": "Polygon", "coordinates": [ [ [ -85.338116299905906, 33.653114391601399 ], [ -85.289742, 33.652087 ], [ -85.050889, 33.714632 ], [ -85.037926, 33.811942 ], [ -84.971203, 33.799617 ], [ -84.901688, 33.780703 ], [ -84.905788, 33.573378 ], [ -84.808934, 33.574085 ], [ -84.815869, 33.520249 ], [ -84.850713, 33.511457 ], [ -84.935378, 33.437421 ], [ -85.2943468643453, 33.427993146364599 ], [ -85.338116299905906, 33.653114391601399 ] ] ] } },
{ "type": "Feature", "properties": { "fips": "13171", "state_fips": "13", "county_name": "Lamar" }, "geometry": { "type": "Polygon", "coordinates": [ [ [ -84.269169, 33.031438 ], [ -84.248659, 33.03933 ], [ -84.248185, 33.189019 ], [ -84.123981, 33.17862 ], [ -84.123767, 33.202824 ], [ -84.041498, 33.202629 ], [ -84.054175, 32.931497 ], [ -84.12334, 32.932184 ], [ -84.122361, 32.989576 ], [ -84.27014, 32.991011 ], [ -84.269169, 33.031438 ] ] ] } },
{ "type": "Feature", "properties": { "fips": "13173", "state_fips": "13", "county_name": "Lanier" }, "geometry": { "type": "Polygon", "coordinates": [ [ [ -83.197971, 31.025405 ], [ -83.165072, 31.147198 ], [ -83.036369, 31.151038 ], [ -83.046885, 31.18368 ], [ -82.971247, 31.183988 ], [ -82.971336, 30.869392 ], [ -83.019419, 30.849453 ], [ -83.042924, 30.947296 ], [ -83.179465, 30.950128 ], [ -83.197971, 31.025405 ] ] ] } },
{ "type": "Feature", "properties": { "fips": "13075", "state_fips": "13", "county_name": "Cook" }, "geometry": { "type": "Polygon", "coordinates": [ [ [ -83.574857, 31.078135 ], [ -83.509961, 31.205972 ], [ -83.512607, 31.327405 ], [ -83.460644, 31.326263 ], [ -83.434492, 31.350361 ], [ -83.335949, 31.244579 ], [ -83.320471, 31.097962 ], [ -83.279781, 31.063351 ], [ -83.295052, 31.027278 ], [ -83.475617, 31.031964 ], [ -83.551628, 31.054329 ], [ -83.574857, 31.078135 ] ] ] } },
{ "type": "Feature", "properties": { "fips": "37021", "state_fips": "37", "county_name": "Buncombe" }, "geometry": { "type": "Polygon", "coordinates": [ [ [ -82.883909, 35.678235 ], [ -82.805207, 35.686067 ], [ -82.513161, 35.80338 ], [ -82.361834, 35.82107 ], [ -82.275399, 35.704438 ], [ -82.291026, 35.591322 ], [ -82.169049, 35.527811 ], [ -82.233203, 35.519402 ], [ -82.265795, 35.467818 ], [ -82.332822, 35.50022 ], [ -82.368499, 35.460616 ], [ -82.570608, 35.431045 ], [ -82.673343, 35.459453 ], [ -82.745139, 35.422967 ], [ -82.798174, 35.469805 ], [ -82.77055, 35.575932 ], [ -82.84609, 35.614309 ], [ -82.883909, 35.678235 ] ] ] } },
{ "type": "Feature", "properties": { "fips": "12055", "state_fips": "12", "county_name": "Highlands" }, "geometry": { "type": "Polygon", "coordinates": [ [ [ -81.563533, 27.646645 ], [ -81.142164, 27.643238 ], [ -81.140472, 27.601302 ], [ -81.214284, 27.528709 ], [ -81.09845, 27.379108 ], [ -81.034429, 27.35916 ], [ -80.971144, 27.217787 ], [ -80.940676, 27.205939 ], [ -81.169138, 27.209585 ], [ -81.168281, 27.121734 ], [ -81.267677, 27.121097 ], [ -81.267216, 27.032474 ], [ -81.562531, 27.033687 ], [ -81.563533, 27.646645 ] ] ] } },
{ "type": "Feature", "properties": { "fips": "37169", "state_fips": "37", "county_name": "Stokes" }, "geometry": { "type": "Polygon", "coordinates": [ [ [ -80.4403427430004, 36.550605956915902 ], [ -80.0273389151412, 36.542495385614203 ], [ -80.035119, 36.257184 ], [ -80.451925, 36.261515 ], [ -80.4403427430004, 36.550605956915902 ] ] ] } },
{ "type": "Feature", "properties": { "fips": "37145", "state_fips": "37", "county_name": "Person" }, "geometry": { "type": "Polygon", "coordinates": [ [ [ -79.143161, 36.447067 ], [ -79.138335898871404, 36.541638270055898 ], [ -78.796273955140506, 36.541759493581601 ], [ -78.802335, 36.235794 ], [ -79.153997, 36.241875 ], [ -79.143161, 36.447067 ] ] ] } },
{ "type": "Feature", "properties": { "fips": "37197", "state_fips": "37", "county_name": "Yadkin" }, "geometry": { "type": "Polygon", "coordinates": [ [ [ -80.873205, 36.236305 ], [ -80.624245, 36.286822 ], [ -80.547885, 36.285419 ], [ -80.452656, 36.241651 ], [ -80.432241, 36.217995 ], [ -80.439104, 36.139949 ], [ -80.505532, 36.109155 ], [ -80.496283, 36.046545 ], [ -80.881591, 36.055718 ], [ -80.873205, 36.236305 ] ] ] } },
{ "type": "Feature", "properties": { "fips": "13047", "state_fips": "13", "county_name": "Catoosa" }, "geometry": { "type": "Polygon", "coordinates": [ [ [ -85.265055021715796, 34.9850776447417 ], [ -85.045183, 34.986883 ], [ -84.979854025231504, 34.987205613975597 ], [ -85.061648, 34.819478 ], [ -85.144789, 34.767639 ], [ -85.201856, 34.77508 ], [ -85.20218, 34.854451 ], [ -85.264762, 34.854277 ], [ -85.265055021715796, 34.9850776447417 ] ] ] } },
{ "type": "Feature", "properties": { "fips": "12019", "state_fips": "12", "county_name": "Clay" }, "geometry": { "type": "Polygon", "coordinates": [ [ [ -82.049411, 30.186933 ], [ -81.679626, 30.190495 ], [ -81.689413, 30.031234 ], [ -81.60099, 29.956017 ], [ -81.581207, 29.840176 ], [ -81.81243, 29.83649 ], [ -81.90926, 29.79356 ], [ -81.939427, 29.747497 ], [ -82.049244, 29.71867 ], [ -82.049411, 30.186933 ] ] ] } },
{ "type": "Feature", "properties": { "fips": "45087", "state_fips": "45", "county_name": "Union" }, "geometry": { "type": "Polygon", "coordinates": [ [ [ -81.782791, 34.837211 ], [ -81.714094, 34.912865 ], [ -81.481945, 34.866495 ], [ -81.457257, 34.83928 ], [ -81.478454, 34.821509 ], [ -81.488275, 34.733038 ], [ -81.415894, 34.633589 ], [ -81.423241, 34.494379 ], [ -81.541005, 34.445034 ], [ -81.67776, 34.558115 ], [ -81.851865, 34.594775 ], [ -81.782791, 34.837211 ] ] ] } },
{ "type": "Feature", "properties": { "fips": "13261", "state_fips": "13", "county_name": "Sumter" }, "geometry": { "type": "Polygon", "coordinates": [ [ [ -84.433014, 32.04196 ], [ -84.430218, 32.166257 ], [ -84.183569, 32.158493 ], [ -84.181657, 32.229703 ], [ -84.134455, 32.185761 ], [ -84.0276, 32.171165 ], [ -84.033494, 32.153078 ], [ -83.961278, 32.030595 ], [ -83.922494, 31.909653 ], [ -84.338143, 31.91619 ], [ -84.338245, 31.873591 ], [ -84.443807, 31.967456 ], [ -84.433014, 32.04196 ] ] ] } },
{ "type": "Feature", "properties": { "fips": "13189", "state_fips": "13", "county_name": "McDuffie" }, "geometry": { "type": "Polygon", "coordinates": [ [ [ -82.649705, 33.608768 ], [ -82.507223, 33.659994 ], [ -82.479518, 33.639535 ], [ -82.425328, 33.650629 ], [ -82.437081, 33.550538 ], [ -82.294179, 33.354635 ], [ -82.353498, 33.312318 ], [ -82.548074, 33.352798 ], [ -82.649705, 33.608768 ] ] ] } },
{ "type": "Feature", "properties": { "fips": "13309", "state_fips": "13", "county_name": "Wheeler" }, "geometry": { "type": "Polygon", "coordinates": [ [ [ -82.927865, 32.135274 ], [ -82.874864, 32.180024 ], [ -82.884803, 32.196072 ], [ -82.755158, 32.26969 ], [ -82.721964, 32.309283 ], [ -82.644309, 32.294193 ], [ -82.597671, 32.013979 ], [ -82.543655, 31.958914 ], [ -82.645659, 31.918883 ], [ -82.720733, 32.000736 ], [ -82.887657, 32.079891 ], [ -82.927865, 32.135274 ] ] ] } },
{ "type": "Feature", "properties": { "fips": "45063", "state_fips": "45", "county_name": "Lexington" }, "geometry": { "type": "Polygon", "coordinates": [ [ [ -81.471972, 34.076552 ], [ -81.394124, 34.071488 ], [ -81.437172, 34.129963 ], [ -81.338961, 34.197587 ], [ -81.275845, 34.097381 ], [ -81.139282, 34.068341 ], [ -81.05211, 33.997616 ], [ -81.01233, 33.88008 ], [ -81.058521, 33.747053 ], [ -81.014003, 33.781241 ], [ -80.924968, 33.756803 ], [ -81.187271, 33.652937 ], [ -81.417939, 33.734443 ], [ -81.571487, 33.877318 ], [ -81.471972, 34.076552 ] ] ] } },
{ "type": "Feature", "properties": { "fips": "13187", "state_fips": "13", "county_name": "Lumpkin" }, "geometry": { "type": "Polygon", "coordinates": [ [ [ -84.188557, 34.602692 ], [ -84.158035, 34.648243 ], [ -84.03651, 34.641934 ], [ -83.939007, 34.740859 ], [ -83.856506, 34.722191 ], [ -83.876152, 34.620518 ], [ -83.843405, 34.505494 ], [ -83.931886, 34.469345 ], [ -83.980649, 34.418389 ], [ -84.102037, 34.464544 ], [ -84.19104, 34.539181 ], [ -84.188557, 34.602692 ] ] ] } },
{ "type": "Feature", "properties": { "fips": "13057", "state_fips": "13", "county_name": "Cherokee" }, "geometry": { "type": "Polygon", "coordinates": [ [ [ -84.644293, 34.355168 ], [ -84.653232, 34.41259 ], [ -84.58283, 34.412191 ], [ -84.58263, 34.381492 ], [ -84.257586, 34.380992 ], [ -84.259019, 34.185918 ], [ -84.352302, 34.176717 ], [ -84.418927, 34.073298 ], [ -84.659241, 34.07824 ], [ -84.644293, 34.355168 ] ] ] } },
{ "type": "Feature", "properties": { "fips": "37025", "state_fips": "37", "county_name": "Cabarrus" }, "geometry": { "type": "Polygon", "coordinates": [ [ [ -80.784167, 35.506017 ], [ -80.521818, 35.502253 ], [ -80.295421, 35.50292 ], [ -80.504985, 35.184998 ], [ -80.627934, 35.248669 ], [ -80.693061, 35.346379 ], [ -80.766414, 35.401478 ], [ -80.784167, 35.506017 ] ] ] } },
{ "type": "Feature", "properties": { "fips": "13297", "state_fips": "13", "county_name": "Walton" }, "geometry": { "type": "Polygon", "coordinates": [ [ [ -83.982033, 33.786054 ], [ -83.799104, 33.929844 ], [ -83.760869, 33.894573 ], [ -83.647031, 33.906198 ], [ -83.533165, 33.820923 ], [ -83.505928, 33.81776 ], [ -83.680896, 33.596919 ], [ -83.691551, 33.616989 ], [ -83.982033, 33.786054 ] ] ] } },
{ "type": "Feature", "properties": { "fips": "37081", "state_fips": "37", "county_name": "Guilford" }, "geometry": { "type": "Polygon", "coordinates": [ [ [ -80.046639, 35.930575 ], [ -80.035119, 36.257184 ], [ -79.53241, 36.241463 ], [ -79.541728, 35.899851 ], [ -80.046639, 35.930575 ] ] ] } },
{ "type": "Feature", "properties": { "fips": "13299", "state_fips": "13", "county_name": "Ware" }, "geometry": { "type": "Polygon", "coordinates": [ [ [ -82.699206, 31.278104 ], [ -82.629622, 31.274726 ], [ -82.628181, 31.469351 ], [ -82.494718, 31.46869 ], [ -82.48146, 31.417534 ], [ -82.417246, 31.417119 ], [ -82.383705, 31.291143 ], [ -82.31504, 31.225958 ], [ -82.284561, 31.224449 ], [ -82.208732, 31.170938 ], [ -82.208262, 31.084768 ], [ -82.131698, 31.010714 ], [ -82.415603, 31.01359 ], [ -82.420442, 30.795229 ], [ -82.149872, 30.784336 ], [ -82.218607, 30.564395 ], [ -82.418984112178507, 30.580916669731501 ], [ -82.435852, 30.820068 ], [ -82.495476, 30.819553 ], [ -82.490558, 30.963166 ], [ -82.592071, 31.018487 ], [ -82.671669, 31.183739 ], [ -82.699206, 31.278104 ] ] ] } },
{ "type": "Feature", "properties": { "fips": "37033", "state_fips": "37", "county_name": "Caswell" }, "geometry": { "type": "Polygon", "coordinates": [ [ [ -79.513647662508603, 36.540748205070699 ], [ -79.138335898871404, 36.541638270055898 ], [ -79.153997, 36.241875 ], [ -79.531865, 36.249673 ], [ -79.513647662508603, 36.540748205070699 ] ] ] } },
{ "type": "Feature", "properties": { "fips": "13097", "state_fips": "13", "county_name": "Douglas" }, "geometry": { "type": "Polygon", "coordinates": [ [ [ -84.901688, 33.780703 ], [ -84.633633, 33.805206 ], [ -84.578132, 33.743507 ], [ -84.656433, 33.659409 ], [ -84.752735, 33.63021 ], [ -84.808934, 33.574085 ], [ -84.905788, 33.573378 ], [ -84.901688, 33.780703 ] ] ] } },
{ "type": "Feature", "properties": { "fips": "37071", "state_fips": "37", "county_name": "Gaston" }, "geometry": { "type": "Polygon", "coordinates": [ [ [ -81.4556, 35.419811 ], [ -80.95486, 35.400078 ], [ -80.923042, 35.359917 ], [ -81.003854, 35.297929 ], [ -81.006898, 35.155116 ], [ -81.328090989291795, 35.162285915557398 ], [ -81.321729, 35.260449 ], [ -81.356682, 35.330604 ], [ -81.4556, 35.419811 ] ] ] } },
{ "type": "Feature", "properties": { "fips": "13301", "state_fips": "13", "county_name": "Warren" }, "geometry": { "type": "Polygon", "coordinates": [ [ [ -82.866605, 33.466599 ], [ -82.815315, 33.521137 ], [ -82.751275, 33.510143 ], [ -82.679975, 33.599792 ], [ -82.649705, 33.608768 ], [ -82.548074, 33.352798 ], [ -82.383829, 33.312106 ], [ -82.431957, 33.27483 ], [ -82.559753, 33.32727 ], [ -82.755846, 33.25344 ], [ -82.824105, 33.427627 ], [ -82.866605, 33.466599 ] ] ] } },
{ "type": "Feature", "properties": { "fips": "13055", "state_fips": "13", "county_name": "Chattooga" }, "geometry": { "type": "Polygon", "coordinates": [ [ [ -85.526894818160997, 34.588685692733499 ], [ -85.360395, 34.582012 ], [ -85.107748, 34.587483 ], [ -85.180548, 34.435996 ], [ -85.334881, 34.369748 ], [ -85.387351, 34.286097 ], [ -85.463140824775806, 34.286190988505503 ], [ -85.526894818160997, 34.588685692733499 ] ] ] } },
{ "type": "Feature", "properties": { "fips": "13235", "state_fips": "13", "county_name": "Pulaski" }, "geometry": { "type": "Polygon", "coordinates": [ [ [ -83.615579, 32.288556 ], [ -83.523458, 32.402288 ], [ -83.498039, 32.401715 ], [ -83.346528, 32.272489 ], [ -83.291106, 32.178825 ], [ -83.308926, 32.125709 ], [ -83.337313, 32.105885 ], [ -83.361051, 32.124009 ], [ -83.608547, 32.118405 ], [ -83.615579, 32.288556 ] ] ] } },
{ "type": "Feature", "properties": { "fips": "45041", "state_fips": "45", "county_name": "Florence" }, "geometry": { "type": "Polygon", "coordinates": [ [ [ -80.069878, 34.086191 ], [ -79.725109, 34.296892 ], [ -79.657764, 34.30519 ], [ -79.601003, 34.290532 ], [ -79.54793, 34.230913 ], [ -79.571834, 34.183689 ], [ -79.515308, 34.097207 ], [ -79.51694, 33.99398 ], [ -79.324317, 33.799123 ], [ -79.496466, 33.775372 ], [ -79.635808, 33.818038 ], [ -79.687973, 33.804914 ], [ -79.743388, 33.835056 ], [ -79.79837, 33.835562 ], [ -79.834881, 33.882601 ], [ -79.945948, 33.885997 ], [ -79.974601, 33.946527 ], [ -79.893377, 33.988747 ], [ -80.069878, 34.086191 ] ] ] } },
{ "type": "Feature", "properties": { "fips": "13265", "state_fips": "13", "county_name": "Taliaferro" }, "geometry": { "type": "Polygon", "coordinates": [ [ [ -83.014038, 33.580383 ], [ -82.951163, 33.661272 ], [ -82.995602, 33.693583 ], [ -82.949046, 33.733333 ], [ -82.879716, 33.620748 ], [ -82.812958, 33.655836 ], [ -82.679975, 33.599792 ], [ -82.751275, 33.510143 ], [ -82.815315, 33.521137 ], [ -82.866605, 33.466599 ], [ -82.851954, 33.443543 ], [ -82.983657, 33.447677 ], [ -83.012853, 33.469178 ], [ -83.014038, 33.580383 ] ] ] } },
{ "type": "Feature", "properties": { "fips": "13213", "state_fips": "13", "county_name": "Murray" }, "geometry": { "type": "Polygon", "coordinates": [ [ [ -84.94434, 34.676868 ], [ -84.864945, 34.707356 ], [ -84.878499, 34.77961 ], [ -84.818715, 34.87695 ], [ -84.810477466886397, 34.987877955229202 ], [ -84.621483, 34.988329 ], [ -84.627348, 34.784728 ], [ -84.657098, 34.728905 ], [ -84.654523, 34.583187 ], [ -84.715692, 34.622876 ], [ -84.863793, 34.608597 ], [ -84.913456, 34.634128 ], [ -84.94434, 34.676868 ] ] ] } },
{ "type": "Feature", "properties": { "fips": "13271", "state_fips": "13", "county_name": "Telfair" }, "geometry": { "type": "Polygon", "coordinates": [ [ [ -83.205739, 31.900325 ], [ -82.934566, 32.153274 ], [ -82.887657, 32.079891 ], [ -82.720733, 32.000736 ], [ -82.645659, 31.918883 ], [ -82.65826, 31.923583 ], [ -82.836366, 31.816154 ], [ -82.868118, 31.782347 ], [ -82.995698, 31.780983 ], [ -83.138659, 31.814446 ], [ -83.177469, 31.847857 ], [ -83.205739, 31.900325 ] ] ] } },
{ "type": "Feature", "properties": { "fips": "13149", "state_fips": "13", "county_name": "Heard" }, "geometry": { "type": "Polygon", "coordinates": [ [ [ -85.2943468643453, 33.427993146364599 ], [ -85.015358, 33.425506 ], [ -84.939015, 33.224693 ], [ -85.10798, 33.195098 ], [ -85.117402, 33.163654 ], [ -85.236595371252804, 33.129544028250699 ], [ -85.2943468643453, 33.427993146364599 ] ] ] } },
{ "type": "Feature", "properties": { "fips": "37051", "state_fips": "37", "county_name": "Cumberland" }, "geometry": { "type": "Polygon", "coordinates": [ [ [ -79.097551, 35.174233 ], [ -79.095808, 35.192068 ], [ -78.87839, 35.231602 ], [ -78.794564, 35.266047 ], [ -78.617114, 35.245718 ], [ -78.662955, 35.077962 ], [ -78.647269, 34.992691 ], [ -78.494705, 34.856182 ], [ -78.827397, 34.850693 ], [ -78.901998, 34.835268 ], [ -78.940844, 34.903368 ], [ -79.038747, 34.952715 ], [ -79.112921, 35.125651 ], [ -79.097551, 35.174233 ] ] ] } },
{ "type": "Feature", "properties": { "fips": "13009", "state_fips": "13", "county_name": "Baldwin" }, "geometry": { "type": "Polygon", "coordinates": [ [ [ -83.42909, 33.185352 ], [ -83.363543, 33.168998 ], [ -83.274108, 33.187238 ], [ -83.097649, 33.151536 ], [ -83.100838, 33.049864 ], [ -83.052197, 33.080682 ], [ -83.049081, 32.985605 ], [ -83.073648, 32.946562 ], [ -83.133847, 33.007248 ], [ -83.357685, 32.926141 ], [ -83.42909, 33.185352 ] ] ] } },
{ "type": "Feature", "properties": { "fips": "37101", "state_fips": "37", "county_name": "Johnston" }, "geometry": { "type": "Polygon", "coordinates": [ [ [ -78.708902, 35.519458 ], [ -78.468503, 35.707072 ], [ -78.255973, 35.81812 ], [ -78.23251, 35.751256 ], [ -78.192117, 35.730545 ], [ -78.125539, 35.603107 ], [ -78.064784, 35.585263 ], [ -78.15491, 35.41781 ], [ -78.153243, 35.350671 ], [ -78.411734, 35.254663 ], [ -78.492042, 35.263421 ], [ -78.538349, 35.31641 ], [ -78.529851, 35.334935 ], [ -78.660555, 35.496245 ], [ -78.708902, 35.519458 ] ] ] } },
{ "type": "Feature", "properties": { "fips": "45083", "state_fips": "45", "county_name": "Spartanburg" }, "geometry": { "type": "Polygon", "coordinates": [ [ [ -82.215996376597005, 35.193253105142702 ], [ -81.874410205092104, 35.183520599502003 ], [ -81.755098, 34.930323 ], [ -81.714094, 34.912865 ], [ -81.782791, 34.837211 ], [ -81.863039, 34.580211 ], [ -82.004644, 34.662349 ], [ -82.226416, 34.850439 ], [ -82.215996376597005, 35.193253105142702 ] ] ] } },
{ "type": "Feature", "properties": { "fips": "13091", "state_fips": "13", "county_name": "Dodge" }, "geometry": { "type": "Polygon", "coordinates": [ [ [ -83.30475, 32.341958 ], [ -83.173252, 32.452533 ], [ -83.138991, 32.423069 ], [ -82.990967, 32.147274 ], [ -82.884803, 32.196072 ], [ -82.874864, 32.180024 ], [ -82.927865, 32.135274 ], [ -82.934566, 32.153274 ], [ -83.205739, 31.900325 ], [ -83.292061, 31.984506 ], [ -83.295206, 32.07918 ], [ -83.337313, 32.105885 ], [ -83.308926, 32.125709 ], [ -83.291106, 32.178825 ], [ -83.346528, 32.272489 ], [ -83.30475, 32.341958 ] ] ] } },
{ "type": "Feature", "properties": { "fips": "37129", "state_fips": "37", "county_name": "New Hanover" }, "geometry": { "type": "Polygon", "coordinates": [ [ [ -78.029922, 34.331768 ], [ -77.823102, 34.389287 ], [ -77.713513170458796, 34.290247186686798 ], [ -77.829209, 34.162618 ], [ -77.885455075521094, 34.038240984852997 ], [ -77.956605, 34.234491 ], [ -78.029922, 34.331768 ] ] ] } },
{ "type": "Feature", "properties": { "fips": "13011", "state_fips": "13", "county_name": "Banks" }, "geometry": { "type": "Polygon", "coordinates": [ [ [ -83.669432, 34.366027 ], [ -83.615218, 34.431712 ], [ -83.537436, 34.491734 ], [ -83.45843, 34.483933 ], [ -83.398049, 34.460998 ], [ -83.393915, 34.324801 ], [ -83.33791, 34.260867 ], [ -83.355269, 34.22374 ], [ -83.402428, 34.197499 ], [ -83.479238, 34.26071 ], [ -83.561521, 34.252712 ], [ -83.619918, 34.29538 ], [ -83.669432, 34.366027 ] ] ] } },
{ "type": "Feature", "properties": { "fips": "12123", "state_fips": "12", "county_name": "Taylor" }, "geometry": { "type": "Polygon", "coordinates": [ [ [ -83.992310340477999, 30.089268737728698 ], [ -83.915827, 30.245152 ], [ -83.820235, 30.30354 ], [ -83.468768, 30.304212 ], [ -83.469267, 30.260351 ], [ -83.36726, 30.26044 ], [ -83.37089, 29.887934 ], [ -83.35286, 29.822222 ], [ -83.318859, 29.822623 ], [ -83.366398, 29.665701 ], [ -83.414142251879895, 29.6661877064703 ], [ -83.537645, 29.72306 ], [ -83.679219, 29.918513 ], [ -83.93151, 30.039068 ], [ -83.992310340477999, 30.089268737728698 ] ] ] } },
{ "type": "Feature", "properties": { "fips": "37095", "state_fips": "37", "county_name": "Hyde" }, "geometry": { "type": "Polygon", "coordinates": [ [ [ -76.637513, 35.705215 ], [ -76.269247, 35.690754 ], [ -76.297899, 35.608895 ], [ -76.215989, 35.598131 ], [ -76.144653, 35.702488 ], [ -76.027479, 35.668849 ], [ -75.901342, 35.668952 ], [ -75.814021, 35.500182 ], [ -75.749561423962206, 35.185616362192199 ], [ -76.013145, 35.061855 ], [ -76.065774, 35.124937 ], [ -76.304136, 35.201453 ], [ -76.454738, 35.334376 ], [ -76.522131, 35.353623 ], [ -76.599085, 35.51996 ], [ -76.509605, 35.518356 ], [ -76.467761, 35.556504 ], [ -76.588191, 35.620654 ], [ -76.637513, 35.705215 ] ] ] } },
{ "type": "Feature", "properties": { "fips": "37027", "state_fips": "37", "county_name": "Caldwell" }, "geometry": { "type": "Polygon", "coordinates": [ [ [ -81.810516, 36.111511 ], [ -81.545488, 36.117475 ], [ -81.397773, 36.066431 ], [ -81.328324, 35.996583 ], [ -81.342878, 35.923285 ], [ -81.334272, 35.796281 ], [ -81.380003, 35.757191 ], [ -81.455394, 35.784895 ], [ -81.554569, 35.777064 ], [ -81.709749, 35.875003 ], [ -81.807162, 35.961955 ], [ -81.735673, 36.067584 ], [ -81.810516, 36.111511 ] ] ] } },
{ "type": "Feature", "properties": { "fips": "12111", "state_fips": "12", "county_name": "St. Lucie" }, "geometry": { "type": "Polygon", "coordinates": [ [ [ -80.679659, 27.558736 ], [ -80.316686611620398, 27.557340024607601 ], [ -80.198021352658699, 27.263008803672498 ], [ -80.284771, 27.263723 ], [ -80.28551, 27.206025 ], [ -80.677862, 27.205988 ], [ -80.679659, 27.558736 ] ] ] } },
{ "type": "Feature", "properties": { "fips": "13223", "state_fips": "13", "county_name": "Paulding" }, "geometry": { "type": "Polygon", "coordinates": [ [ [ -85.049833, 33.952635 ], [ -84.978683, 33.951393 ], [ -84.922742, 34.082497 ], [ -84.737836, 34.079399 ], [ -84.724139, 33.80617 ], [ -84.767494, 33.786895 ], [ -84.878355, 33.774776 ], [ -85.037926, 33.811942 ], [ -85.049833, 33.952635 ] ] ] } },
{ "type": "Feature", "properties": { "fips": "12009", "state_fips": "12", "county_name": "Brevard" }, "geometry": { "type": "Polygon", "coordinates": [ [ [ -80.967895, 28.790197 ], [ -80.727505670073796, 28.7911928713227 ], [ -80.583884, 28.597705 ], [ -80.525094, 28.459454 ], [ -80.587813, 28.410856 ], [ -80.606874, 28.336484 ], [ -80.589975, 28.17799 ], [ -80.547675, 28.048795 ], [ -80.447676949217595, 27.860513513360999 ], [ -80.509075, 27.822058 ], [ -80.868881, 27.822522 ], [ -80.873318, 28.48206 ], [ -80.98725, 28.612997 ], [ -80.967895, 28.790197 ] ] ] } },
{ "type": "Feature", "properties": { "fips": "13181", "state_fips": "13", "county_name": "Lincoln" }, "geometry": { "type": "Polygon", "coordinates": [ [ [ -82.636698, 33.974092 ], [ -82.51295, 33.936969 ], [ -82.43115, 33.867051 ], [ -82.32448, 33.820033 ], [ -82.215938364747501, 33.687754975318697 ], [ -82.308246, 33.700436 ], [ -82.479518, 33.639535 ], [ -82.593527, 33.827322 ], [ -82.572297, 33.866343 ], [ -82.605687, 33.859942 ], [ -82.645451, 33.984195 ], [ -82.636698, 33.974092 ] ] ] } },
{ "type": "Feature", "properties": { "fips": "37007", "state_fips": "37", "county_name": "Anson" }, "geometry": { "type": "Polygon", "coordinates": [ [ [ -80.276829, 35.195722 ], [ -80.172819, 35.147847 ], [ -80.112644, 35.193882 ], [ -80.075365, 35.143081 ], [ -79.992941, 35.08559 ], [ -79.923972, 35.11543 ], [ -79.877197, 35.03531 ], [ -79.849536, 34.900006 ], [ -79.924684253136405, 34.807829019751502 ], [ -80.320832571129799, 34.813620821543999 ], [ -80.276829, 35.195722 ] ] ] } },
{ "type": "Feature", "properties": { "fips": "13259", "state_fips": "13", "county_name": "Stewart" }, "geometry": { "type": "Polygon", "coordinates": [ [ [ -85.0514111279128, 32.062256083622003 ], [ -85.058749, 32.136018 ], [ -84.919942147925894, 32.230848200933302 ], [ -84.649319, 32.232953 ], [ -84.63112, 32.184054 ], [ -84.65582, 31.920308 ], [ -84.907006, 31.924465 ], [ -85.063590542984699, 31.991857 ], [ -85.0514111279128, 32.062256083622003 ] ] ] } },
{ "type": "Feature", "properties": { "fips": "13245", "state_fips": "13", "county_name": "Richmond" }, "geometry": { "type": "Polygon", "coordinates": [ [ [ -82.353498, 33.312318 ], [ -82.028238, 33.544934 ], [ -81.990938, 33.494235 ], [ -81.926336, 33.462937 ], [ -81.932737, 33.343541 ], [ -81.846136, 33.303843 ], [ -81.846500532357894, 33.247252085429899 ], [ -82.097135, 33.230612 ], [ -82.17424, 33.296771 ], [ -82.26758, 33.267397 ], [ -82.353498, 33.312318 ] ] ] } },
{ "type": "Feature", "properties": { "fips": "37059", "state_fips": "37", "county_name": "Davie" }, "geometry": { "type": "Polygon", "coordinates": [ [ [ -80.693197, 36.05126 ], [ -80.496283, 36.046545 ], [ -80.463592, 36.062541 ], [ -80.394307, 35.972762 ], [ -80.370009, 35.885747 ], [ -80.398823, 35.841347 ], [ -80.487553, 35.833234 ], [ -80.458923, 35.742758 ], [ -80.483362, 35.776311 ], [ -80.691794, 35.863497 ], [ -80.707824, 35.852961 ], [ -80.693197, 36.05126 ] ] ] } },
{ "type": "Feature", "properties": { "fips": "37017", "state_fips": "37", "county_name": "Bladen" }, "geometry": { "type": "Polygon", "coordinates": [ [ [ -78.827397, 34.850693 ], [ -78.494705, 34.856182 ], [ -78.323538, 34.665662 ], [ -78.251973, 34.561855 ], [ -78.255468, 34.508614 ], [ -78.176501, 34.465356 ], [ -78.256085, 34.399469 ], [ -78.334569, 34.367536 ], [ -78.44532, 34.3774 ], [ -78.667588, 34.469645 ], [ -78.825861, 34.461732 ], [ -78.868961, 34.484778 ], [ -78.805721, 34.689202 ], [ -78.901998, 34.835268 ], [ -78.827397, 34.850693 ] ] ] } },
{ "type": "Feature", "properties": { "fips": "12023", "state_fips": "12", "county_name": "Columbia" }, "geometry": { "type": "Polygon", "coordinates": [ [ [ -82.800477, 29.932126 ], [ -82.761519, 29.965517 ], [ -82.793975, 29.986202 ], [ -82.794594, 30.337024 ], [ -82.689633, 30.333308 ], [ -82.645768, 30.407992 ], [ -82.726583, 30.559486 ], [ -82.689529798472805, 30.597889290641799 ], [ -82.459792435413704, 30.584276528306201 ], [ -82.458364, 30.136449 ], [ -82.575991, 29.990857 ], [ -82.529705, 29.940881 ], [ -82.641008, 29.828473 ], [ -82.768445, 29.897007 ], [ -82.770379, 29.928109 ], [ -82.800477, 29.932126 ] ] ] } },
{ "type": "Feature", "properties": { "fips": "13103", "state_fips": "13", "county_name": "Effingham" }, "geometry": { "type": "Polygon", "coordinates": [ [ [ -81.548006, 32.489286 ], [ -81.386901902694206, 32.598964853899801 ], [ -81.274927, 32.544158 ], [ -81.194829, 32.465086 ], [ -81.194931, 32.411489 ], [ -81.133032, 32.334794 ], [ -81.128034, 32.276297 ], [ -81.147595170455403, 32.227169446597102 ], [ -81.195355, 32.237495 ], [ -81.391698, 32.095886 ], [ -81.406776, 32.101931 ], [ -81.435104, 32.259403 ], [ -81.450279, 32.297416 ], [ -81.534904, 32.39358 ], [ -81.548006, 32.489286 ] ] ] } },
{ "type": "Feature", "properties": { "fips": "13321", "state_fips": "13", "county_name": "Worth" }, "geometry": { "type": "Polygon", "coordinates": [ [ [ -84.008445, 31.801645 ], [ -83.939437, 31.847929 ], [ -83.845481, 31.831555 ], [ -83.802723, 31.803579 ], [ -83.796846, 31.622929 ], [ -83.718774, 31.622028 ], [ -83.649384, 31.567977 ], [ -83.650566, 31.490338 ], [ -83.665777, 31.485135 ], [ -83.651764, 31.433918 ], [ -83.65409, 31.330661 ], [ -83.714134, 31.318365 ], [ -83.759086, 31.332225 ], [ -83.99943, 31.334966 ], [ -83.993374, 31.650034 ], [ -84.018404, 31.650274 ], [ -84.008445, 31.801645 ] ] ] } },
{ "type": "Feature", "properties": { "fips": "13319", "state_fips": "13", "county_name": "Wilkinson" }, "geometry": { "type": "Polygon", "coordinates": [ [ [ -83.357685, 32.926141 ], [ -83.133847, 33.007248 ], [ -83.073648, 32.946562 ], [ -83.027036, 32.856133 ], [ -82.974265, 32.839236 ], [ -82.946966, 32.759358 ], [ -82.957066, 32.708318 ], [ -83.226536, 32.584201 ], [ -83.40699, 32.89822 ], [ -83.357685, 32.926141 ] ] ] } },
{ "type": "Feature", "properties": { "fips": "13025", "state_fips": "13", "county_name": "Brantley" }, "geometry": { "type": "Polygon", "coordinates": [ [ [ -82.284561, 31.224449 ], [ -82.193031, 31.20212 ], [ -82.114822, 31.270355 ], [ -81.997421, 31.288534 ], [ -82.041129, 31.373721 ], [ -81.923238, 31.345875 ], [ -81.801052, 31.363737 ], [ -81.731694, 31.330048 ], [ -81.782554, 31.170608 ], [ -81.766241, 31.16965 ], [ -81.840671, 31.097665 ], [ -81.936749, 31.060787 ], [ -81.936006, 31.047993 ], [ -82.06087, 31.075809 ], [ -82.081207, 31.01063 ], [ -82.131698, 31.010714 ], [ -82.208262, 31.084768 ], [ -82.208732, 31.170938 ], [ -82.284561, 31.224449 ] ] ] } },
{ "type": "Feature", "properties": { "fips": "13251", "state_fips": "13", "county_name": "Screven" }, "geometry": { "type": "Polygon", "coordinates": [ [ [ -81.868663, 32.673127 ], [ -81.767553, 32.909411 ], [ -81.543966224313905, 33.044399954144403 ], [ -81.50203, 33.015113 ], [ -81.499566, 32.943722 ], [ -81.42062, 32.831223 ], [ -81.386901902694206, 32.598964853899801 ], [ -81.548006, 32.489286 ], [ -81.689643, 32.54629 ], [ -81.868663, 32.673127 ] ] ] } },
{ "type": "Feature", "properties": { "fips": "13083", "state_fips": "13", "county_name": "Dade" }, "geometry": { "type": "Polygon", "coordinates": [ [ [ -85.605165, 34.984678 ], [ -85.363919028931093, 34.983376563140503 ], [ -85.43371, 34.875077 ], [ -85.450561, 34.831677 ], [ -85.450409, 34.759241 ], [ -85.49053, 34.69911 ], [ -85.490795, 34.669449 ], [ -85.534405257815393, 34.623790338435803 ], [ -85.605165, 34.984678 ] ] ] } },
{ "type": "Feature", "properties": { "fips": "37043", "state_fips": "37", "county_name": "Clay" }, "geometry": { "type": "Polygon", "coordinates": [ [ [ -84.005336733438298, 34.987649584012303 ], [ -83.855493, 35.137956 ], [ -83.659824, 35.160304 ], [ -83.482873204290698, 34.990873961286802 ], [ -84.005336733438298, 34.987649584012303 ] ] ] } },
{ "type": "Feature", "properties": { "fips": "45007", "state_fips": "45", "county_name": "Anderson" }, "geometry": { "type": "Polygon", "coordinates": [ [ [ -82.978252, 34.492579 ], [ -82.787568, 34.672734 ], [ -82.487034, 34.819004 ], [ -82.4607, 34.796029 ], [ -82.452935, 34.62377 ], [ -82.417293, 34.55345 ], [ -82.313871, 34.484335 ], [ -82.735980016613894, 34.215462648637001 ], [ -82.873831, 34.471508 ], [ -82.991388153182299, 34.472980627235799 ], [ -82.978252, 34.492579 ] ] ] } },
{ "type": "Feature", "properties": { "fips": "45037", "state_fips": "45", "county_name": "Edgefield" }, "geometry": { "type": "Polygon", "coordinates": [ [ [ -82.113728, 33.82988 ], [ -82.1557, 33.92929 ], [ -81.894595, 33.975415 ], [ -81.836803, 33.866501 ], [ -81.651759, 33.81451 ], [ -82.016581923058993, 33.529090797725701 ], [ -82.1146538385848, 33.597905054569999 ], [ -82.095527, 33.633869 ], [ -82.182987, 33.724113 ], [ -82.113728, 33.82988 ] ] ] } },
{ "type": "Feature", "properties": { "fips": "12073", "state_fips": "12", "county_name": "Leon" }, "geometry": { "type": "Polygon", "coordinates": [ [ [ -84.715144, 30.333077 ], [ -84.646408, 30.388281 ], [ -84.519796, 30.451499 ], [ -84.405454, 30.474416 ], [ -84.378384, 30.573467 ], [ -84.285514509039501, 30.684809171948 ], [ -84.007454, 30.672069968469199 ], [ -83.979006, 30.550681 ], [ -84.041152, 30.521901 ], [ -84.074691, 30.434302 ], [ -84.075539, 30.273617 ], [ -84.241222, 30.274244 ], [ -84.247673, 30.303493 ], [ -84.713351, 30.30017 ], [ -84.715144, 30.333077 ] ] ] } },
{ "type": "Feature", "properties": { "fips": "12113", "state_fips": "12", "county_name": "Santa Rosa" }, "geometry": { "type": "Polygon", "coordinates": [ [ [ -87.313611, 30.847266 ], [ -87.286882, 30.925441 ], [ -87.163645308458996, 30.999021835748 ], [ -86.785691976005893, 30.996982993516799 ], [ -86.799559276200299, 30.384563878226398 ], [ -87.228856484170393, 30.3197321482474 ], [ -87.233284, 30.370331 ], [ -87.151906, 30.412598 ], [ -87.121451, 30.497419 ], [ -87.209715, 30.555266 ], [ -87.258884, 30.611281 ], [ -87.269407, 30.711687 ], [ -87.302661, 30.71937 ], [ -87.313611, 30.847266 ] ] ] } },
{ "type": "Feature", "properties": { "fips": "12061", "state_fips": "12", "county_name": "Indian River" }, "geometry": { "type": "Polygon", "coordinates": [ [ [ -80.881172, 27.80917 ], [ -80.868881, 27.822522 ], [ -80.509075, 27.822058 ], [ -80.447676949217595, 27.860513513360999 ], [ -80.383695, 27.740045 ], [ -80.316686611620398, 27.557340024607601 ], [ -80.777166, 27.558733 ], [ -80.778047, 27.643195 ], [ -80.87315, 27.642288 ], [ -80.881172, 27.80917 ] ] ] } },
{ "type": "Feature", "properties": { "fips": "12089", "state_fips": "12", "county_name": "Nassau" }, "geometry": { "type": "Polygon", "coordinates": [ [ [ -82.050982981680903, 30.3683677759449 ], [ -82.018381, 30.531176 ], [ -82.015728, 30.601698 ], [ -82.049529, 30.655544 ], [ -82.032667, 30.750674 ], [ -81.943187, 30.827437 ], [ -81.902354, 30.82082 ], [ -81.868624, 30.792756 ], [ -81.763384, 30.773821 ], [ -81.732238, 30.749635 ], [ -81.56171, 30.715597 ], [ -81.507218, 30.722936 ], [ -81.42742, 30.69802 ], [ -81.443099, 30.600938 ], [ -81.428954737643295, 30.5061830741652 ], [ -81.499575, 30.563793 ], [ -81.543018, 30.523889 ], [ -81.610212, 30.55438 ], [ -81.606158, 30.585566 ], [ -81.667833, 30.560671 ], [ -81.721883, 30.571934 ], [ -81.738424, 30.534572 ], [ -82.049236, 30.273432 ], [ -82.050982981680903, 30.3683677759449 ] ] ] } },
{ "type": "Feature", "properties": { "fips": "12099", "state_fips": "12", "county_name": "Palm Beach" }, "geometry": { "type": "Polygon", "coordinates": [ [ [ -80.885639, 26.958919 ], [ -80.142007, 26.95664 ], [ -80.083077629755294, 26.970534 ], [ -80.03212, 26.77153 ], [ -80.038863, 26.569347 ], [ -80.075874439443197, 26.320912769880199 ], [ -80.24977, 26.341526 ], [ -80.881285, 26.333806 ], [ -80.885639, 26.958919 ] ] ] } },
{ "type": "Feature", "properties": { "fips": "13127", "state_fips": "13", "county_name": "Glynn" }, "geometry": { "type": "Polygon", "coordinates": [ [ [ -81.782554, 31.170608 ], [ -81.731694, 31.330048 ], [ -81.691977, 31.400545 ], [ -81.62429, 31.452982 ], [ -81.481696, 31.336088 ], [ -81.264377948088395, 31.294599064745501 ], [ -81.304957, 31.206173 ], [ -81.368241, 31.136534 ], [ -81.402096, 31.125383 ], [ -81.412518035579495, 30.990834503508399 ], [ -81.572692, 31.097269 ], [ -81.562606, 31.130285 ], [ -81.631624, 31.108117 ], [ -81.782554, 31.170608 ] ] ] } },
{ "type": "Feature", "properties": { "fips": "13161", "state_fips": "13", "county_name": "Jeff Davis" }, "geometry": { "type": "Polygon", "coordinates": [ [ [ -82.836366, 31.816154 ], [ -82.65826, 31.923583 ], [ -82.595257, 31.931585 ], [ -82.543655, 31.958914 ], [ -82.431531, 31.966182 ], [ -82.431362, 31.837993 ], [ -82.520251, 31.838388 ], [ -82.550714, 31.736334 ], [ -82.52142, 31.710796 ], [ -82.521393, 31.672512 ], [ -82.836633, 31.671398 ], [ -82.836366, 31.816154 ] ] ] } },
{ "type": "Feature", "properties": { "fips": "37105", "state_fips": "37", "county_name": "Lee" }, "geometry": { "type": "Polygon", "coordinates": [ [ [ -79.350073, 35.518002 ], [ -79.117096, 35.628164 ], [ -78.96964, 35.521669 ], [ -79.183556, 35.307161 ], [ -79.273565, 35.353369 ], [ -79.359765, 35.469675 ], [ -79.350073, 35.518002 ] ] ] } },
{ "type": "Feature", "properties": { "fips": "37055", "state_fips": "37", "county_name": "Dare" }, "geometry": { "type": "Polygon", "coordinates": [ [ [ -76.008348, 35.895802 ], [ -75.973152, 35.976643 ], [ -75.76628, 36.056956 ], [ -75.770651462559698, 36.232080307050801 ], [ -75.71831, 36.113674 ], [ -75.496086, 35.728515 ], [ -75.458659, 35.596597 ], [ -75.486771, 35.391652 ], [ -75.533627, 35.225825 ], [ -75.635493, 35.22026 ], [ -75.749561423962206, 35.185616362192199 ], [ -75.814021, 35.500182 ], [ -75.901342, 35.668952 ], [ -76.027479, 35.668849 ], [ -76.008348, 35.895802 ] ] ] } },
{ "type": "Feature", "properties": { "fips": "13273", "state_fips": "13", "county_name": "Terrell" }, "geometry": { "type": "Polygon", "coordinates": [ [ [ -84.599776, 31.920171 ], [ -84.45331, 31.919224 ], [ -84.443807, 31.967456 ], [ -84.357615, 31.885156 ], [ -84.259611, 31.827865 ], [ -84.286456, 31.791182 ], [ -84.297801, 31.621951 ], [ -84.546854, 31.621199 ], [ -84.535434, 31.676494 ], [ -84.603086, 31.772001 ], [ -84.599776, 31.920171 ] ] ] } },
{ "type": "Feature", "properties": { "fips": "12125", "state_fips": "12", "county_name": "Union" }, "geometry": { "type": "Polygon", "coordinates": [ [ [ -82.575991, 29.990857 ], [ -82.458364, 30.136449 ], [ -82.142578, 30.143117 ], [ -82.14734, 30.109985 ], [ -82.259971, 30.02809 ], [ -82.306677, 29.956612 ], [ -82.418728, 29.923093 ], [ -82.529705, 29.940881 ], [ -82.575991, 29.990857 ] ] ] } },
{ "type": "Feature", "properties": { "fips": "12017", "state_fips": "12", "county_name": "Citrus" }, "geometry": { "type": "Polygon", "coordinates": [ [ [ -82.755573808695701, 29.000930118260399 ], [ -82.712039, 29.030834 ], [ -82.612653, 29.009271 ], [ -82.535591, 29.044855 ], [ -82.458566, 29.04765 ], [ -82.311697, 28.960391 ], [ -82.169141, 28.792954 ], [ -82.263052, 28.667634 ], [ -82.417684, 28.665897 ], [ -82.418353, 28.694859 ], [ -82.668709634128703, 28.6940772618211 ], [ -82.712373, 28.720921 ], [ -82.713121, 28.800283 ], [ -82.730245, 28.850155 ], [ -82.688864, 28.905609 ], [ -82.755573808695701, 29.000930118260399 ] ] ] } },
{ "type": "Feature", "properties": { "fips": "13195", "state_fips": "13", "county_name": "Madison" }, "geometry": { "type": "Polygon", "coordinates": [ [ [ -83.402428, 34.197499 ], [ -83.313591, 34.259144 ], [ -83.172745, 34.238522 ], [ -83.11336, 34.27353 ], [ -83.078004, 34.223606 ], [ -83.103287, 34.170708 ], [ -82.976294, 34.043219 ], [ -83.048889, 34.015804 ], [ -83.123878, 34.047558 ], [ -83.258413, 33.999098 ], [ -83.294479, 34.008144 ], [ -83.386763, 34.050241 ], [ -83.357051, 34.116199 ], [ -83.402428, 34.197499 ] ] ] } },
{ "type": "Feature", "properties": { "fips": "13069", "state_fips": "13", "county_name": "Coffee" }, "geometry": { "type": "Polygon", "coordinates": [ [ [ -83.145587, 31.472276 ], [ -83.11166, 31.478229 ], [ -83.058807, 31.611212 ], [ -82.99836, 31.673164 ], [ -82.995698, 31.780983 ], [ -82.868118, 31.782347 ], [ -82.836366, 31.816154 ], [ -82.836633, 31.671398 ], [ -82.627342, 31.672672 ], [ -82.628273, 31.558329 ], [ -82.597509, 31.469293 ], [ -82.628181, 31.469351 ], [ -82.628975, 31.36393 ], [ -82.817544, 31.364486 ], [ -82.844093, 31.403328 ], [ -83.140483, 31.420395 ], [ -83.145587, 31.472276 ] ] ] } },
{ "type": "Feature", "properties": { "fips": "37099", "state_fips": "37", "county_name": "Jackson" }, "geometry": { "type": "Polygon", "coordinates": [ [ [ -83.351726, 35.468092 ], [ -83.236073, 35.524564 ], [ -83.164571, 35.509571 ], [ -82.920881, 35.292037 ], [ -82.983216, 35.13192 ], [ -83.056934, 35.053864 ], [ -83.008410592512405, 35.026934860816198 ], [ -83.108399912205002, 35.000713045732802 ], [ -83.143257, 35.077927 ], [ -83.223796, 35.157386 ], [ -83.224672, 35.238726 ], [ -83.276955, 35.228045 ], [ -83.339609, 35.330993 ], [ -83.351726, 35.468092 ] ] ] } },
{ "type": "Feature", "properties": { "fips": "37067", "state_fips": "37", "county_name": "Forsyth" }, "geometry": { "type": "Polygon", "coordinates": [ [ [ -80.505532, 36.109155 ], [ -80.439104, 36.139949 ], [ -80.432241, 36.217995 ], [ -80.451925, 36.261515 ], [ -80.035119, 36.257184 ], [ -80.043238, 36.010758 ], [ -80.21373, 36.026808 ], [ -80.394307, 35.972762 ], [ -80.463592, 36.062541 ], [ -80.496283, 36.046545 ], [ -80.505532, 36.109155 ] ] ] } },
{ "type": "Feature", "properties": { "fips": "13065", "state_fips": "13", "county_name": "Clinch" }, "geometry": { "type": "Polygon", "coordinates": [ [ [ -82.971247, 31.183988 ], [ -82.671669, 31.183739 ], [ -82.592071, 31.018487 ], [ -82.490558, 30.963166 ], [ -82.495476, 30.819553 ], [ -82.435852, 30.820068 ], [ -82.418984112178507, 30.580916669731501 ], [ -82.584005186419503, 30.591636579087599 ], [ -82.581202, 30.696237 ], [ -82.766159, 30.732404 ], [ -82.846353, 30.834988 ], [ -82.971336, 30.869392 ], [ -82.971247, 31.183988 ] ] ] } },
{ "type": "Feature", "properties": { "fips": "12063", "state_fips": "12", "county_name": "Jackson" }, "geometry": { "type": "Polygon", "coordinates": [ [ [ -85.52921, 30.974439 ], [ -85.498001585089497, 30.997865049361401 ], [ -85.002499, 31.000682 ], [ -85.006062, 30.977039 ], [ -84.935698, 30.878703 ], [ -84.91815, 30.772082 ], [ -84.860943, 30.693246 ], [ -84.932519, 30.606393 ], [ -85.167687, 30.607979 ], [ -85.171891, 30.564336 ], [ -85.434782, 30.56756 ], [ -85.432274, 30.785457 ], [ -85.482276, 30.829509 ], [ -85.599934, 30.830552 ], [ -85.52921, 30.974439 ] ] ] } },
{ "type": "Feature", "properties": { "fips": "13067", "state_fips": "13", "county_name": "Cobb" }, "geometry": { "type": "Polygon", "coordinates": [ [ [ -84.737836, 34.079399 ], [ -84.418927, 34.073298 ], [ -84.374743, 33.985908 ], [ -84.447032, 33.911065 ], [ -84.455829, 33.825804 ], [ -84.578132, 33.743507 ], [ -84.619988, 33.801547 ], [ -84.724139, 33.80617 ], [ -84.737836, 34.079399 ] ] ] } },
{ "type": "Feature", "properties": { "fips": "13017", "state_fips": "13", "county_name": "Ben Hill" }, "geometry": { "type": "Polygon", "coordinates": [ [ [ -83.480176, 31.847312 ], [ -83.177469, 31.847857 ], [ -83.138659, 31.814446 ], [ -82.995698, 31.780983 ], [ -82.99836, 31.673164 ], [ -83.176376, 31.678382 ], [ -83.266363, 31.654203 ], [ -83.325617, 31.680603 ], [ -83.325296, 31.756584 ], [ -83.453634, 31.757861 ], [ -83.480176, 31.847312 ] ] ] } },
{ "type": "Feature", "properties": { "fips": "37187", "state_fips": "37", "county_name": "Washington" }, "geometry": { "type": "Polygon", "coordinates": [ [ [ -76.847264, 35.719982 ], [ -76.777404, 35.857839 ], [ -76.683751, 35.953101 ], [ -76.606214, 35.978051 ], [ -76.511899, 35.980726 ], [ -76.396794, 36.026443 ], [ -76.358393, 36.020019 ], [ -76.380009, 35.914666 ], [ -76.353554, 35.861301 ], [ -76.405603, 35.786294 ], [ -76.405971, 35.697579 ], [ -76.844279, 35.705717 ], [ -76.847264, 35.719982 ] ] ] } },
{ "type": "Feature", "properties": { "fips": "13215", "state_fips": "13", "county_name": "Muscogee" }, "geometry": { "type": "Polygon", "coordinates": [ [ [ -85.076072372604798, 32.6080674751571 ], [ -84.98179, 32.607671 ], [ -84.907883, 32.583433 ], [ -84.694603, 32.583945 ], [ -84.667463, 32.563948 ], [ -84.768407, 32.420591 ], [ -84.981150294133698, 32.379040076681797 ], [ -84.971831, 32.442843 ], [ -85.0071, 32.523868 ], [ -85.069848, 32.583146 ], [ -85.076072372604798, 32.6080674751571 ] ] ] } },
{ "type": "Feature", "properties": { "fips": "45075", "state_fips": "45", "county_name": "Orangeburg" }, "geometry": { "type": "Polygon", "coordinates": [ [ [ -81.372931, 33.490417 ], [ -81.187271, 33.652937 ], [ -81.042854, 33.707131 ], [ -80.93979, 33.608798 ], [ -80.885414, 33.618208 ], [ -80.807631, 33.604081 ], [ -80.616575, 33.466006 ], [ -80.552272, 33.565414 ], [ -80.496273, 33.558481 ], [ -80.393145, 33.445339 ], [ -80.222267, 33.443716 ], [ -80.253836, 33.29926 ], [ -80.361851, 33.257443 ], [ -80.484578, 33.280034 ], [ -80.50279, 33.334496 ], [ -80.797912, 33.176944 ], [ -80.846151, 33.238328 ], [ -80.940569, 33.303715 ], [ -81.296962, 33.479957 ], [ -81.372931, 33.490417 ] ] ] } },
{ "type": "Feature", "properties": { "fips": "13183", "state_fips": "13", "county_name": "Long" }, "geometry": { "type": "Polygon", "coordinates": [ [ [ -81.981389, 31.794578 ], [ -81.824405, 32.014882 ], [ -81.750257, 31.973207 ], [ -81.765357, 31.87454 ], [ -81.641761, 31.765451 ], [ -81.491798, 31.699575 ], [ -81.566009, 31.576467 ], [ -81.681892, 31.54181 ], [ -81.701774, 31.584922 ], [ -81.850624, 31.667671 ], [ -81.981389, 31.794578 ] ] ] } },
{ "type": "Feature", "properties": { "fips": "45065", "state_fips": "45", "county_name": "McCormick" }, "geometry": { "type": "Polygon", "coordinates": [ [ [ -82.595025792607302, 34.013517809209603 ], [ -82.530567, 34.071925 ], [ -82.326947, 34.06412 ], [ -82.306243, 33.971584 ], [ -82.243651, 34.017886 ], [ -82.200286, 33.978597 ], [ -82.04513, 33.983396 ], [ -82.046974, 33.95321 ], [ -82.1557, 33.92929 ], [ -82.113728, 33.82988 ], [ -82.182987, 33.724113 ], [ -82.095527, 33.633869 ], [ -82.1146538385848, 33.597905054569999 ], [ -82.161908, 33.610643 ], [ -82.239098, 33.730872 ], [ -82.32448, 33.820033 ], [ -82.43115, 33.867051 ], [ -82.51295, 33.936969 ], [ -82.556835, 33.945353 ], [ -82.595025792607302, 34.013517809209603 ] ] ] } },
{ "type": "Feature", "properties": { "fips": "13305", "state_fips": "13", "county_name": "Wayne" }, "geometry": { "type": "Polygon", "coordinates": [ [ [ -82.133013, 31.773404 ], [ -82.085899, 31.823256 ], [ -82.048582, 31.827075 ], [ -81.969052, 31.789324 ], [ -81.850624, 31.667671 ], [ -81.701774, 31.584922 ], [ -81.681892, 31.54181 ], [ -81.663206, 31.538667 ], [ -81.612054, 31.469405 ], [ -81.691977, 31.400545 ], [ -81.731694, 31.330048 ], [ -81.801052, 31.363737 ], [ -81.923238, 31.345875 ], [ -82.041129, 31.373721 ], [ -82.063387, 31.466362 ], [ -82.132794, 31.471262 ], [ -82.133013, 31.773404 ] ] ] } },
{ "type": "Feature", "properties": { "fips": "37199", "state_fips": "37", "county_name": "Yancey" }, "geometry": { "type": "Polygon", "coordinates": [ [ [ -82.508007659722495, 35.982013205441497 ], [ -82.464558, 36.006508 ], [ -82.4169375946732, 36.072970010708502 ], [ -82.351672, 36.084334 ], [ -82.253966, 36.005321 ], [ -82.197834, 36.015332 ], [ -82.133484, 35.823309 ], [ -82.193402, 35.735314 ], [ -82.257842, 35.698852 ], [ -82.275399, 35.704438 ], [ -82.361834, 35.82107 ], [ -82.408602, 35.818178 ], [ -82.494781, 35.909484 ], [ -82.508007659722495, 35.982013205441497 ] ] ] } },
{ "type": "Feature", "properties": { "fips": "13263", "state_fips": "13", "county_name": "Talbot" }, "geometry": { "type": "Polygon", "coordinates": [ [ [ -84.700538, 32.84464 ], [ -84.570669, 32.845179 ], [ -84.506888, 32.881788 ], [ -84.380398, 32.779176 ], [ -84.286246, 32.747626 ], [ -84.33794, 32.720647 ], [ -84.408866, 32.561923 ], [ -84.586101, 32.52265 ], [ -84.637323, 32.534855 ], [ -84.69451, 32.518732 ], [ -84.667463, 32.563948 ], [ -84.694603, 32.583945 ], [ -84.682876, 32.73035 ], [ -84.700538, 32.84464 ] ] ] } },
{ "type": "Feature", "properties": { "fips": "37153", "state_fips": "37", "county_name": "Richmond" }, "geometry": { "type": "Polygon", "coordinates": [ [ [ -80.075365, 35.143081 ], [ -79.851268, 35.183855 ], [ -79.614304, 35.163679 ], [ -79.575931, 35.069904 ], [ -79.458751, 35.043639 ], [ -79.573423, 34.99221 ], [ -79.561856, 34.91035 ], [ -79.624266, 34.855425 ], [ -79.614045, 34.815309 ], [ -79.924684253136405, 34.807829019751502 ], [ -79.849536, 34.900006 ], [ -79.877197, 35.03531 ], [ -79.923972, 35.11543 ], [ -79.992941, 35.08559 ], [ -80.075365, 35.143081 ] ] ] } },
{ "type": "Feature", "properties": { "fips": "45051", "state_fips": "45", "county_name": "Horry" }, "geometry": { "type": "Polygon", "coordinates": [ [ [ -79.339076, 33.969722 ], [ -79.302341, 34.032219 ], [ -79.247574, 34.057269 ], [ -79.207787, 34.153877 ], [ -79.126681, 34.235362 ], [ -79.128165, 34.253652 ], [ -79.071254201048205, 34.299313026841901 ], [ -78.541087, 33.851112 ], [ -78.67226, 33.817587 ], [ -78.772737, 33.768511 ], [ -78.938076, 33.639826 ], [ -78.995130989902407, 33.572664 ], [ -79.101074, 33.572969 ], [ -79.137683, 33.66413 ], [ -79.190264, 33.705787 ], [ -79.260283, 33.814854 ], [ -79.256049, 33.872058 ], [ -79.339076, 33.969722 ] ] ] } },
{ "type": "Feature", "properties": { "fips": "13233", "state_fips": "13", "county_name": "Polk" }, "geometry": { "type": "Polygon", "coordinates": [ [ [ -85.421073175228798, 34.0808126526072 ], [ -85.25807, 34.079133 ], [ -85.257624, 34.100668 ], [ -84.922742, 34.082497 ], [ -84.978683, 33.951393 ], [ -85.049833, 33.952635 ], [ -85.05031, 33.904488 ], [ -85.386670573772804, 33.901701494003298 ], [ -85.421073175228798, 34.0808126526072 ] ] ] } },
{ "type": "Feature", "properties": { "fips": "13061", "state_fips": "13", "county_name": "Clay" }, "geometry": { "type": "Polygon", "coordinates": [ [ [ -85.129159315583195, 31.7802782680766 ], [ -84.95864, 31.777854 ], [ -84.949784, 31.679914 ], [ -84.930998, 31.672309 ], [ -84.942353, 31.618669 ], [ -84.817843, 31.619771 ], [ -84.80796, 31.514383 ], [ -84.819807, 31.501192 ], [ -85.029227, 31.486071 ], [ -85.051681429506203, 31.519540329141702 ], [ -85.041881, 31.544684 ], [ -85.05796, 31.57084 ], [ -85.058169, 31.620227 ], [ -85.12553, 31.694965 ], [ -85.129159315583195, 31.7802782680766 ] ] ] } },
{ "type": "Feature", "properties": { "fips": "12071", "state_fips": "12", "county_name": "Lee" }, "geometry": { "type": "Polygon", "coordinates": [ [ [ -82.2805412776287, 26.789308586443099 ], [ -82.205562, 26.770528 ], [ -81.565748, 26.769601 ], [ -81.56218, 26.422625 ], [ -81.659506, 26.421077 ], [ -81.6579, 26.317563 ], [ -81.819019, 26.316245 ], [ -81.846485247961795, 26.330372048502799 ], [ -81.923611, 26.436658 ], [ -81.956611, 26.452358 ], [ -82.013913, 26.452058 ], [ -82.075015, 26.422059 ], [ -82.126671, 26.436279 ], [ -82.180717, 26.476257 ], [ -82.245395, 26.601094 ], [ -82.2805412776287, 26.789308586443099 ] ] ] } },
{ "type": "Feature", "properties": { "fips": "13315", "state_fips": "13", "county_name": "Wilcox" }, "geometry": { "type": "Polygon", "coordinates": [ [ [ -83.609663, 32.027938 ], [ -83.608547, 32.118405 ], [ -83.361051, 32.124009 ], [ -83.295206, 32.07918 ], [ -83.292061, 31.984506 ], [ -83.205739, 31.900325 ], [ -83.177469, 31.847857 ], [ -83.612256, 31.854089 ], [ -83.609663, 32.027938 ] ] ] } },
{ "type": "Feature", "properties": { "fips": "37119", "state_fips": "37", "county_name": "Mecklenburg" }, "geometry": { "type": "Polygon", "coordinates": [ [ [ -81.058029, 35.07319 ], [ -81.036759, 35.122552 ], [ -81.042302450138607, 35.1467686494682 ], [ -81.006898, 35.155116 ], [ -81.003854, 35.297929 ], [ -80.923042, 35.359917 ], [ -80.95486, 35.400078 ], [ -80.947344, 35.488473 ], [ -80.906723, 35.514785 ], [ -80.784167, 35.506017 ], [ -80.766414, 35.401478 ], [ -80.693061, 35.346379 ], [ -80.627934, 35.248669 ], [ -80.550349, 35.208412 ], [ -80.770247, 35.034371 ], [ -80.840548567614803, 35.001450942632303 ], [ -80.93495, 35.107409 ], [ -81.041489, 35.044703 ], [ -81.058029, 35.07319 ] ] ] } },
{ "type": "Feature", "properties": { "fips": "13307", "state_fips": "13", "county_name": "Webster" }, "geometry": { "type": "Polygon", "coordinates": [ [ [ -84.63112, 32.184054 ], [ -84.649319, 32.232953 ], [ -84.527117, 32.134556 ], [ -84.431214, 32.134058 ], [ -84.45331, 31.919224 ], [ -84.65582, 31.920308 ], [ -84.63112, 32.184054 ] ] ] } },
{ "type": "Feature", "properties": { "fips": "45005", "state_fips": "45", "county_name": "Allendale" }, "geometry": { "type": "Polygon", "coordinates": [ [ [ -81.615955710789095, 33.089338539364 ], [ -81.541881, 33.158279 ], [ -81.364857, 33.108061 ], [ -81.193099, 33.118668 ], [ -81.082291, 33.02663 ], [ -81.236956, 32.940244 ], [ -81.261662, 32.839139 ], [ -81.338543, 32.768456 ], [ -81.413116795173593, 32.744261327961503 ], [ -81.42062, 32.831223 ], [ -81.499566, 32.943722 ], [ -81.50203, 33.015113 ], [ -81.615955710789095, 33.089338539364 ] ] ] } },
{ "type": "Feature", "properties": { "fips": "13193", "state_fips": "13", "county_name": "Macon" }, "geometry": { "type": "Polygon", "coordinates": [ [ [ -84.254613, 32.372053 ], [ -84.197912, 32.400852 ], [ -84.111226, 32.514124 ], [ -84.00849, 32.521769 ], [ -84.018168, 32.506498 ], [ -83.846676, 32.468514 ], [ -83.836994, 32.388793 ], [ -83.85654, 32.382399 ], [ -83.848379, 32.29097 ], [ -83.894777, 32.292175 ], [ -84.0276, 32.171165 ], [ -84.134455, 32.185761 ], [ -84.181657, 32.229703 ], [ -84.220144, 32.23115 ], [ -84.255912, 32.296156 ], [ -84.254613, 32.372053 ] ] ] } },
{ "type": "Feature", "properties": { "fips": "37019", "state_fips": "37", "county_name": "Brunswick" }, "geometry": { "type": "Polygon", "coordinates": [ [ [ -78.640688, 34.009854 ], [ -78.555043, 34.067071 ], [ -78.545218, 34.145747 ], [ -78.507338, 34.169246 ], [ -78.422734, 34.139631 ], [ -78.374295, 34.204893 ], [ -78.254622, 34.216305 ], [ -78.16235, 34.357007 ], [ -78.137302, 34.371711 ], [ -78.029922, 34.331768 ], [ -77.956605, 34.234491 ], [ -77.885455075521094, 34.038240984852997 ], [ -77.960172, 33.853315 ], [ -78.006765, 33.858704 ], [ -78.018689, 33.888289 ], [ -78.136952, 33.912178 ], [ -78.276147, 33.912364 ], [ -78.383964, 33.901946 ], [ -78.541087, 33.851112 ], [ -78.650871280533295, 33.945055720532899 ], [ -78.640688, 34.009854 ] ] ] } },
{ "type": "Feature", "properties": { "fips": "13037", "state_fips": "13", "county_name": "Calhoun" }, "geometry": { "type": "Polygon", "coordinates": [ [ [ -84.80796, 31.514383 ], [ -84.817843, 31.619771 ], [ -84.59715, 31.637613 ], [ -84.546854, 31.621199 ], [ -84.450398, 31.621868 ], [ -84.454923, 31.548331 ], [ -84.412521, 31.45693 ], [ -84.429876, 31.436661 ], [ -84.447875, 31.454743 ], [ -84.513503, 31.439607 ], [ -84.789032, 31.436356 ], [ -84.819807, 31.501192 ], [ -84.80796, 31.514383 ] ] ] } },
{ "type": "Feature", "properties": { "fips": "45029", "state_fips": "45", "county_name": "Colleton" }, "geometry": { "type": "Polygon", "coordinates": [ [ [ -81.082291, 33.02663 ], [ -80.937157, 33.102584 ], [ -80.896074, 33.06141 ], [ -80.895426, 33.125348 ], [ -80.790296, 33.18084 ], [ -80.703062, 33.152485 ], [ -80.6221, 33.06608 ], [ -80.474788, 33.064394 ], [ -80.387986, 33.034112 ], [ -80.407088, 33.000169 ], [ -80.385344, 32.886119 ], [ -80.45363, 32.7399 ], [ -80.389401, 32.65282 ], [ -80.416586, 32.546318 ], [ -80.350599, 32.498696 ], [ -80.249442329299896, 32.529359384387497 ], [ -80.338354, 32.47873 ], [ -80.413505, 32.471174 ], [ -80.46571, 32.4953 ], [ -80.472293124695099, 32.483348914580098 ], [ -80.551504, 32.565769 ], [ -80.675147, 32.625182 ], [ -80.683135, 32.652383 ], [ -80.668144, 32.667492 ], [ -80.826309, 32.704321 ], [ -80.900059, 32.832632 ], [ -80.986703, 32.900674 ], [ -81.082291, 33.02663 ] ] ] } },
{ "type": "Feature", "properties": { "fips": "13039", "state_fips": "13", "county_name": "Camden" }, "geometry": { "type": "Polygon", "coordinates": [ [ [ -81.936749, 31.060787 ], [ -81.840671, 31.097665 ], [ -81.766241, 31.16965 ], [ -81.631624, 31.108117 ], [ -81.562606, 31.130285 ], [ -81.572692, 31.097269 ], [ -81.408484, 30.977718 ], [ -81.405153, 30.908203 ], [ -81.460061, 30.769912 ], [ -81.444124, 30.709714 ], [ -81.507218, 30.722936 ], [ -81.56171, 30.715597 ], [ -81.732238, 30.749635 ], [ -81.808543, 30.790016 ], [ -81.868624, 30.792756 ], [ -81.905978439406397, 30.821407341501999 ], [ -81.906036, 31.039715 ], [ -81.936006, 31.047993 ], [ -81.936749, 31.060787 ] ] ] } },
{ "type": "Feature", "properties": { "fips": "37149", "state_fips": "37", "county_name": "Polk" }, "geometry": { "type": "Polygon", "coordinates": [ [ [ -82.359152, 35.244489 ], [ -82.261305, 35.393198 ], [ -82.153139, 35.408075 ], [ -81.963869, 35.24945 ], [ -81.969358401257594, 35.186927088400502 ], [ -82.353175272919501, 35.198714129600702 ], [ -82.359152, 35.244489 ] ] ] } },
{ "type": "Feature", "properties": { "fips": "13099", "state_fips": "13", "county_name": "Early" }, "geometry": { "type": "Polygon", "coordinates": [ [ [ -85.108192, 31.258591 ], [ -85.089774, 31.295026 ], [ -85.092487, 31.362881 ], [ -85.051681429506203, 31.519540329141702 ], [ -85.029227, 31.486071 ], [ -84.819807, 31.501192 ], [ -84.789032, 31.436356 ], [ -84.637579, 31.433926 ], [ -84.627579, 31.332117 ], [ -84.641673, 31.258967 ], [ -84.917421, 31.25599 ], [ -84.922423, 31.07259 ], [ -85.021107562362801, 31.075463872306401 ], [ -85.107516, 31.186451 ], [ -85.108192, 31.258591 ] ] ] } },
{ "type": "Feature", "properties": { "fips": "37073", "state_fips": "37", "county_name": "Gates" }, "geometry": { "type": "Polygon", "coordinates": [ [ [ -76.916037632856202, 36.546081330290299 ], [ -76.541965865718296, 36.550784532360098 ], [ -76.491336, 36.510677 ], [ -76.491405, 36.468648 ], [ -76.453711, 36.378092 ], [ -76.696571, 36.296138 ], [ -76.779467, 36.362469 ], [ -76.946431, 36.414144 ], [ -76.916037632856202, 36.546081330290299 ] ] ] } },
{ "type": "Feature", "properties": { "fips": "45035", "state_fips": "45", "county_name": "Dorchester" }, "geometry": { "type": "Polygon", "coordinates": [ [ [ -80.790296, 33.18084 ], [ -80.50279, 33.334496 ], [ -80.484578, 33.280034 ], [ -80.361851, 33.257443 ], [ -80.297577, 33.181838 ], [ -80.33594, 33.145463 ], [ -80.149246, 33.021601 ], [ -80.176286, 33.010042 ], [ -80.096755, 32.942628 ], [ -80.105777, 32.893423 ], [ -80.176744, 32.867075 ], [ -80.149255, 32.818195 ], [ -80.40134, 32.858466 ], [ -80.385344, 32.886119 ], [ -80.407088, 33.000169 ], [ -80.387986, 33.034112 ], [ -80.474788, 33.064394 ], [ -80.6221, 33.06608 ], [ -80.703062, 33.152485 ], [ -80.790296, 33.18084 ] ] ] } },
{ "type": "Feature", "properties": { "fips": "45025", "state_fips": "45", "county_name": "Chesterfield" }, "geometry": { "type": "Polygon", "coordinates": [ [ [ -80.561657, 34.817481 ], [ -79.927398038771997, 34.807862590630997 ], [ -79.871959, 34.693841 ], [ -79.777461, 34.613492 ], [ -79.829981, 34.531925 ], [ -79.884542, 34.491218 ], [ -80.04608, 34.492267 ], [ -80.288596, 34.366207 ], [ -80.285538, 34.393678 ], [ -80.32759, 34.49776 ], [ -80.561657, 34.817481 ] ] ] } },
{ "type": "Feature", "properties": { "fips": "45027", "state_fips": "45", "county_name": "Clarendon" }, "geometry": { "type": "Polygon", "coordinates": [ [ [ -80.534085, 33.643911 ], [ -80.478709, 33.714265 ], [ -80.392003, 33.71555 ], [ -80.383367, 33.769794 ], [ -80.255904, 33.803708 ], [ -79.974601, 33.946527 ], [ -79.945948, 33.885997 ], [ -79.87562, 33.885245 ], [ -79.915305, 33.818648 ], [ -79.995638, 33.767906 ], [ -79.974382, 33.72159 ], [ -80.101697, 33.496891 ], [ -80.150003, 33.448463 ], [ -80.393145, 33.445339 ], [ -80.496273, 33.558481 ], [ -80.540514, 33.629032 ], [ -80.534085, 33.643911 ] ] ] } },
{ "type": "Feature", "properties": { "fips": "45033", "state_fips": "45", "county_name": "Dillon" }, "geometry": { "type": "Polygon", "coordinates": [ [ [ -79.633413, 34.297994 ], [ -79.450277289043399, 34.620608997008702 ], [ -79.071254201048205, 34.299313026841901 ], [ -79.128165, 34.253652 ], [ -79.21432, 34.255539 ], [ -79.380264, 34.300572 ], [ -79.480712, 34.288081 ], [ -79.54793, 34.230913 ], [ -79.601003, 34.290532 ], [ -79.633413, 34.297994 ] ] ] } },
{ "type": "Feature", "properties": { "fips": "12031", "state_fips": "12", "county_name": "Duval" }, "geometry": { "type": "Polygon", "coordinates": [ [ [ -82.049236, 30.273432 ], [ -81.738424, 30.534572 ], [ -81.721883, 30.571934 ], [ -81.667833, 30.560671 ], [ -81.606158, 30.585566 ], [ -81.610212, 30.55438 ], [ -81.543018, 30.523889 ], [ -81.499575, 30.563793 ], [ -81.410809, 30.482039 ], [ -81.3743761280233, 30.252931 ], [ -81.436929, 30.252335 ], [ -81.433783, 30.105536 ], [ -81.680215, 30.12124 ], [ -81.692116, 30.14474 ], [ -81.679626, 30.190495 ], [ -82.049411, 30.186933 ], [ -82.049236, 30.273432 ] ] ] } },
{ "type": "Feature", "properties": { "fips": "12041", "state_fips": "12", "county_name": "Gilchrist" }, "geometry": { "type": "Polygon", "coordinates": [ [ [ -82.949707, 29.754409 ], [ -82.920608, 29.824143 ], [ -82.893371, 29.826839 ], [ -82.863266, 29.91105 ], [ -82.770379, 29.928109 ], [ -82.768445, 29.897007 ], [ -82.658554, 29.830144 ], [ -82.656301, 29.564811 ], [ -82.756458, 29.562467 ], [ -82.77291, 29.584879 ], [ -82.954879, 29.585605 ], [ -82.949707, 29.754409 ] ] ] } },
{ "type": "Feature", "properties": { "fips": "37029", "state_fips": "37", "county_name": "Camden" }, "geometry": { "type": "Polygon", "coordinates": [ [ [ -76.491482575472304, 36.550732993836398 ], [ -76.313302968260302, 36.550551089807001 ], [ -76.158532, 36.425333 ], [ -76.114069, 36.357498 ], [ -76.050755, 36.359819 ], [ -75.948777, 36.285851 ], [ -75.887984, 36.163311 ], [ -75.906295, 36.085877 ], [ -76.022398, 36.086654 ], [ -76.02939, 36.158819 ], [ -76.12458, 36.263963 ], [ -76.216211, 36.298302 ], [ -76.231329, 36.37208 ], [ -76.437286, 36.467846 ], [ -76.541965865718296, 36.550784532360098 ], [ -76.491482575472304, 36.550732993836398 ] ] ] } },
{ "type": "Feature", "properties": { "fips": "12013", "state_fips": "12", "county_name": "Calhoun" }, "geometry": { "type": "Polygon", "coordinates": [ [ [ -85.383948, 30.566856 ], [ -85.171891, 30.564336 ], [ -85.167687, 30.607979 ], [ -84.932519, 30.606393 ], [ -84.990017, 30.524795 ], [ -84.983203, 30.441837 ], [ -85.04277, 30.352466 ], [ -85.03429, 30.312478 ], [ -85.11566, 30.199976 ], [ -85.389679, 30.200973 ], [ -85.383948, 30.566856 ] ] ] } },
{ "type": "Feature", "properties": { "fips": "45049", "state_fips": "45", "county_name": "Hampton" }, "geometry": { "type": "Polygon", "coordinates": [ [ [ -81.413116795173593, 32.744261327961503 ], [ -81.338543, 32.768456 ], [ -81.261662, 32.839139 ], [ -81.236956, 32.940244 ], [ -81.082291, 33.02663 ], [ -80.986703, 32.900674 ], [ -80.900059, 32.832632 ], [ -80.826309, 32.704321 ], [ -80.902448, 32.621561 ], [ -81.014625, 32.753058 ], [ -81.284238381765604, 32.547110946285002 ], [ -81.397106, 32.605587 ], [ -81.413116795173593, 32.744261327961503 ] ] ] } },
{ "type": "Feature", "properties": { "fips": "12045", "state_fips": "12", "county_name": "Gulf" }, "geometry": { "type": "Polygon", "coordinates": [ [ [ -85.416548, 29.842628 ], [ -85.38473, 29.920949 ], [ -85.389679, 30.200973 ], [ -85.11566, 30.199976 ], [ -85.154015, 30.092043 ], [ -85.113691, 30.023173 ], [ -85.025439, 29.971399 ], [ -85.054359, 29.90186 ], [ -85.039355, 29.78017 ], [ -85.109401, 29.776793 ], [ -85.206226, 29.711188 ], [ -85.220142273954494, 29.666453713281999 ], [ -85.259719, 29.681296 ], [ -85.352615, 29.659787 ], [ -85.40283, 29.758782 ], [ -85.416548, 29.842628 ] ] ] } },
{ "type": "Feature", "properties": { "fips": "12133", "state_fips": "12", "county_name": "Washington" }, "geometry": { "type": "Polygon", "coordinates": [ [ [ -85.979221, 30.432579 ], [ -85.901219, 30.443849 ], [ -85.859769, 30.490134 ], [ -85.915297, 30.636427 ], [ -85.844421, 30.70313 ], [ -85.821616, 30.790775 ], [ -85.736051, 30.74637 ], [ -85.619011, 30.743868 ], [ -85.599934, 30.830552 ], [ -85.482276, 30.829509 ], [ -85.432274, 30.785457 ], [ -85.434782, 30.56756 ], [ -85.486358, 30.567574 ], [ -85.487968, 30.436655 ], [ -85.8535, 30.440623 ], [ -85.992736, 30.38932 ], [ -85.979221, 30.432579 ] ] ] } },
{ "type": "Feature", "properties": { "fips": "12107", "state_fips": "12", "county_name": "Putnam" }, "geometry": { "type": "Polygon", "coordinates": [ [ [ -82.050955, 29.702569 ], [ -82.055625, 29.718232 ], [ -81.939427, 29.747497 ], [ -81.90926, 29.79356 ], [ -81.81243, 29.83649 ], [ -81.581207, 29.840176 ], [ -81.52523, 29.759497 ], [ -81.520596, 29.500249 ], [ -81.476893, 29.396552 ], [ -81.433992, 29.398552 ], [ -81.445886, 29.380142 ], [ -81.680903, 29.32443 ], [ -81.741422, 29.371049 ], [ -81.776205, 29.487448 ], [ -81.843009, 29.521004 ], [ -82.004385, 29.501715 ], [ -82.055899, 29.471232 ], [ -82.050955, 29.702569 ] ] ] } },
{ "type": "Feature", "properties": { "fips": "13275", "state_fips": "13", "county_name": "Thomas" }, "geometry": { "type": "Polygon", "coordinates": [ [ [ -84.116644, 31.077971 ], [ -84.003627, 31.07729 ], [ -84.003876, 31.041582 ], [ -83.736158, 31.037679 ], [ -83.743729, 30.658526913750499 ], [ -84.083753082300007, 30.675943397967998 ], [ -84.075958, 30.912538 ], [ -84.119058, 30.980956 ], [ -84.116644, 31.077971 ] ] ] } },
{ "type": "Feature", "properties": { "fips": "13287", "state_fips": "13", "county_name": "Turner" }, "geometry": { "type": "Polygon", "coordinates": [ [ [ -83.802723, 31.803579 ], [ -83.612642, 31.804128 ], [ -83.612256, 31.854089 ], [ -83.480176, 31.847312 ], [ -83.45887, 31.793612 ], [ -83.452972, 31.7082 ], [ -83.500702, 31.59399 ], [ -83.648972, 31.596466 ], [ -83.649384, 31.567977 ], [ -83.718774, 31.622028 ], [ -83.796846, 31.622929 ], [ -83.802723, 31.803579 ] ] ] } },
{ "type": "Feature", "properties": { "fips": "37155", "state_fips": "37", "county_name": "Robeson" }, "geometry": { "type": "Polygon", "coordinates": [ [ [ -79.461791031001297, 34.630030678591503 ], [ -79.330825, 34.774078 ], [ -79.347868, 34.838553 ], [ -79.191391, 34.833717 ], [ -79.038747, 34.952715 ], [ -78.940844, 34.903368 ], [ -78.805721, 34.689202 ], [ -78.868961, 34.484778 ], [ -78.960011, 34.442684 ], [ -79.071243612225302, 34.299303951034602 ], [ -79.461791031001297, 34.630030678591503 ] ] ] } },
{ "type": "Feature", "properties": { "fips": "45057", "state_fips": "45", "county_name": "Lancaster" }, "geometry": { "type": "Polygon", "coordinates": [ [ [ -80.906239954082494, 35.0751842697656 ], [ -80.782042, 34.935782 ], [ -80.796997, 34.823874 ], [ -80.561708549382402, 34.817482400336502 ], [ -80.408373, 34.614765 ], [ -80.550552, 34.560116 ], [ -80.527434, 34.503935 ], [ -80.739966, 34.479957 ], [ -80.743345, 34.539916 ], [ -80.879227, 34.457776 ], [ -80.898722, 34.486694 ], [ -80.877491, 34.543146 ], [ -80.896406, 34.631781 ], [ -80.860274, 34.695847 ], [ -80.876121, 34.788047 ], [ -80.898215, 34.820746 ], [ -80.866694, 34.848071 ], [ -80.868652, 34.951143 ], [ -80.906239954082494, 35.0751842697656 ] ] ] } },
{ "type": "Feature", "properties": { "fips": "45067", "state_fips": "45", "county_name": "Marion" }, "geometry": { "type": "Polygon", "coordinates": [ [ [ -79.54793, 34.230913 ], [ -79.480712, 34.288081 ], [ -79.380264, 34.300572 ], [ -79.21432, 34.255539 ], [ -79.128165, 34.253652 ], [ -79.126681, 34.235362 ], [ -79.207787, 34.153877 ], [ -79.247574, 34.057269 ], [ -79.302341, 34.032219 ], [ -79.339076, 33.969722 ], [ -79.256049, 33.872058 ], [ -79.260283, 33.814854 ], [ -79.190264, 33.705787 ], [ -79.246384, 33.695347 ], [ -79.324317, 33.799123 ], [ -79.51694, 33.99398 ], [ -79.515308, 34.097207 ], [ -79.571834, 34.183689 ], [ -79.54793, 34.230913 ] ] ] } },
{ "type": "Feature", "properties": { "fips": "12081", "state_fips": "12", "county_name": "Manatee" }, "geometry": { "type": "Polygon", "coordinates": [ [ [ -82.719852, 27.528933 ], [ -82.65072, 27.523115 ], [ -82.544740412437307, 27.658133342582499 ], [ -82.054349, 27.646382 ], [ -82.056497, 27.207769 ], [ -82.253596, 27.208916 ], [ -82.252264, 27.386243 ], [ -82.648170616859503, 27.38972 ], [ -82.743017, 27.531086 ], [ -82.719852, 27.528933 ] ] ] } },
{ "type": "Feature", "properties": { "fips": "37131", "state_fips": "37", "county_name": "Northampton" }, "geometry": { "type": "Polygon", "coordinates": [ [ [ -77.899774136046702, 36.544850733042402 ], [ -77.164322603718205, 36.546152819847897 ], [ -77.066463, 36.496511 ], [ -77.122959, 36.471218 ], [ -77.208468, 36.246578 ], [ -77.29825, 36.207708 ], [ -77.291519, 36.168342 ], [ -77.386595, 36.213548 ], [ -77.445886, 36.324888 ], [ -77.541108, 36.303264 ], [ -77.585698, 36.33551 ], [ -77.555275, 36.417964 ], [ -77.644367, 36.480228 ], [ -77.899524, 36.504259 ], [ -77.899774136046702, 36.544850733042402 ] ] ] } },
{ "type": "Feature", "properties": { "fips": "37091", "state_fips": "37", "county_name": "Hertford" }, "geometry": { "type": "Polygon", "coordinates": [ [ [ -77.208468, 36.246578 ], [ -77.122959, 36.471218 ], [ -77.066463, 36.496511 ], [ -77.164322603718205, 36.546152819847897 ], [ -76.916037632856202, 36.546081330290299 ], [ -76.946431, 36.414144 ], [ -76.779467, 36.362469 ], [ -76.696571, 36.296138 ], [ -76.706584, 36.243796 ], [ -77.208468, 36.246578 ] ] ] } },
{ "type": "Feature", "properties": { "fips": "37087", "state_fips": "37", "county_name": "Haywood" }, "geometry": { "type": "Polygon", "coordinates": [ [ [ -83.256141552303603, 35.7151240626578 ], [ -83.198267, 35.725494 ], [ -83.161537, 35.763363 ], [ -83.04853, 35.787706 ], [ -82.978414, 35.78261 ], [ -82.966649742898596, 35.795445979573998 ], [ -82.957176, 35.746843 ], [ -82.883909, 35.678235 ], [ -82.84609, 35.614309 ], [ -82.77055, 35.575932 ], [ -82.798174, 35.469805 ], [ -82.745139, 35.422967 ], [ -82.83199, 35.318343 ], [ -82.920881, 35.292037 ], [ -83.164571, 35.509571 ], [ -83.186322, 35.514368 ], [ -83.155835, 35.552622 ], [ -83.181977, 35.671327 ], [ -83.264744168289994, 35.703089496170101 ], [ -83.256141552303603, 35.7151240626578 ] ] ] } },
{ "type": "Feature", "properties": { "fips": "45081", "state_fips": "45", "county_name": "Saluda" }, "geometry": { "type": "Polygon", "coordinates": [ [ [ -81.98991, 33.997101 ], [ -81.870084, 34.135357 ], [ -81.860571, 34.179373 ], [ -81.731614, 34.187613 ], [ -81.538899, 34.081744 ], [ -81.471972, 34.076552 ], [ -81.571487, 33.877318 ], [ -81.651759, 33.81451 ], [ -81.836803, 33.866501 ], [ -81.894595, 33.975415 ], [ -82.008298, 33.961646 ], [ -81.98991, 33.997101 ] ] ] } },
{ "type": "Feature", "properties": { "fips": "45089", "state_fips": "45", "county_name": "Williamsburg" }, "geometry": { "type": "Polygon", "coordinates": [ [ [ -79.974382, 33.72159 ], [ -79.995638, 33.767906 ], [ -79.915305, 33.818648 ], [ -79.87562, 33.885245 ], [ -79.834881, 33.882601 ], [ -79.79837, 33.835562 ], [ -79.743388, 33.835056 ], [ -79.687973, 33.804914 ], [ -79.635808, 33.818038 ], [ -79.496466, 33.775372 ], [ -79.324317, 33.799123 ], [ -79.317041, 33.779878 ], [ -79.409332, 33.68889 ], [ -79.435733, 33.572702 ], [ -79.53808, 33.496896 ], [ -79.677385, 33.336413 ], [ -79.677014, 33.304944 ], [ -79.971062, 33.500743 ], [ -80.101697, 33.496891 ], [ -79.974382, 33.72159 ] ] ] } },
{ "type": "Feature", "properties": { "fips": "13241", "state_fips": "13", "county_name": "Rabun" }, "geometry": { "type": "Polygon", "coordinates": [ [ [ -83.656414, 34.878787 ], [ -83.5491807535047, 34.988803195914002 ], [ -83.108606, 35.000659 ], [ -83.140621, 34.924915 ], [ -83.323866, 34.789712 ], [ -83.320062, 34.759616 ], [ -83.349608510913299, 34.717010582627303 ], [ -83.431465, 34.747272 ], [ -83.534904, 34.740013 ], [ -83.586897, 34.819991 ], [ -83.652194, 34.822993 ], [ -83.656414, 34.878787 ] ] ] } },
{ "type": "Feature", "properties": { "fips": "37139", "state_fips": "37", "county_name": "Pasquotank" }, "geometry": { "type": "Polygon", "coordinates": [ [ [ -76.491336, 36.510677 ], [ -76.437286, 36.467846 ], [ -76.231329, 36.37208 ], [ -76.216211, 36.298302 ], [ -76.12458, 36.263963 ], [ -76.02939, 36.158819 ], [ -76.022607, 36.096725 ], [ -76.157953, 36.059517 ], [ -76.177396, 36.109191 ], [ -76.290671, 36.223497 ], [ -76.375064, 36.258901 ], [ -76.453711, 36.378092 ], [ -76.491405, 36.468648 ], [ -76.491336, 36.510677 ] ] ] } },
{ "type": "Feature", "properties": { "fips": "12021", "state_fips": "12", "county_name": "Collier" }, "geometry": { "type": "Polygon", "coordinates": [ [ [ -81.846485247961795, 26.330372048502799 ], [ -81.819019, 26.316245 ], [ -81.6579, 26.317563 ], [ -81.659506, 26.421077 ], [ -81.56218, 26.422625 ], [ -81.563763, 26.513331 ], [ -81.271768, 26.517069 ], [ -81.268236, 26.253069 ], [ -80.87971, 26.259308 ], [ -80.873096, 25.805377 ], [ -81.442307637462093, 25.803330250874598 ], [ -81.614735, 25.893977 ], [ -81.672633, 25.856654 ], [ -81.727086, 25.907207 ], [ -81.808833, 26.152246 ], [ -81.846485247961795, 26.330372048502799 ] ] ] } },
{ "type": "Feature", "properties": { "fips": "37005", "state_fips": "37", "county_name": "Alleghany" }, "geometry": { "type": "Polygon", "coordinates": [ [ [ -81.353221224602194, 36.576238231156402 ], [ -81.176712, 36.571926 ], [ -80.901661118920998, 36.561751187167999 ], [ -80.973643, 36.453474 ], [ -80.967153, 36.40202 ], [ -81.026688, 36.373195 ], [ -81.095112, 36.440773 ], [ -81.162956, 36.432515 ], [ -81.253552, 36.366622 ], [ -81.24416, 36.384848 ], [ -81.353221224602194, 36.576238231156402 ] ] ] } },
{ "type": "Feature", "properties": { "fips": "45019", "state_fips": "45", "county_name": "Charleston" }, "geometry": { "type": "Polygon", "coordinates": [ [ [ -80.45363, 32.7399 ], [ -80.40134, 32.858466 ], [ -80.149255, 32.818195 ], [ -80.176744, 32.867075 ], [ -80.105777, 32.893423 ], [ -80.096755, 32.942628 ], [ -80.176286, 33.010042 ], [ -80.149246, 33.021601 ], [ -80.056018, 32.999355 ], [ -80.011774, 32.899881 ], [ -79.950448, 32.910174 ], [ -79.914307, 32.818892 ], [ -79.642577, 33.124123 ], [ -79.518844, 33.148297 ], [ -79.446699, 33.213458 ], [ -79.350816, 33.153528 ], [ -79.269396, 33.136883 ], [ -79.274494584642795, 33.1200562677204 ], [ -79.329909, 33.089986 ], [ -79.359961, 33.006672 ], [ -79.423447, 33.015085 ], [ -79.483499, 33.001265 ], [ -79.522449, 33.03535 ], [ -79.580725, 33.006447 ], [ -79.606615, 32.972248 ], [ -79.569762, 32.926692 ], [ -79.695141, 32.850398 ], [ -79.726389, 32.805996 ], [ -79.868352, 32.734849 ], [ -79.884961, 32.684402 ], [ -80.000801, 32.605892 ], [ -80.077039, 32.603319 ], [ -80.190108, 32.546841 ], [ -80.350599, 32.498696 ], [ -80.416586, 32.546318 ], [ -80.389401, 32.65282 ], [ -80.45363, 32.7399 ] ] ] } },
{ "type": "Feature", "properties": { "fips": "13115", "state_fips": "13", "county_name": "Floyd" }, "geometry": { "type": "Polygon", "coordinates": [ [ [ -85.463140824775806, 34.286190988505503 ], [ -85.387351, 34.286097 ], [ -85.334881, 34.369748 ], [ -85.180548, 34.435996 ], [ -85.107748, 34.587483 ], [ -85.069159, 34.587184 ], [ -85.104811, 34.404608 ], [ -85.005775, 34.392446 ], [ -85.023102, 34.347112 ], [ -85.046871, 34.096412 ], [ -85.257624, 34.100668 ], [ -85.25807, 34.079133 ], [ -85.421073175228798, 34.0808126526072 ], [ -85.463140824775806, 34.286190988505503 ] ] ] } },
{ "type": "Feature", "properties": { "fips": "12083", "state_fips": "12", "county_name": "Marion" }, "geometry": { "type": "Polygon", "coordinates": [ [ [ -82.53486, 29.21468 ], [ -82.403237, 29.215623 ], [ -82.40662, 29.485048 ], [ -82.211449, 29.484067 ], [ -82.199639, 29.422172 ], [ -82.109795, 29.435379 ], [ -82.099886, 29.418664 ], [ -82.055899, 29.471232 ], [ -82.004385, 29.501715 ], [ -81.843009, 29.521004 ], [ -81.776205, 29.487448 ], [ -81.741422, 29.371049 ], [ -81.641916, 29.276766 ], [ -81.638696, 29.04776 ], [ -81.658698, 28.960345 ], [ -82.311697, 28.960391 ], [ -82.458566, 29.04765 ], [ -82.535591, 29.044855 ], [ -82.53486, 29.21468 ] ] ] } },
{ "type": "Feature", "properties": { "fips": "12001", "state_fips": "12", "county_name": "Alachua" }, "geometry": { "type": "Polygon", "coordinates": [ [ [ -82.658554, 29.830144 ], [ -82.641008, 29.828473 ], [ -82.510819, 29.945234 ], [ -82.418728, 29.923093 ], [ -82.272563, 29.843011 ], [ -82.133126, 29.835949 ], [ -82.050955, 29.702569 ], [ -82.055899, 29.471232 ], [ -82.099886, 29.418664 ], [ -82.109795, 29.435379 ], [ -82.199639, 29.422172 ], [ -82.211449, 29.484067 ], [ -82.556766, 29.480055 ], [ -82.557565, 29.537606 ], [ -82.656301, 29.564811 ], [ -82.658554, 29.830144 ] ] ] } },
{ "type": "Feature", "properties": { "fips": "13179", "state_fips": "13", "county_name": "Liberty" }, "geometry": { "type": "Polygon", "coordinates": [ [ [ -81.761735, 32.0479 ], [ -81.718658, 32.089351 ], [ -81.603665, 32.008469 ], [ -81.593429, 31.97135 ], [ -81.475761, 31.974255 ], [ -81.407737, 31.944302 ], [ -81.355837, 31.8149 ], [ -81.259887, 31.753754 ], [ -81.135298590200506, 31.710564597966101 ], [ -81.133493, 31.623348 ], [ -81.174832636590594, 31.539596449494798 ], [ -81.22222, 31.63042 ], [ -81.314548, 31.659382 ], [ -81.43576, 31.642055 ], [ -81.491798, 31.699575 ], [ -81.641761, 31.765451 ], [ -81.765357, 31.87454 ], [ -81.750257, 31.973207 ], [ -81.824405, 32.014882 ], [ -81.761735, 32.0479 ] ] ] } },
{ "type": "Feature", "properties": { "fips": "12057", "state_fips": "12", "county_name": "Hillsborough" }, "geometry": { "type": "Polygon", "coordinates": [ [ [ -82.651165, 28.173266 ], [ -82.056261, 28.171592 ], [ -82.054349, 27.646382 ], [ -82.544740412437307, 27.658133342582499 ], [ -82.514265, 27.705588 ], [ -82.43198, 27.768092 ], [ -82.448786, 27.810036 ], [ -82.553946, 27.848462 ], [ -82.566380521251304, 27.836338217713401 ], [ -82.577519, 27.916 ], [ -82.648616, 27.966337 ], [ -82.651165, 28.173266 ] ] ] } },
{ "type": "Feature", "properties": { "fips": "37077", "state_fips": "37", "county_name": "Granville" }, "geometry": { "type": "Polygon", "coordinates": [ [ [ -78.802335, 36.235794 ], [ -78.796273955140506, 36.541759493581601 ], [ -78.457277896255903, 36.5414487083995 ], [ -78.497783, 36.514477 ], [ -78.511224, 36.454808 ], [ -78.496614, 36.175199 ], [ -78.544812, 36.080846 ], [ -78.546414, 36.021826 ], [ -78.683224, 36.074484 ], [ -78.751273, 36.070834 ], [ -78.807484, 36.087295 ], [ -78.802335, 36.235794 ] ] ] } },
{ "type": "Feature", "properties": { "fips": "37109", "state_fips": "37", "county_name": "Lincoln" }, "geometry": { "type": "Polygon", "coordinates": [ [ [ -81.535403, 35.568137 ], [ -80.960025, 35.54702 ], [ -80.939685, 35.529529 ], [ -80.95486, 35.400078 ], [ -81.4556, 35.419811 ], [ -81.515009, 35.557782 ], [ -81.535403, 35.568137 ] ] ] } },
{ "type": "Feature", "properties": { "fips": "37115", "state_fips": "37", "county_name": "Madison" }, "geometry": { "type": "Polygon", "coordinates": [ [ [ -82.966649742898596, 35.795445979573998 ], [ -82.899718, 35.874602 ], [ -82.910608, 35.92693 ], [ -82.860724, 35.94743 ], [ -82.81613, 35.923986 ], [ -82.787465, 35.952163 ], [ -82.779397, 35.992511 ], [ -82.628365, 36.062105 ], [ -82.595525, 36.026012 ], [ -82.610885, 35.974442 ], [ -82.557874, 35.953901 ], [ -82.508007659722495, 35.982013205441497 ], [ -82.494781, 35.909484 ], [ -82.408602, 35.818178 ], [ -82.513161, 35.80338 ], [ -82.805207, 35.686067 ], [ -82.883909, 35.678235 ], [ -82.957176, 35.746843 ], [ -82.966649742898596, 35.795445979573998 ] ] ] } },
{ "type": "Feature", "properties": { "fips": "45079", "state_fips": "45", "county_name": "Richland" }, "geometry": { "type": "Polygon", "coordinates": [ [ [ -81.316911, 34.239458 ], [ -81.178293, 34.174552 ], [ -81.181196, 34.220285 ], [ -81.095863, 34.213872 ], [ -80.825921, 34.26876 ], [ -80.869524, 34.182271 ], [ -80.719318, 34.068972 ], [ -80.616186, 34.099605 ], [ -80.636526, 34.082982 ], [ -80.613869, 34.057324 ], [ -80.633545, 33.85268 ], [ -80.596205, 33.786431 ], [ -80.620107, 33.743237 ], [ -80.78486, 33.761008 ], [ -80.91731, 33.813735 ], [ -81.01233, 33.88008 ], [ -81.05211, 33.997616 ], [ -81.139282, 34.068341 ], [ -81.275845, 34.097381 ], [ -81.338961, 34.197587 ], [ -81.316911, 34.239458 ] ] ] } },
{ "type": "Feature", "properties": { "fips": "45085", "state_fips": "45", "county_name": "Sumter" }, "geometry": { "type": "Polygon", "coordinates": [ [ [ -80.616186, 34.099605 ], [ -80.58011, 34.099949 ], [ -80.479857, 34.168696 ], [ -80.481318, 34.112622 ], [ -80.321721, 34.080356 ], [ -80.180371, 33.952002 ], [ -80.000594, 34.047877 ], [ -79.893377, 33.988747 ], [ -80.255904, 33.803708 ], [ -80.383367, 33.769794 ], [ -80.392003, 33.71555 ], [ -80.478709, 33.714265 ], [ -80.534085, 33.643911 ], [ -80.627531, 33.731212 ], [ -80.596205, 33.786431 ], [ -80.633545, 33.85268 ], [ -80.613869, 34.057324 ], [ -80.636526, 34.082982 ], [ -80.616186, 34.099605 ] ] ] } },
{ "type": "Feature", "properties": { "fips": "13257", "state_fips": "13", "county_name": "Stephens" }, "geometry": { "type": "Polygon", "coordinates": [ [ [ -83.45843, 34.483933 ], [ -83.365044, 34.675308 ], [ -83.340039106784602, 34.686327710412101 ], [ -83.221402, 34.609947 ], [ -83.154577, 34.588198 ], [ -83.102873826035704, 34.537430909765398 ], [ -83.177838, 34.477017 ], [ -83.398049, 34.460998 ], [ -83.45843, 34.483933 ] ] ] } },
{ "type": "Feature", "properties": { "fips": "37009", "state_fips": "37", "county_name": "Ashe" }, "geometry": { "type": "Polygon", "coordinates": [ [ [ -81.734312, 36.413342 ], [ -81.695311, 36.467912 ], [ -81.699962, 36.536829 ], [ -81.677535, 36.588117 ], [ -81.353221224602194, 36.576238231156402 ], [ -81.24416, 36.384848 ], [ -81.253552, 36.366622 ], [ -81.323639, 36.376822 ], [ -81.366667, 36.285884 ], [ -81.477516, 36.24025 ], [ -81.566349, 36.272202 ], [ -81.638186, 36.349606 ], [ -81.725372802891698, 36.389738558711301 ], [ -81.734312, 36.413342 ] ] ] } },
{ "type": "Feature", "properties": { "fips": "37075", "state_fips": "37", "county_name": "Graham" }, "geometry": { "type": "Polygon", "coordinates": [ [ [ -84.038081, 35.348363 ], [ -84.007586, 35.371661 ], [ -84.021782, 35.407418 ], [ -83.953231380150399, 35.460020889576697 ], [ -83.585756, 35.434832 ], [ -83.702772, 35.24852 ], [ -83.831429, 35.256117 ], [ -83.968728, 35.21821 ], [ -84.029104413772501, 35.292123776493902 ], [ -84.038081, 35.348363 ] ] ] } },
{ "type": "Feature", "properties": { "fips": "37063", "state_fips": "37", "county_name": "Durham" }, "geometry": { "type": "Polygon", "coordinates": [ [ [ -78.950597, 36.23932 ], [ -78.802335, 36.235794 ], [ -78.807484, 36.087295 ], [ -78.751273, 36.070834 ], [ -78.699316, 36.011448 ], [ -78.759104, 35.918394 ], [ -78.829965, 35.866978 ], [ -79.016305, 35.86321 ], [ -78.950597, 36.23932 ] ] ] } },
{ "type": "Feature", "properties": { "fips": "37079", "state_fips": "37", "county_name": "Greene" }, "geometry": { "type": "Polygon", "coordinates": [ [ [ -77.822511, 35.585383 ], [ -77.700692, 35.652295 ], [ -77.61037, 35.567552 ], [ -77.503408, 35.517975 ], [ -77.475515, 35.426655 ], [ -77.676719, 35.347344 ], [ -77.697516, 35.377097 ], [ -77.806248, 35.368754 ], [ -77.826744, 35.42409 ], [ -77.822511, 35.585383 ] ] ] } },
{ "type": "Feature", "properties": { "fips": "12109", "state_fips": "12", "county_name": "St. Johns" }, "geometry": { "type": "Polygon", "coordinates": [ [ [ -81.680215, 30.12124 ], [ -81.433783, 30.105536 ], [ -81.436929, 30.252335 ], [ -81.3743761280233, 30.252931 ], [ -81.270442, 29.883106 ], [ -81.256711, 29.784693 ], [ -81.210409596553802, 29.670640805704299 ], [ -81.324059, 29.62561 ], [ -81.52366, 29.622432 ], [ -81.52523, 29.759497 ], [ -81.583457, 29.844556 ], [ -81.60099, 29.956017 ], [ -81.689413, 30.031234 ], [ -81.680215, 30.12124 ] ] ] } },
{ "type": "Feature", "properties": { "fips": "13077", "state_fips": "13", "county_name": "Coweta" }, "geometry": { "type": "Polygon", "coordinates": [ [ [ -85.015358, 33.425506 ], [ -84.935378, 33.437421 ], [ -84.850713, 33.511457 ], [ -84.627734, 33.511038 ], [ -84.60954, 33.502511 ], [ -84.618766, 33.409669 ], [ -84.528184, 33.326942 ], [ -84.497527, 33.257422 ], [ -84.502352, 33.221055 ], [ -84.85236, 33.22359 ], [ -84.862359, 33.191173 ], [ -84.862135, 33.223858 ], [ -84.939015, 33.224693 ], [ -85.015358, 33.425506 ] ] ] } },
{ "type": "Feature", "properties": { "fips": "37161", "state_fips": "37", "county_name": "Rutherford" }, "geometry": { "type": "Polygon", "coordinates": [ [ [ -82.265795, 35.467818 ], [ -82.233203, 35.519402 ], [ -82.150538, 35.518002 ], [ -82.002783, 35.551847 ], [ -81.967619, 35.526007 ], [ -81.856654, 35.542187 ], [ -81.753407, 35.613588 ], [ -81.691989, 35.580041 ], [ -81.702853, 35.357304 ], [ -81.7681344077739, 35.179707706383901 ], [ -81.969358401257594, 35.186927088400502 ], [ -81.963869, 35.24945 ], [ -82.153139, 35.408075 ], [ -82.261305, 35.393198 ], [ -82.280563, 35.443069 ], [ -82.265795, 35.467818 ] ] ] } },
{ "type": "Feature", "properties": { "fips": "13313", "state_fips": "13", "county_name": "Whitfield" }, "geometry": { "type": "Polygon", "coordinates": [ [ [ -85.144789, 34.767639 ], [ -85.061648, 34.819478 ], [ -84.979854025231504, 34.987205613975597 ], [ -84.810477466886397, 34.987877955229202 ], [ -84.818715, 34.87695 ], [ -84.878499, 34.77961 ], [ -84.864945, 34.707356 ], [ -84.94434, 34.676868 ], [ -84.913456, 34.634128 ], [ -84.926362, 34.615719 ], [ -85.050446, 34.622482 ], [ -85.050847, 34.71998 ], [ -85.168851, 34.720279 ], [ -85.144789, 34.767639 ] ] ] } },
{ "type": "Feature", "properties": { "fips": "13101", "state_fips": "13", "county_name": "Echols" }, "geometry": { "type": "Polygon", "coordinates": [ [ [ -83.136618858203605, 30.6238859448931 ], [ -83.124865, 30.803655 ], [ -83.088082, 30.848658 ], [ -83.019419, 30.849453 ], [ -82.971336, 30.869392 ], [ -82.846353, 30.834988 ], [ -82.766159, 30.732404 ], [ -82.581202, 30.696237 ], [ -82.584005186419503, 30.591636579087599 ], [ -83.136618858203605, 30.6238859448931 ] ] ] } },
{ "type": "Feature", "properties": { "fips": "37183", "state_fips": "37", "county_name": "Wake" }, "geometry": { "type": "Polygon", "coordinates": [ [ [ -78.946988, 35.741366 ], [ -78.906071, 35.868096 ], [ -78.829965, 35.866978 ], [ -78.759104, 35.918394 ], [ -78.699316, 36.011448 ], [ -78.751273, 36.070834 ], [ -78.683224, 36.074484 ], [ -78.546414, 36.021826 ], [ -78.307409, 35.896738 ], [ -78.255973, 35.81812 ], [ -78.468503, 35.707072 ], [ -78.708902, 35.519458 ], [ -78.995048, 35.610166 ], [ -78.946988, 35.741366 ] ] ] } },
{ "type": "Feature", "properties": { "fips": "37193", "state_fips": "37", "county_name": "Wilkes" }, "geometry": { "type": "Polygon", "coordinates": [ [ [ -81.455792, 36.200441 ], [ -81.477516, 36.24025 ], [ -81.366667, 36.285884 ], [ -81.323639, 36.376822 ], [ -81.253552, 36.366622 ], [ -81.162956, 36.432515 ], [ -81.095112, 36.440773 ], [ -81.026688, 36.373195 ], [ -80.967153, 36.40202 ], [ -80.868746, 36.326447 ], [ -80.881591, 36.055718 ], [ -80.975675, 36.05881 ], [ -81.263596, 36.025818 ], [ -81.328324, 35.996583 ], [ -81.397773, 36.066431 ], [ -81.545488, 36.117475 ], [ -81.455792, 36.200441 ] ] ] } },
{ "type": "Feature", "properties": { "fips": "37093", "state_fips": "37", "county_name": "Hoke" }, "geometry": { "type": "Polygon", "coordinates": [ [ [ -79.458751, 35.043639 ], [ -79.335477, 35.161588 ], [ -79.246383, 35.212964 ], [ -79.097551, 35.174233 ], [ -79.112921, 35.125651 ], [ -79.038747, 34.952715 ], [ -79.191391, 34.833717 ], [ -79.347868, 34.838553 ], [ -79.353124, 34.944242 ], [ -79.458751, 35.043639 ] ] ] } },
{ "type": "Feature", "properties": { "fips": "13141", "state_fips": "13", "county_name": "Hancock" }, "geometry": { "type": "Polygon", "coordinates": [ [ [ -83.253461, 33.25929 ], [ -83.145856, 33.310045 ], [ -83.164207, 33.35503 ], [ -83.012853, 33.469178 ], [ -82.983657, 33.447677 ], [ -82.851954, 33.443543 ], [ -82.824105, 33.427627 ], [ -82.748311, 33.238348 ], [ -82.855046, 33.196427 ], [ -82.888866, 33.138603 ], [ -83.100838, 33.049864 ], [ -83.097649, 33.151536 ], [ -83.274108, 33.187238 ], [ -83.253461, 33.25929 ] ] ] } },
{ "type": "Feature", "properties": { "fips": "12115", "state_fips": "12", "county_name": "Sarasota" }, "geometry": { "type": "Polygon", "coordinates": [ [ [ -82.648170616859503, 27.38972 ], [ -82.252264, 27.386243 ], [ -82.253596, 27.208916 ], [ -82.056497, 27.207769 ], [ -82.057506, 27.032119 ], [ -82.255169, 27.03302 ], [ -82.255521, 26.945264 ], [ -82.369201392169103, 26.9460810256335 ], [ -82.539719, 27.254326 ], [ -82.648170616859503, 27.38972 ] ] ] } },
{ "type": "Feature", "properties": { "fips": "37047", "state_fips": "37", "county_name": "Columbus" }, "geometry": { "type": "Polygon", "coordinates": [ [ [ -79.071243612225302, 34.299303951034602 ], [ -78.960011, 34.442684 ], [ -78.868961, 34.484778 ], [ -78.825861, 34.461732 ], [ -78.667588, 34.469645 ], [ -78.44532, 34.3774 ], [ -78.334569, 34.367536 ], [ -78.256085, 34.399469 ], [ -78.202532, 34.353306 ], [ -78.16235, 34.357007 ], [ -78.254622, 34.216305 ], [ -78.374295, 34.204893 ], [ -78.422734, 34.139631 ], [ -78.507338, 34.169246 ], [ -78.545218, 34.145747 ], [ -78.555043, 34.067071 ], [ -78.640688, 34.009854 ], [ -78.650871280533295, 33.945055720532899 ], [ -79.071243612225302, 34.299303951034602 ] ] ] } },
{ "type": "Feature", "properties": { "fips": "13227", "state_fips": "13", "county_name": "Pickens" }, "geometry": { "type": "Polygon", "coordinates": [ [ [ -84.654366, 34.548946 ], [ -84.371352, 34.548495 ], [ -84.345553, 34.562735 ], [ -84.319679, 34.467857 ], [ -84.256867, 34.467327 ], [ -84.257586, 34.380992 ], [ -84.58263, 34.381492 ], [ -84.58283, 34.412191 ], [ -84.653232, 34.41259 ], [ -84.654366, 34.548946 ] ] ] } },
{ "type": "Feature", "properties": { "fips": "13247", "state_fips": "13", "county_name": "Rockdale" }, "geometry": { "type": "Polygon", "coordinates": [ [ [ -84.184143, 33.646157 ], [ -84.115791, 33.614666 ], [ -84.023713, 33.752808 ], [ -83.982033, 33.786054 ], [ -83.914823, 33.744203 ], [ -83.931268, 33.651259 ], [ -84.003278, 33.554875 ], [ -84.010681, 33.563312 ], [ -84.044493, 33.525776 ], [ -84.04972, 33.541081 ], [ -84.125073, 33.561248 ], [ -84.184143, 33.646157 ] ] ] } },
{ "type": "Feature", "properties": { "fips": "13117", "state_fips": "13", "county_name": "Forsyth" }, "geometry": { "type": "Polygon", "coordinates": [ [ [ -84.259019, 34.185918 ], [ -84.258075, 34.335156 ], [ -83.957077, 34.334011 ], [ -83.925575, 34.28527 ], [ -83.989059, 34.195732 ], [ -84.085809, 34.148314 ], [ -84.113324, 34.078285 ], [ -84.097693, 34.050708 ], [ -84.143442, 34.055315 ], [ -84.258946, 34.109523 ], [ -84.259019, 34.185918 ] ] ] } },
{ "type": "Feature", "properties": { "fips": "37083", "state_fips": "37", "county_name": "Halifax" }, "geometry": { "type": "Polygon", "coordinates": [ [ [ -77.911963, 36.382446 ], [ -77.899524, 36.504259 ], [ -77.644367, 36.480228 ], [ -77.555275, 36.417964 ], [ -77.585698, 36.33551 ], [ -77.541108, 36.303264 ], [ -77.445886, 36.324888 ], [ -77.386595, 36.213548 ], [ -77.291519, 36.168342 ], [ -77.230275, 36.104999 ], [ -77.327569, 36.071361 ], [ -77.402614, 36.004966 ], [ -77.517646, 36.036775 ], [ -77.5407, 36.096085 ], [ -77.697956, 36.15315 ], [ -77.720742, 36.133884 ], [ -77.8864, 36.143994 ], [ -78.006551, 36.202633 ], [ -77.911963, 36.382446 ] ] ] } },
{ "type": "Feature", "properties": { "fips": "12003", "state_fips": "12", "county_name": "Baker" }, "geometry": { "type": "Polygon", "coordinates": [ [ [ -82.459581, 30.584264 ], [ -82.218607, 30.564395 ], [ -82.229427, 30.520814 ], [ -82.200965, 30.474427 ], [ -82.210318, 30.424577 ], [ -82.180043, 30.36861 ], [ -82.050982981680903, 30.3683677759449 ], [ -82.049425, 30.143136 ], [ -82.458364, 30.136449 ], [ -82.459581, 30.584264 ] ] ] } },
{ "type": "Feature", "properties": { "fips": "37141", "state_fips": "37", "county_name": "Pender" }, "geometry": { "type": "Polygon", "coordinates": [ [ [ -78.256085, 34.399469 ], [ -78.176501, 34.465356 ], [ -78.255468, 34.508614 ], [ -78.254441, 34.553595 ], [ -78.114007, 34.721795 ], [ -77.680127, 34.720595 ], [ -77.576165, 34.476607 ], [ -77.515216544584803, 34.437384969426603 ], [ -77.713513170458796, 34.290247186686798 ], [ -77.823102, 34.389287 ], [ -78.029922, 34.331768 ], [ -78.137302, 34.371711 ], [ -78.202532, 34.353306 ], [ -78.256085, 34.399469 ] ] ] } },
{ "type": "Feature", "properties": { "fips": "13249", "state_fips": "13", "county_name": "Schley" }, "geometry": { "type": "Polygon", "coordinates": [ [ [ -84.420311, 32.186539 ], [ -84.381817, 32.428047 ], [ -84.254613, 32.372053 ], [ -84.255912, 32.296156 ], [ -84.220144, 32.23115 ], [ -84.181657, 32.229703 ], [ -84.183569, 32.158493 ], [ -84.430218, 32.166257 ], [ -84.420311, 32.186539 ] ] ] } },
{ "type": "Feature", "properties": { "fips": "13021", "state_fips": "13", "county_name": "Bibb" }, "geometry": { "type": "Polygon", "coordinates": [ [ [ -83.872752, 32.859489 ], [ -83.734153, 32.951009 ], [ -83.710685, 32.952792 ], [ -83.696017, 32.91687 ], [ -83.658601, 32.887836 ], [ -83.56507, 32.877164 ], [ -83.513511, 32.844868 ], [ -83.602186, 32.741448 ], [ -83.597656, 32.664338 ], [ -83.617714, 32.663448 ], [ -83.810211, 32.729591 ], [ -83.891922, 32.848351 ], [ -83.872752, 32.859489 ] ] ] } },
{ "type": "Feature", "properties": { "fips": "37089", "state_fips": "37", "county_name": "Henderson" }, "geometry": { "type": "Polygon", "coordinates": [ [ [ -82.673343, 35.459453 ], [ -82.570608, 35.431045 ], [ -82.368499, 35.460616 ], [ -82.332822, 35.50022 ], [ -82.265795, 35.467818 ], [ -82.280563, 35.443069 ], [ -82.261305, 35.393198 ], [ -82.359152, 35.244489 ], [ -82.353175272919501, 35.198714129600702 ], [ -82.411301, 35.202483 ], [ -82.5777151484413, 35.146475347847499 ], [ -82.619248, 35.303708 ], [ -82.745139, 35.422967 ], [ -82.673343, 35.459453 ] ] ] } },
{ "type": "Feature", "properties": { "fips": "12011", "state_fips": "12", "county_name": "Broward" }, "geometry": { "type": "Polygon", "coordinates": [ [ [ -80.881285, 26.333806 ], [ -80.24977, 26.341526 ], [ -80.075874439443197, 26.320912769880199 ], [ -80.115006783606304, 25.975326162792399 ], [ -80.278764, 25.970968 ], [ -80.294972, 25.95677 ], [ -80.680016, 25.956857 ], [ -80.680038, 25.978749 ], [ -80.872932, 25.979434 ], [ -80.881285, 26.333806 ] ] ] } },
{ "type": "Feature", "properties": { "fips": "37057", "state_fips": "37", "county_name": "Davidson" }, "geometry": { "type": "Polygon", "coordinates": [ [ [ -80.487553, 35.833234 ], [ -80.398823, 35.841347 ], [ -80.370009, 35.885747 ], [ -80.394307, 35.972762 ], [ -80.21373, 36.026808 ], [ -80.043238, 36.010758 ], [ -80.066842, 35.505661 ], [ -80.183264, 35.504141 ], [ -80.20899, 35.581495 ], [ -80.333317, 35.683563 ], [ -80.333789, 35.720033 ], [ -80.458923, 35.742758 ], [ -80.487553, 35.833234 ] ] ] } },
{ "type": "Feature", "properties": { "fips": "13291", "state_fips": "13", "county_name": "Union" }, "geometry": { "type": "Polygon", "coordinates": [ [ [ -84.129446962635896, 34.987946953955301 ], [ -83.936427344251996, 34.987484383379702 ], [ -83.914919, 34.926975 ], [ -83.808675, 34.904419 ], [ -83.780346, 34.792905 ], [ -83.825465, 34.778972 ], [ -83.856506, 34.722191 ], [ -83.939007, 34.740859 ], [ -84.03651, 34.641934 ], [ -84.158035, 34.648243 ], [ -84.093193, 34.801411 ], [ -84.107422, 34.886896 ], [ -84.178834, 34.952086 ], [ -84.129446962635896, 34.987946953955301 ] ] ] } },
{ "type": "Feature", "properties": { "fips": "37011", "state_fips": "37", "county_name": "Avery" }, "geometry": { "type": "Polygon", "coordinates": [ [ [ -82.080143, 36.10572 ], [ -82.02874, 36.124322 ], [ -81.918444472904795, 36.287357917382103 ], [ -81.909008, 36.216392 ], [ -81.82923, 36.168791 ], [ -81.810516, 36.111511 ], [ -81.735673, 36.067584 ], [ -81.807162, 35.961955 ], [ -81.899871, 35.999909 ], [ -81.981954, 35.911361 ], [ -82.034104, 35.942057 ], [ -82.080143, 36.10572 ] ] ] } },
{ "type": "Feature", "properties": { "fips": "13175", "state_fips": "13", "county_name": "Laurens" }, "geometry": { "type": "Polygon", "coordinates": [ [ [ -83.226536, 32.584201 ], [ -82.957066, 32.708318 ], [ -82.862763, 32.71576 ], [ -82.794538, 32.66023 ], [ -82.668557, 32.612164 ], [ -82.647733, 32.512507 ], [ -82.748732, 32.32915 ], [ -82.721964, 32.309283 ], [ -82.755158, 32.26969 ], [ -82.990967, 32.147274 ], [ -83.226536, 32.584201 ] ] ] } },
{ "type": "Feature", "properties": { "fips": "12069", "state_fips": "12", "county_name": "Lake" }, "geometry": { "type": "Polygon", "coordinates": [ [ [ -81.95346, 28.886991 ], [ -81.95419, 28.960053 ], [ -81.658698, 28.960345 ], [ -81.638696, 29.04776 ], [ -81.641916, 29.276766 ], [ -81.61234, 29.202943 ], [ -81.531262, 29.176621 ], [ -81.502055, 29.097802 ], [ -81.354554, 28.984375 ], [ -81.352767, 28.923117 ], [ -81.37238, 28.8689 ], [ -81.419555, 28.815181 ], [ -81.414682, 28.785564 ], [ -81.646513, 28.785872 ], [ -81.658597, 28.766442 ], [ -81.657268, 28.347098 ], [ -81.957641, 28.34518 ], [ -81.95346, 28.886991 ] ] ] } },
{ "type": "Feature", "properties": { "fips": "45017", "state_fips": "45", "county_name": "Calhoun" }, "geometry": { "type": "Polygon", "coordinates": [ [ [ -81.058521, 33.747053 ], [ -81.01233, 33.88008 ], [ -80.91731, 33.813735 ], [ -80.78486, 33.761008 ], [ -80.620107, 33.743237 ], [ -80.627531, 33.731212 ], [ -80.534085, 33.643911 ], [ -80.540514, 33.629032 ], [ -80.496273, 33.558481 ], [ -80.552272, 33.565414 ], [ -80.616575, 33.466006 ], [ -80.807631, 33.604081 ], [ -80.885414, 33.618208 ], [ -80.93979, 33.608798 ], [ -81.042854, 33.707131 ], [ -80.924968, 33.756803 ], [ -81.014003, 33.781241 ], [ -81.058521, 33.747053 ] ] ] } },
{ "type": "Feature", "properties": { "fips": "13063", "state_fips": "13", "county_name": "Clayton" }, "geometry": { "type": "Polygon", "coordinates": [ [ [ -84.45821, 33.594377 ], [ -84.457726, 33.648866 ], [ -84.281654, 33.647307 ], [ -84.243858, 33.598618 ], [ -84.292591, 33.549145 ], [ -84.29468, 33.435715 ], [ -84.353584, 33.436165 ], [ -84.3544, 33.352514 ], [ -84.388118, 33.352465 ], [ -84.381814, 33.463467 ], [ -84.4377, 33.547069 ], [ -84.458665, 33.550933 ], [ -84.45821, 33.594377 ] ] ] } },
{ "type": "Feature", "properties": { "fips": "13133", "state_fips": "13", "county_name": "Greene" }, "geometry": { "type": "Polygon", "coordinates": [ [ [ -83.406189, 33.698307 ], [ -83.29145, 33.734315 ], [ -83.28034, 33.761774 ], [ -83.118729, 33.698818 ], [ -82.995602, 33.693583 ], [ -82.951163, 33.661272 ], [ -83.014038, 33.580383 ], [ -83.012853, 33.469178 ], [ -83.164207, 33.35503 ], [ -83.224564, 33.380423 ], [ -83.279931, 33.483438 ], [ -83.269213, 33.533226 ], [ -83.34687, 33.600498 ], [ -83.406189, 33.698307 ] ] ] } },
{ "type": "Feature", "properties": { "fips": "37179", "state_fips": "37", "county_name": "Union" }, "geometry": { "type": "Polygon", "coordinates": [ [ [ -80.840548567614803, 35.001450942632303 ], [ -80.770247, 35.034371 ], [ -80.550349, 35.208412 ], [ -80.504985, 35.184998 ], [ -80.356982, 35.16494 ], [ -80.276829, 35.195722 ], [ -80.320832571129799, 34.813620821543999 ], [ -80.796997, 34.823874 ], [ -80.782042, 34.935782 ], [ -80.840548567614803, 35.001450942632303 ] ] ] } },
{ "type": "Feature", "properties": { "fips": "13093", "state_fips": "13", "county_name": "Dooly" }, "geometry": { "type": "Polygon", "coordinates": [ [ [ -84.0276, 32.171165 ], [ -83.894777, 32.292175 ], [ -83.615579, 32.288556 ], [ -83.609663, 32.027938 ], [ -83.961278, 32.030595 ], [ -84.033494, 32.153078 ], [ -84.0276, 32.171165 ] ] ] } },
{ "type": "Feature", "properties": { "fips": "37053", "state_fips": "37", "county_name": "Currituck" }, "geometry": { "type": "Polygon", "coordinates": [ [ [ -76.313215, 36.550551 ], [ -75.867044, 36.550754 ], [ -75.770651462559698, 36.232080307050801 ], [ -75.76628, 36.056956 ], [ -75.840046, 36.028834 ], [ -75.874806, 36.041789 ], [ -75.906295, 36.085877 ], [ -75.887984, 36.163311 ], [ -75.948777, 36.285851 ], [ -76.050755, 36.359819 ], [ -76.114069, 36.357498 ], [ -76.158532, 36.425333 ], [ -76.313215, 36.550551 ] ] ] } },
{ "type": "Feature", "properties": { "fips": "12087", "state_fips": "12", "county_name": "Monroe" }, "geometry": { "type": "MultiPolygon", "coordinates": [ [ [ [ -81.148718, 24.710477 ], [ -80.847471, 24.851753 ], [ -80.610869, 25.006995 ], [ -80.516571, 25.095457 ], [ -80.482826, 25.224786 ], [ -80.394931, 25.253537 ], [ -80.372121, 25.310215 ], [ -80.265472, 25.354296 ], [ -80.229353784912604, 25.3421186263507 ], [ -80.358183, 25.153228 ], [ -80.496761, 24.999324 ], [ -80.651189, 24.866131 ], [ -80.966245, 24.707852 ], [ -81.103373, 24.669463 ], [ -81.148718, 24.710477 ] ] ], [ [ [ -81.442307637462093, 25.803330250874598 ], [ -80.873096, 25.805377 ], [ -80.87319, 25.363993 ], [ -80.8581700400306, 25.1775203265261 ], [ -80.915924, 25.141301 ], [ -81.079859, 25.118797 ], [ -81.142278, 25.183 ], [ -81.170907, 25.245857 ], [ -81.146765, 25.407577 ], [ -81.289901, 25.673554 ], [ -81.355986, 25.703526 ], [ -81.38381, 25.776751 ], [ -81.442307637462093, 25.803330250874598 ] ] ], [ [ [ -81.811693, 24.568745 ], [ -81.751266, 24.653517 ], [ -81.44351, 24.813364 ], [ -81.305054, 24.755185 ], [ -81.243232, 24.673998 ], [ -81.401889, 24.623544 ], [ -81.443915, 24.642677 ], [ -81.685243, 24.558676 ], [ -81.812536, 24.545469 ], [ -81.811693, 24.568745 ] ] ], [ [ [ -82.01491, 24.543071 ], [ -81.983908, 24.580682 ], [ -81.868711, 24.58412 ], [ -81.918855, 24.498131 ], [ -82.028091, 24.498716 ], [ -82.01491, 24.543071 ] ] ], [ [ [ -82.188031, 24.574699 ], [ -82.144099, 24.622481 ], [ -82.086643, 24.590071 ], [ -82.100757, 24.533288 ], [ -82.179454, 24.52947 ], [ -82.188031, 24.574699 ] ] ] ] } },
{ "type": "Feature", "properties": { "fips": "13243", "state_fips": "13", "county_name": "Randolph" }, "geometry": { "type": "Polygon", "coordinates": [ [ [ -84.95864, 31.777854 ], [ -84.910338, 31.776841 ], [ -84.907006, 31.924465 ], [ -84.599776, 31.920171 ], [ -84.603086, 31.772001 ], [ -84.535434, 31.676494 ], [ -84.546854, 31.621199 ], [ -84.59715, 31.637613 ], [ -84.942353, 31.618669 ], [ -84.930998, 31.672309 ], [ -84.949784, 31.679914 ], [ -84.95864, 31.777854 ] ] ] } },
{ "type": "Feature", "properties": { "fips": "12075", "state_fips": "12", "county_name": "Levy" }, "geometry": { "type": "Polygon", "coordinates": [ [ [ -83.165554126281194, 29.288964743453999 ], [ -83.060528, 29.349457 ], [ -82.984371, 29.471004 ], [ -82.937329, 29.591196 ], [ -82.77291, 29.584879 ], [ -82.756458, 29.562467 ], [ -82.656301, 29.564811 ], [ -82.557565, 29.537606 ], [ -82.556766, 29.480055 ], [ -82.40662, 29.485048 ], [ -82.403237, 29.215623 ], [ -82.53486, 29.21468 ], [ -82.535591, 29.044855 ], [ -82.612653, 29.009271 ], [ -82.712039, 29.030834 ], [ -82.755573808695701, 29.000930118260399 ], [ -82.759704, 29.054192 ], [ -82.823659, 29.098902 ], [ -82.798876, 29.114504 ], [ -82.827073, 29.158425 ], [ -82.996144, 29.178074 ], [ -83.016248, 29.125371 ], [ -83.053207, 29.130839 ], [ -83.078986, 29.196944 ], [ -83.074734, 29.247975 ], [ -83.165554126281194, 29.288964743453999 ] ] ] } },
{ "type": "Feature", "properties": { "fips": "37013", "state_fips": "37", "county_name": "Beaufort" }, "geometry": { "type": "Polygon", "coordinates": [ [ [ -77.173828, 35.472634 ], [ -77.17621, 35.5191 ], [ -77.08472, 35.55275 ], [ -77.172766, 35.6391 ], [ -77.174, 35.732831 ], [ -76.985842, 35.658848 ], [ -76.847264, 35.719982 ], [ -76.844279, 35.705717 ], [ -76.637513, 35.705215 ], [ -76.588191, 35.620654 ], [ -76.467761, 35.556504 ], [ -76.509605, 35.518356 ], [ -76.599085, 35.51996 ], [ -76.522131, 35.353623 ], [ -76.590497, 35.361857 ], [ -76.632561, 35.235324 ], [ -76.845505, 35.216059 ], [ -76.958887, 35.301013 ], [ -77.189115, 35.418362 ], [ -77.173828, 35.472634 ] ] ] } },
{ "type": "Feature", "properties": { "fips": "12037", "state_fips": "12", "county_name": "Franklin" }, "geometry": { "type": "Polygon", "coordinates": [ [ [ -85.206226, 29.711188 ], [ -85.109401, 29.776793 ], [ -85.039355, 29.78017 ], [ -85.054359, 29.90186 ], [ -85.007626, 30.013883 ], [ -84.54445, 30.01103 ], [ -84.523992, 29.981728 ], [ -84.467713, 30.001853 ], [ -84.341439, 29.962208 ], [ -84.333746, 29.923721 ], [ -84.349066, 29.896812 ], [ -84.423834, 29.902996 ], [ -84.470323, 29.924524 ], [ -84.535873, 29.910092 ], [ -84.57744, 29.887828 ], [ -84.564976, 29.81018 ], [ -84.692619, 29.763039 ], [ -84.776954, 29.692191 ], [ -85.045074, 29.586991 ], [ -85.220142273954494, 29.666453713281999 ], [ -85.206226, 29.711188 ] ] ] } },
{ "type": "Feature", "properties": { "fips": "13121", "state_fips": "13", "county_name": "Fulton" }, "geometry": { "type": "Polygon", "coordinates": [ [ [ -84.815869, 33.520249 ], [ -84.796536, 33.595592 ], [ -84.752735, 33.63021 ], [ -84.656433, 33.659409 ], [ -84.578132, 33.743507 ], [ -84.455829, 33.825804 ], [ -84.447032, 33.911065 ], [ -84.374743, 33.985908 ], [ -84.418927, 34.073298 ], [ -84.352302, 34.176717 ], [ -84.259019, 34.185918 ], [ -84.258946, 34.109523 ], [ -84.143442, 34.055315 ], [ -84.097693, 34.050708 ], [ -84.262655, 33.987155 ], [ -84.277093, 33.957614 ], [ -84.347412, 33.968109 ], [ -84.350148, 33.647946 ], [ -84.457726, 33.648866 ], [ -84.458665, 33.550933 ], [ -84.60954, 33.502511 ], [ -84.850713, 33.511457 ], [ -84.815869, 33.520249 ] ] ] } },
{ "type": "Feature", "properties": { "fips": "13087", "state_fips": "13", "county_name": "Decatur" }, "geometry": { "type": "Polygon", "coordinates": [ [ [ -84.863463844382494, 30.711497014654402 ], [ -84.78682, 30.801489 ], [ -84.730855, 31.06919 ], [ -84.376612, 31.078883 ], [ -84.380754183552497, 30.688827197045899 ], [ -84.863463844382494, 30.711497014654402 ] ] ] } },
{ "type": "Feature", "properties": { "fips": "13217", "state_fips": "13", "county_name": "Newton" }, "geometry": { "type": "Polygon", "coordinates": [ [ [ -84.044493, 33.525776 ], [ -84.010681, 33.563312 ], [ -84.003278, 33.554875 ], [ -83.931268, 33.651259 ], [ -83.914823, 33.744203 ], [ -83.691551, 33.616989 ], [ -83.674644, 33.487225 ], [ -83.824922, 33.437263 ], [ -83.863058, 33.368278 ], [ -83.912516, 33.417752 ], [ -83.949478, 33.485782 ], [ -84.054396, 33.514907 ], [ -84.044493, 33.525776 ] ] ] } },
{ "type": "Feature", "properties": { "fips": "12103", "state_fips": "12", "county_name": "Pinellas" }, "geometry": { "type": "Polygon", "coordinates": [ [ [ -82.859384956032898, 28.1721750746045 ], [ -82.651165, 28.173266 ], [ -82.648616, 27.966337 ], [ -82.577519, 27.916 ], [ -82.566380521251304, 27.836338217713401 ], [ -82.622723, 27.779868 ], [ -82.62502, 27.732706 ], [ -82.705017, 27.62531 ], [ -82.733076, 27.612972 ], [ -82.746223, 27.731306 ], [ -82.846526, 27.854301 ], [ -82.828163, 28.02013 ], [ -82.859384956032898, 28.1721750746045 ] ] ] } },
{ "type": "Feature", "properties": { "fips": "12033", "state_fips": "12", "county_name": "Escambia" }, "geometry": { "type": "Polygon", "coordinates": [ [ [ -87.592064, 30.95146 ], [ -87.598937, 30.997422 ], [ -87.163645308458996, 30.999021835748 ], [ -87.286882, 30.925441 ], [ -87.313611, 30.847266 ], [ -87.302661, 30.71937 ], [ -87.269407, 30.711687 ], [ -87.258884, 30.611281 ], [ -87.209715, 30.555266 ], [ -87.121451, 30.497419 ], [ -87.151906, 30.412598 ], [ -87.233284, 30.370331 ], [ -87.228856484170393, 30.3197321482474 ], [ -87.319518, 30.317814 ], [ -87.518324, 30.280435 ], [ -87.452282, 30.344097 ], [ -87.431784, 30.403193 ], [ -87.366601, 30.436643 ], [ -87.414685, 30.457289 ], [ -87.444722, 30.507484 ], [ -87.401189, 30.604383 ], [ -87.400189, 30.657201 ], [ -87.523621, 30.738285 ], [ -87.634943, 30.865857 ], [ -87.592064, 30.95146 ] ] ] } },
{ "type": "Feature", "properties": { "fips": "37189", "state_fips": "37", "county_name": "Watauga" }, "geometry": { "type": "Polygon", "coordinates": [ [ [ -81.918444472904795, 36.287357917382103 ], [ -81.833202, 36.347339 ], [ -81.705966, 36.338496 ], [ -81.725372802891698, 36.389738558711301 ], [ -81.638186, 36.349606 ], [ -81.566349, 36.272202 ], [ -81.477516, 36.24025 ], [ -81.455792, 36.200441 ], [ -81.545488, 36.117475 ], [ -81.810516, 36.111511 ], [ -81.82923, 36.168791 ], [ -81.909008, 36.216392 ], [ -81.918444472904795, 36.287357917382103 ] ] ] } },
{ "type": "Feature", "properties": { "fips": "37003", "state_fips": "37", "county_name": "Alexander" }, "geometry": { "type": "Polygon", "coordinates": [ [ [ -81.343595, 35.826987 ], [ -81.328324, 35.996583 ], [ -81.263596, 36.025818 ], [ -81.028833, 36.045652 ], [ -81.005541, 35.958287 ], [ -81.041339, 35.857855 ], [ -81.109507, 35.776594 ], [ -81.143053, 35.827887 ], [ -81.334272, 35.796281 ], [ -81.343595, 35.826987 ] ] ] } },
{ "type": "Feature", "properties": { "fips": "13135", "state_fips": "13", "county_name": "Gwinnett" }, "geometry": { "type": "Polygon", "coordinates": [ [ [ -84.271174, 33.959803 ], [ -84.262655, 33.987155 ], [ -84.097693, 34.050708 ], [ -84.113324, 34.078285 ], [ -84.085809, 34.148314 ], [ -84.062841, 34.167873 ], [ -83.86803, 34.098281 ], [ -83.817682, 34.127493 ], [ -83.863934, 34.001587 ], [ -83.799104, 33.929844 ], [ -84.023713, 33.752808 ], [ -84.259822, 33.918901 ], [ -84.271174, 33.959803 ] ] ] } },
{ "type": "Feature", "properties": { "fips": "13109", "state_fips": "13", "county_name": "Evans" }, "geometry": { "type": "Polygon", "coordinates": [ [ [ -82.025339, 32.278883 ], [ -81.81628, 32.23747 ], [ -81.75634, 32.104584 ], [ -81.718658, 32.089351 ], [ -81.761735, 32.0479 ], [ -81.888938, 32.050398 ], [ -81.980041, 32.081502 ], [ -82.025339, 32.278883 ] ] ] } },
{ "type": "Feature", "properties": { "fips": "13035", "state_fips": "13", "county_name": "Butts" }, "geometry": { "type": "Polygon", "coordinates": [ [ [ -84.088991, 33.285646 ], [ -84.102582, 33.298191 ], [ -83.964374, 33.375154 ], [ -83.923913, 33.444194 ], [ -83.863058, 33.368278 ], [ -83.807265, 33.192986 ], [ -83.822261, 33.180238 ], [ -83.842615, 33.196773 ], [ -84.123767, 33.202824 ], [ -84.088991, 33.285646 ] ] ] } },
{ "type": "Feature", "properties": { "fips": "13277", "state_fips": "13", "county_name": "Tift" }, "geometry": { "type": "Polygon", "coordinates": [ [ [ -83.665777, 31.485135 ], [ -83.650566, 31.490338 ], [ -83.648972, 31.596466 ], [ -83.500702, 31.59399 ], [ -83.500951, 31.570117 ], [ -83.42084, 31.553565 ], [ -83.338728, 31.475991 ], [ -83.369514, 31.465055 ], [ -83.370888, 31.401142 ], [ -83.460644, 31.326263 ], [ -83.65409, 31.330661 ], [ -83.651764, 31.433918 ], [ -83.665777, 31.485135 ] ] ] } },
{ "type": "Feature", "properties": { "fips": "13105", "state_fips": "13", "county_name": "Elbert" }, "geometry": { "type": "Polygon", "coordinates": [ [ [ -83.078004, 34.223606 ], [ -82.980018, 34.210066 ], [ -82.774628731012101, 34.288366818254701 ], [ -82.744982, 34.244861 ], [ -82.715373, 34.148165 ], [ -82.642797, 34.081312 ], [ -82.562996798580897, 33.956554910526897 ], [ -82.645451, 33.984195 ], [ -82.779506, 33.971124 ], [ -82.942268, 34.014957 ], [ -83.103287, 34.170708 ], [ -83.078004, 34.223606 ] ] ] } },
{ "type": "Feature", "properties": { "fips": "45015", "state_fips": "45", "county_name": "Berkeley" }, "geometry": { "type": "Polygon", "coordinates": [ [ [ -80.361851, 33.257443 ], [ -80.253836, 33.29926 ], [ -80.222267, 33.443716 ], [ -80.150003, 33.448463 ], [ -80.101697, 33.496891 ], [ -79.971062, 33.500743 ], [ -79.677014, 33.304944 ], [ -79.458734, 33.235219 ], [ -79.446699, 33.213458 ], [ -79.518844, 33.148297 ], [ -79.642577, 33.124123 ], [ -79.914307, 32.818892 ], [ -79.950448, 32.910174 ], [ -80.011774, 32.899881 ], [ -80.056018, 32.999355 ], [ -80.149246, 33.021601 ], [ -80.33594, 33.145463 ], [ -80.297577, 33.181838 ], [ -80.361851, 33.257443 ] ] ] } },
{ "type": "Feature", "properties": { "fips": "12131", "state_fips": "12", "county_name": "Walton" }, "geometry": { "type": "Polygon", "coordinates": [ [ [ -86.388644662000402, 30.994528215275199 ], [ -86.035038104950601, 30.993749607302298 ], [ -86.037591, 30.704572 ], [ -85.844421, 30.70313 ], [ -85.915297, 30.636427 ], [ -85.859769, 30.490134 ], [ -85.901219, 30.443849 ], [ -85.979221, 30.432579 ], [ -85.995943157513395, 30.268823267328401 ], [ -86.222561, 30.343585 ], [ -86.3973810669074, 30.377495563699899 ], [ -86.388644662000402, 30.994528215275199 ] ] ] } },
{ "type": "Feature", "properties": { "fips": "13049", "state_fips": "13", "county_name": "Charlton" }, "geometry": { "type": "Polygon", "coordinates": [ [ [ -82.415603, 31.01359 ], [ -82.081207, 31.01063 ], [ -82.06087, 31.075809 ], [ -81.906036, 31.039715 ], [ -81.905978439406397, 30.821407341501999 ], [ -81.943187, 30.827437 ], [ -82.032667, 30.750674 ], [ -82.049529, 30.655544 ], [ -82.015728, 30.601698 ], [ -82.040766, 30.370144 ], [ -82.180043, 30.36861 ], [ -82.210318, 30.424577 ], [ -82.200965, 30.474427 ], [ -82.229427, 30.520814 ], [ -82.149872, 30.784336 ], [ -82.420442, 30.795229 ], [ -82.415603, 31.01359 ] ] ] } },
{ "type": "Feature", "properties": { "fips": "12129", "state_fips": "12", "county_name": "Wakulla" }, "geometry": { "type": "Polygon", "coordinates": [ [ [ -84.713351, 30.30017 ], [ -84.247673, 30.303493 ], [ -84.241222, 30.274244 ], [ -84.075539, 30.273617 ], [ -84.076132071911402, 30.099089883730102 ], [ -84.179149, 30.073187 ], [ -84.20801, 30.084776 ], [ -84.289727, 30.057197 ], [ -84.366115, 30.008662 ], [ -84.345446322286904, 29.969752016433599 ], [ -84.467713, 30.001853 ], [ -84.523992, 29.981728 ], [ -84.54445, 30.01103 ], [ -84.591048, 30.029637 ], [ -84.670364, 30.128208 ], [ -84.713351, 30.30017 ] ] ] } },
{ "type": "Feature", "properties": { "fips": "37167", "state_fips": "37", "county_name": "Stanly" }, "geometry": { "type": "Polygon", "coordinates": [ [ [ -80.49751, 35.201839 ], [ -80.295421, 35.50292 ], [ -80.182559, 35.504151 ], [ -80.108495, 35.459451 ], [ -80.051225, 35.371537 ], [ -80.098185, 35.255173 ], [ -80.075365, 35.143081 ], [ -80.112644, 35.193882 ], [ -80.172819, 35.147847 ], [ -80.276829, 35.195722 ], [ -80.356982, 35.16494 ], [ -80.504985, 35.184998 ], [ -80.49751, 35.201839 ] ] ] } },
{ "type": "Feature", "properties": { "fips": "13207", "state_fips": "13", "county_name": "Monroe" }, "geometry": { "type": "Polygon", "coordinates": [ [ [ -84.12334, 32.932184 ], [ -84.054175, 32.931497 ], [ -84.041498, 33.202629 ], [ -83.842615, 33.196773 ], [ -83.822261, 33.180238 ], [ -83.816048, 33.131816 ], [ -83.72537, 33.032666 ], [ -83.710685, 32.952792 ], [ -83.734153, 32.951009 ], [ -83.891922, 32.848351 ], [ -84.124275, 32.849562 ], [ -84.12334, 32.932184 ] ] ] } },
{ "type": "Feature", "properties": { "fips": "37085", "state_fips": "37", "county_name": "Harnett" }, "geometry": { "type": "Polygon", "coordinates": [ [ [ -79.183556, 35.307161 ], [ -78.914732, 35.583682 ], [ -78.660555, 35.496245 ], [ -78.529851, 35.334935 ], [ -78.538349, 35.31641 ], [ -78.583451, 35.296779 ], [ -78.617114, 35.245718 ], [ -78.794564, 35.266047 ], [ -78.87839, 35.231602 ], [ -79.095808, 35.192068 ], [ -79.223021, 35.268133 ], [ -79.183556, 35.307161 ] ] ] } },
{ "type": "Feature", "properties": { "fips": "12093", "state_fips": "12", "county_name": "Okeechobee" }, "geometry": { "type": "Polygon", "coordinates": [ [ [ -81.140472, 27.601302 ], [ -81.142164, 27.643238 ], [ -80.778047, 27.643195 ], [ -80.777166, 27.558733 ], [ -80.679659, 27.558736 ], [ -80.677427, 27.121619 ], [ -80.885639, 26.958919 ], [ -80.878517, 27.168829 ], [ -80.971144, 27.217787 ], [ -81.034429, 27.35916 ], [ -81.09845, 27.379108 ], [ -81.214284, 27.528709 ], [ -81.140472, 27.601302 ] ] ] } },
{ "type": "Feature", "properties": { "fips": "37049", "state_fips": "37", "county_name": "Craven" }, "geometry": { "type": "Polygon", "coordinates": [ [ [ -77.431319, 35.329781 ], [ -77.29434, 35.379137 ], [ -77.247896, 35.354415 ], [ -77.189115, 35.418362 ], [ -76.958887, 35.301013 ], [ -76.895919, 35.253889 ], [ -76.987266, 35.15495 ], [ -76.940819, 35.119103 ], [ -76.953285, 35.021248 ], [ -76.780586, 34.950434 ], [ -76.71158, 34.981768 ], [ -76.652571, 34.937595 ], [ -76.693018, 34.86918 ], [ -76.883201, 34.844893 ], [ -76.954438, 34.809066 ], [ -77.078263, 34.811322 ], [ -77.108851, 34.83078 ], [ -77.109656, 35.068609 ], [ -77.187679, 35.081086 ], [ -77.473692, 35.228985 ], [ -77.431319, 35.329781 ] ] ] } },
{ "type": "Feature", "properties": { "fips": "12097", "state_fips": "12", "county_name": "Osceola" }, "geometry": { "type": "Polygon", "coordinates": [ [ [ -81.673781, 28.347024 ], [ -80.862908, 28.347487 ], [ -80.868881, 27.822522 ], [ -80.881172, 27.80917 ], [ -80.87315, 27.642288 ], [ -81.142164, 27.643238 ], [ -81.131495, 27.6494 ], [ -81.208124, 27.821125 ], [ -81.301862, 27.862081 ], [ -81.308696, 27.92188 ], [ -81.450896, 28.033833 ], [ -81.457449, 28.055084 ], [ -81.382476, 28.012361 ], [ -81.346716, 28.07291 ], [ -81.455758, 28.08489 ], [ -81.456214, 28.143163 ], [ -81.51732, 28.142787 ], [ -81.539507, 28.228202 ], [ -81.658582, 28.254141 ], [ -81.673781, 28.347024 ] ] ] } },
{ "type": "Feature", "properties": { "fips": "13139", "state_fips": "13", "county_name": "Hall" }, "geometry": { "type": "Polygon", "coordinates": [ [ [ -84.062841, 34.167873 ], [ -83.989059, 34.195732 ], [ -83.925575, 34.28527 ], [ -83.981433, 34.357829 ], [ -83.980649, 34.418389 ], [ -83.931886, 34.469345 ], [ -83.788604, 34.514096 ], [ -83.666415, 34.503602 ], [ -83.615218, 34.431712 ], [ -83.669432, 34.366027 ], [ -83.619918, 34.29538 ], [ -83.817682, 34.127493 ], [ -83.86803, 34.098281 ], [ -84.062841, 34.167873 ] ] ] } },
{ "type": "Feature", "properties": { "fips": "37031", "state_fips": "37", "county_name": "Carteret" }, "geometry": { "type": "Polygon", "coordinates": [ [ [ -77.161676, 34.795075 ], [ -77.078263, 34.811322 ], [ -76.954438, 34.809066 ], [ -76.883201, 34.844893 ], [ -76.693018, 34.86918 ], [ -76.652571, 34.937595 ], [ -76.71158, 34.981768 ], [ -76.304136, 35.201453 ], [ -76.065774, 35.124937 ], [ -76.013145, 35.061855 ], [ -76.137269, 34.987858 ], [ -76.386804, 34.784579 ], [ -76.535946, 34.588577 ], [ -76.553806, 34.628252 ], [ -76.618719, 34.67255 ], [ -76.726969, 34.69669 ], [ -76.906257, 34.68282 ], [ -77.112964393076794, 34.6380928323915 ], [ -77.096073, 34.67124 ], [ -77.161676, 34.795075 ] ] ] } },
{ "type": "Feature", "properties": { "fips": "13311", "state_fips": "13", "county_name": "White" }, "geometry": { "type": "Polygon", "coordinates": [ [ [ -83.856506, 34.722191 ], [ -83.825465, 34.778972 ], [ -83.681596, 34.800882 ], [ -83.623296, 34.732194 ], [ -83.662819, 34.659801 ], [ -83.616615, 34.54163 ], [ -83.666415, 34.503602 ], [ -83.843405, 34.505494 ], [ -83.876152, 34.620518 ], [ -83.856506, 34.722191 ] ] ] } },
{ "type": "Feature", "properties": { "fips": "37039", "state_fips": "37", "county_name": "Cherokee" }, "geometry": { "type": "Polygon", "coordinates": [ [ [ -84.286598378740905, 35.205758218495902 ], [ -84.28322, 35.226577 ], [ -84.223718, 35.269078 ], [ -84.178516, 35.240679 ], [ -84.097508, 35.247382 ], [ -84.029104413772501, 35.292123776493902 ], [ -83.968728, 35.21821 ], [ -83.831429, 35.256117 ], [ -83.690212, 35.237942 ], [ -83.738129, 35.15595 ], [ -83.855493, 35.137956 ], [ -84.005336733438298, 34.987649584012303 ], [ -84.321869, 34.988408 ], [ -84.286598378740905, 35.205758218495902 ] ] ] } },
{ "type": "Feature", "properties": { "fips": "37001", "state_fips": "37", "county_name": "Alamance" }, "geometry": { "type": "Polygon", "coordinates": [ [ [ -79.541728, 35.899851 ], [ -79.531865, 36.249673 ], [ -79.257952, 36.243445 ], [ -79.268243, 35.909182 ], [ -79.237295, 35.844247 ], [ -79.542428, 35.843303 ], [ -79.541728, 35.899851 ] ] ] } },
{ "type": "Feature", "properties": { "fips": "45045", "state_fips": "45", "county_name": "Greenville" }, "geometry": { "type": "Polygon", "coordinates": [ [ [ -82.761797661040802, 35.081828463645699 ], [ -82.68604, 35.124545 ], [ -82.455609, 35.177425 ], [ -82.411301, 35.202483 ], [ -82.215996376597005, 35.193253105142702 ], [ -82.226416, 34.850439 ], [ -82.145587, 34.785208 ], [ -82.234779, 34.588815 ], [ -82.236065, 34.535083 ], [ -82.313871, 34.484335 ], [ -82.417293, 34.55345 ], [ -82.452935, 34.62377 ], [ -82.4607, 34.796029 ], [ -82.487034, 34.819004 ], [ -82.537858, 35.015471 ], [ -82.593937, 35.007887 ], [ -82.571493, 35.074566 ], [ -82.74971, 35.047603 ], [ -82.761797661040802, 35.081828463645699 ] ] ] } },
{ "type": "Feature", "properties": { "fips": "12043", "state_fips": "12", "county_name": "Glades" }, "geometry": { "type": "Polygon", "coordinates": [ [ [ -81.562531, 27.033687 ], [ -81.267216, 27.032474 ], [ -81.267677, 27.121097 ], [ -81.168281, 27.121734 ], [ -81.169138, 27.209585 ], [ -80.940676, 27.205939 ], [ -80.878517, 27.168829 ], [ -80.885639, 26.958919 ], [ -80.945319, 26.769099 ], [ -81.565748, 26.769601 ], [ -81.562531, 27.033687 ] ] ] } },
{ "type": "Feature", "properties": { "fips": "13027", "state_fips": "13", "county_name": "Brooks" }, "geometry": { "type": "Polygon", "coordinates": [ [ [ -83.736158, 31.037679 ], [ -83.573959, 31.033875 ], [ -83.574857, 31.078135 ], [ -83.551628, 31.054329 ], [ -83.475617, 31.031964 ], [ -83.441549, 30.914347 ], [ -83.346405, 30.853543 ], [ -83.449293, 30.817957 ], [ -83.482461, 30.756931 ], [ -83.357716313628103, 30.637137873134201 ], [ -83.743729, 30.658526913750499 ], [ -83.736158, 31.037679 ] ] ] } },
{ "type": "Feature", "properties": { "fips": "13107", "state_fips": "13", "county_name": "Emanuel" }, "geometry": { "type": "Polygon", "coordinates": [ [ [ -82.564358, 32.532449 ], [ -82.594439, 32.579158 ], [ -82.465065, 32.646833 ], [ -82.499431, 32.68634 ], [ -82.434149, 32.762258 ], [ -82.419129, 32.810927 ], [ -82.316512, 32.835772 ], [ -82.213745, 32.803863 ], [ -82.144977, 32.812741 ], [ -82.082871, 32.663324 ], [ -82.001236, 32.60691 ], [ -82.030233, 32.53877 ], [ -82.079842, 32.560063 ], [ -82.148338, 32.520429 ], [ -82.254526, 32.351498 ], [ -82.232788, 32.318838 ], [ -82.354603, 32.292475 ], [ -82.409118, 32.35383 ], [ -82.38194, 32.440596 ], [ -82.488941, 32.49183 ], [ -82.647733, 32.512507 ], [ -82.564358, 32.532449 ] ] ] } },
{ "type": "Feature", "properties": { "fips": "37135", "state_fips": "37", "county_name": "Orange" }, "geometry": { "type": "Polygon", "coordinates": [ [ [ -79.257952, 36.243445 ], [ -78.950597, 36.23932 ], [ -79.016305, 35.86321 ], [ -79.249538, 35.87681 ], [ -79.268243, 35.909182 ], [ -79.257952, 36.243445 ] ] ] } },
{ "type": "Feature", "properties": { "fips": "13279", "state_fips": "13", "county_name": "Toombs" }, "geometry": { "type": "Polygon", "coordinates": [ [ [ -82.438987, 32.29318 ], [ -82.409118, 32.35383 ], [ -82.354603, 32.292475 ], [ -82.232788, 32.318838 ], [ -82.181912, 32.166125 ], [ -82.225042, 31.913074 ], [ -82.483131, 31.968961 ], [ -82.438987, 32.29318 ] ] ] } },
{ "type": "Feature", "properties": { "fips": "13293", "state_fips": "13", "county_name": "Upson" }, "geometry": { "type": "Polygon", "coordinates": [ [ [ -84.52702, 32.970548 ], [ -84.489708, 32.993729 ], [ -84.122361, 32.989576 ], [ -84.124332, 32.800935 ], [ -84.202628, 32.690018 ], [ -84.235803, 32.738284 ], [ -84.380398, 32.779176 ], [ -84.506888, 32.881788 ], [ -84.526902, 32.914098 ], [ -84.52702, 32.970548 ] ] ] } },
{ "type": "Feature", "properties": { "fips": "37035", "state_fips": "37", "county_name": "Catawba" }, "geometry": { "type": "Polygon", "coordinates": [ [ [ -81.432898, 35.677847 ], [ -81.334272, 35.796281 ], [ -81.143053, 35.827887 ], [ -81.065089, 35.714942 ], [ -80.994445, 35.70211 ], [ -80.925213, 35.620258 ], [ -80.960025, 35.54702 ], [ -81.535403, 35.568137 ], [ -81.432898, 35.677847 ] ] ] } },
{ "type": "Feature", "properties": { "fips": "13155", "state_fips": "13", "county_name": "Irwin" }, "geometry": { "type": "Polygon", "coordinates": [ [ [ -83.500702, 31.59399 ], [ -83.452972, 31.7082 ], [ -83.453634, 31.757861 ], [ -83.325296, 31.756584 ], [ -83.325617, 31.680603 ], [ -83.266363, 31.654203 ], [ -83.176376, 31.678382 ], [ -82.99836, 31.673164 ], [ -83.058807, 31.611212 ], [ -83.11166, 31.478229 ], [ -83.145587, 31.472276 ], [ -83.338728, 31.475991 ], [ -83.42084, 31.553565 ], [ -83.500951, 31.570117 ], [ -83.500702, 31.59399 ] ] ] } },
{ "type": "Feature", "properties": { "fips": "13303", "state_fips": "13", "county_name": "Washington" }, "geometry": { "type": "Polygon", "coordinates": [ [ [ -83.049081, 32.985605 ], [ -83.052197, 33.080682 ], [ -83.00874, 33.080849 ], [ -82.888866, 33.138603 ], [ -82.855046, 33.196427 ], [ -82.748311, 33.238348 ], [ -82.739483, 33.174368 ], [ -82.661917, 33.126331 ], [ -82.598018, 33.032013 ], [ -82.550225, 33.019351 ], [ -82.510851, 32.917754 ], [ -82.521052, 32.822356 ], [ -82.768365, 32.769108 ], [ -82.802456, 32.809756 ], [ -82.955364, 32.756461 ], [ -82.974265, 32.839236 ], [ -83.027036, 32.856133 ], [ -83.073648, 32.946562 ], [ -83.049081, 32.985605 ] ] ] } },
{ "type": "Feature", "properties": { "fips": "37173", "state_fips": "37", "county_name": "Swain" }, "geometry": { "type": "Polygon", "coordinates": [ [ [ -83.916801, 35.473612 ], [ -83.771736, 35.562118 ], [ -83.498335, 35.562981 ], [ -83.347262, 35.660474 ], [ -83.297154, 35.65775 ], [ -83.264744168289994, 35.703089496170101 ], [ -83.181977, 35.671327 ], [ -83.155835, 35.552622 ], [ -83.186322, 35.514368 ], [ -83.236073, 35.524564 ], [ -83.351726, 35.468092 ], [ -83.339609, 35.330993 ], [ -83.680114, 35.2795 ], [ -83.585756, 35.434832 ], [ -83.953231380150399, 35.460020889576697 ], [ -83.916801, 35.473612 ] ] ] } },
{ "type": "Feature", "properties": { "fips": "12053", "state_fips": "12", "county_name": "Hernando" }, "geometry": { "type": "Polygon", "coordinates": [ [ [ -82.665055, 28.484434 ], [ -82.668709634128703, 28.6940772618211 ], [ -82.418353, 28.694859 ], [ -82.417684, 28.665897 ], [ -82.263052, 28.667634 ], [ -82.274823, 28.656198 ], [ -82.208184, 28.572054 ], [ -82.054469, 28.521367 ], [ -82.054694, 28.478397 ], [ -82.253293, 28.478491 ], [ -82.253439, 28.434824 ], [ -82.690813688294597, 28.433304857393399 ], [ -82.665055, 28.484434 ] ] ] } },
{ "type": "Feature", "properties": { "fips": "12051", "state_fips": "12", "county_name": "Hendry" }, "geometry": { "type": "Polygon", "coordinates": [ [ [ -81.565748, 26.769601 ], [ -80.945319, 26.769099 ], [ -80.885639, 26.958919 ], [ -80.87971, 26.259308 ], [ -81.268236, 26.253069 ], [ -81.271768, 26.517069 ], [ -81.563763, 26.513331 ], [ -81.565748, 26.769601 ] ] ] } },
{ "type": "Feature", "properties": { "fips": "37015", "state_fips": "37", "county_name": "Bertie" }, "geometry": { "type": "Polygon", "coordinates": [ [ [ -77.230275, 36.104999 ], [ -77.291519, 36.168342 ], [ -77.29825, 36.207708 ], [ -77.208468, 36.246578 ], [ -76.706584, 36.243796 ], [ -76.736933, 36.150583 ], [ -76.682535, 36.030947 ], [ -76.606214, 35.978051 ], [ -76.683751, 35.953101 ], [ -76.760598, 35.864887 ], [ -76.834825, 35.88291 ], [ -76.895486, 35.813155 ], [ -76.894022, 35.861937 ], [ -76.93904, 35.90151 ], [ -77.044053, 35.861466 ], [ -77.027544, 35.929683 ], [ -77.185816, 35.930874 ], [ -77.205817, 36.005323 ], [ -77.327569, 36.071361 ], [ -77.230275, 36.104999 ] ] ] } },
{ "type": "Feature", "properties": { "fips": "45069", "state_fips": "45", "county_name": "Marlboro" }, "geometry": { "type": "Polygon", "coordinates": [ [ [ -79.924684253136405, 34.807829019751502 ], [ -79.675299, 34.804744 ], [ -79.450277289043399, 34.620608997008702 ], [ -79.633413, 34.297994 ], [ -79.657764, 34.30519 ], [ -79.750566, 34.436797 ], [ -79.752769, 34.514059 ], [ -79.829981, 34.531925 ], [ -79.777461, 34.613492 ], [ -79.871959, 34.693841 ], [ -79.924684253136405, 34.807829019751502 ] ] ] } },
{ "type": "Feature", "properties": { "fips": "37041", "state_fips": "37", "county_name": "Chowan" }, "geometry": { "type": "Polygon", "coordinates": [ [ [ -76.706584, 36.243796 ], [ -76.696571, 36.296138 ], [ -76.559646, 36.351056 ], [ -76.590107, 36.238862 ], [ -76.572077, 36.109463 ], [ -76.402957, 36.072867 ], [ -76.396794, 36.026443 ], [ -76.511899, 35.980726 ], [ -76.606214, 35.978051 ], [ -76.682535, 36.030947 ], [ -76.736933, 36.150583 ], [ -76.706584, 36.243796 ] ] ] } },
{ "type": "Feature", "properties": { "fips": "37171", "state_fips": "37", "county_name": "Surry" }, "geometry": { "type": "Polygon", "coordinates": [ [ [ -80.973643, 36.453474 ], [ -80.901661118920998, 36.561751187167999 ], [ -80.4403427430004, 36.550605956915902 ], [ -80.452656, 36.241651 ], [ -80.547885, 36.285419 ], [ -80.624245, 36.286822 ], [ -80.873205, 36.236305 ], [ -80.868746, 36.326447 ], [ -80.967153, 36.40202 ], [ -80.973643, 36.453474 ] ] ] } },
{ "type": "Feature", "properties": { "fips": "37195", "state_fips": "37", "county_name": "Wilson" }, "geometry": { "type": "Polygon", "coordinates": [ [ [ -78.192117, 35.730545 ], [ -77.844737, 35.837618 ], [ -77.828444, 35.867208 ], [ -77.751339, 35.827794 ], [ -77.718436, 35.728823 ], [ -77.665131, 35.674935 ], [ -77.806291, 35.583436 ], [ -78.048572, 35.595877 ], [ -78.064784, 35.585263 ], [ -78.125539, 35.603107 ], [ -78.192117, 35.730545 ] ] ] } },
{ "type": "Feature", "properties": { "fips": "12095", "state_fips": "12", "county_name": "Orange" }, "geometry": { "type": "Polygon", "coordinates": [ [ [ -81.658597, 28.766442 ], [ -81.646513, 28.785872 ], [ -81.414682, 28.785564 ], [ -81.459524, 28.713264 ], [ -81.457962, 28.640197 ], [ -81.32848, 28.639628 ], [ -81.327888, 28.610501 ], [ -80.98725, 28.612997 ], [ -80.873318, 28.48206 ], [ -80.862908, 28.347487 ], [ -81.657268, 28.347098 ], [ -81.658597, 28.766442 ] ] ] } },
{ "type": "Feature", "properties": { "fips": "45001", "state_fips": "45", "county_name": "Abbeville" }, "geometry": { "type": "Polygon", "coordinates": [ [ [ -82.735980016613894, 34.215462648637001 ], [ -82.313871, 34.484335 ], [ -82.246337, 34.409676 ], [ -82.334234, 34.34263 ], [ -82.248241, 34.220551 ], [ -82.268843, 34.107127 ], [ -82.326947, 34.06412 ], [ -82.530567, 34.071925 ], [ -82.595025792607302, 34.013517809209603 ], [ -82.715373, 34.148165 ], [ -82.735980016613894, 34.215462648637001 ] ] ] } },
{ "type": "Feature", "properties": { "fips": "13131", "state_fips": "13", "county_name": "Grady" }, "geometry": { "type": "Polygon", "coordinates": [ [ [ -84.376612, 31.078883 ], [ -84.116644, 31.077971 ], [ -84.119058, 30.980956 ], [ -84.075958, 30.912538 ], [ -84.083753082300007, 30.675943397967998 ], [ -84.380754183552497, 30.688827197045899 ], [ -84.376612, 31.078883 ] ] ] } },
{ "type": "Feature", "properties": { "fips": "13019", "state_fips": "13", "county_name": "Berrien" }, "geometry": { "type": "Polygon", "coordinates": [ [ [ -83.370888, 31.401142 ], [ -83.369514, 31.465055 ], [ -83.338728, 31.475991 ], [ -83.145587, 31.472276 ], [ -83.140483, 31.420395 ], [ -83.033468, 31.275041 ], [ -83.046885, 31.18368 ], [ -83.036369, 31.151038 ], [ -83.165072, 31.147198 ], [ -83.197971, 31.025405 ], [ -83.295052, 31.027278 ], [ -83.279781, 31.063351 ], [ -83.320471, 31.097962 ], [ -83.335949, 31.244579 ], [ -83.434492, 31.350361 ], [ -83.370888, 31.401142 ] ] ] } },
{ "type": "Feature", "properties": { "fips": "45023", "state_fips": "45", "county_name": "Chester" }, "geometry": { "type": "Polygon", "coordinates": [ [ [ -81.478454, 34.821509 ], [ -80.898215, 34.820746 ], [ -80.876121, 34.788047 ], [ -80.860274, 34.695847 ], [ -80.896406, 34.631781 ], [ -80.877491, 34.543146 ], [ -81.422706, 34.572029 ], [ -81.415894, 34.633589 ], [ -81.488275, 34.733038 ], [ -81.478454, 34.821509 ] ] ] } },
{ "type": "Feature", "properties": { "fips": "45043", "state_fips": "45", "county_name": "Georgetown" }, "geometry": { "type": "Polygon", "coordinates": [ [ [ -79.677385, 33.336413 ], [ -79.53808, 33.496896 ], [ -79.435733, 33.572702 ], [ -79.409332, 33.68889 ], [ -79.317041, 33.779878 ], [ -79.246384, 33.695347 ], [ -79.190264, 33.705787 ], [ -79.137683, 33.66413 ], [ -79.101074, 33.572969 ], [ -78.995130989902407, 33.572664 ], [ -79.084588, 33.483669 ], [ -79.135441, 33.403867 ], [ -79.180563, 33.237955 ], [ -79.172394, 33.206577 ], [ -79.215453, 33.155569 ], [ -79.274494584642795, 33.1200562677204 ], [ -79.269396, 33.136883 ], [ -79.350816, 33.153528 ], [ -79.446699, 33.213458 ], [ -79.458734, 33.235219 ], [ -79.677014, 33.304944 ], [ -79.677385, 33.336413 ] ] ] } },
{ "type": "Feature", "properties": { "fips": "12085", "state_fips": "12", "county_name": "Martin" }, "geometry": { "type": "Polygon", "coordinates": [ [ [ -80.677427, 27.121619 ], [ -80.677862, 27.205988 ], [ -80.28551, 27.206025 ], [ -80.284771, 27.263723 ], [ -80.198021352658699, 27.263008803672498 ], [ -80.083077629755294, 26.970534 ], [ -80.142007, 26.95664 ], [ -80.885639, 26.958919 ], [ -80.677427, 27.121619 ] ] ] } },
{ "type": "Feature", "properties": { "fips": "12047", "state_fips": "12", "county_name": "Hamilton" }, "geometry": { "type": "Polygon", "coordinates": [ [ [ -83.309347121595806, 30.634238766671601 ], [ -82.689529798472805, 30.597889290641799 ], [ -82.726583, 30.559486 ], [ -82.645768, 30.407992 ], [ -82.689633, 30.333308 ], [ -82.794594, 30.337024 ], [ -83.002058, 30.429371 ], [ -83.082017, 30.442865 ], [ -83.170969, 30.385225 ], [ -83.221868, 30.42341 ], [ -83.272612, 30.627687 ], [ -83.309347121595806, 30.634238766671601 ] ] ] } },
{ "type": "Feature", "properties": { "fips": "37023", "state_fips": "37", "county_name": "Burke" }, "geometry": { "type": "Polygon", "coordinates": [ [ [ -81.906652, 35.883376 ], [ -81.943188, 35.96005 ], [ -81.899871, 35.999909 ], [ -81.807162, 35.961955 ], [ -81.709749, 35.875003 ], [ -81.554569, 35.777064 ], [ -81.455394, 35.784895 ], [ -81.380003, 35.757191 ], [ -81.363796, 35.767802 ], [ -81.537599, 35.564228 ], [ -81.691989, 35.580041 ], [ -81.753407, 35.613588 ], [ -81.824122, 35.574983 ], [ -81.869388, 35.719624 ], [ -81.986939, 35.806923 ], [ -81.906652, 35.883376 ] ] ] } },
{ "type": "Feature", "properties": { "fips": "45021", "state_fips": "45", "county_name": "Cherokee" }, "geometry": { "type": "Polygon", "coordinates": [ [ [ -81.874410205092104, 35.183520599502003 ], [ -81.367604132077702, 35.164092125613401 ], [ -81.408816, 35.047077 ], [ -81.487016, 35.034853 ], [ -81.492108, 34.948956 ], [ -81.457257, 34.83928 ], [ -81.481945, 34.866495 ], [ -81.755098, 34.930323 ], [ -81.874410205092104, 35.183520599502003 ] ] ] } },
{ "type": "Feature", "properties": { "fips": "45061", "state_fips": "45", "county_name": "Lee" }, "geometry": { "type": "Polygon", "coordinates": [ [ [ -80.479857, 34.168696 ], [ -80.437359, 34.284502 ], [ -80.353031, 34.30333 ], [ -80.288692, 34.364139 ], [ -80.243226, 34.324455 ], [ -80.177225, 34.366203 ], [ -80.112727, 34.197018 ], [ -80.158582, 34.161623 ], [ -80.000594, 34.047877 ], [ -80.180371, 33.952002 ], [ -80.321721, 34.080356 ], [ -80.481318, 34.112622 ], [ -80.479857, 34.168696 ] ] ] } },
{ "type": "Feature", "properties": { "fips": "37191", "state_fips": "37", "county_name": "Wayne" }, "geometry": { "type": "Polygon", "coordinates": [ [ [ -78.30658, 35.287604 ], [ -78.153243, 35.350671 ], [ -78.15491, 35.41781 ], [ -78.048572, 35.595877 ], [ -77.822511, 35.585383 ], [ -77.826744, 35.42409 ], [ -77.806248, 35.368754 ], [ -77.818068, 35.357366 ], [ -77.834249, 35.177846 ], [ -77.892199, 35.146315 ], [ -78.058627, 35.185066 ], [ -78.16342, 35.189716 ], [ -78.173532, 35.207348 ], [ -78.246217, 35.225996 ], [ -78.30658, 35.287604 ] ] ] } },
{ "type": "Feature", "properties": { "fips": "45059", "state_fips": "45", "county_name": "Laurens" }, "geometry": { "type": "Polygon", "coordinates": [ [ [ -82.313871, 34.484335 ], [ -82.236065, 34.535083 ], [ -82.234779, 34.588815 ], [ -82.145587, 34.785208 ], [ -82.004644, 34.662349 ], [ -81.863039, 34.580211 ], [ -81.851865, 34.594775 ], [ -81.67776, 34.558115 ], [ -81.643552, 34.533652 ], [ -81.782627, 34.365089 ], [ -81.895331, 34.300497 ], [ -81.945019, 34.203148 ], [ -82.08367, 34.29924 ], [ -82.168857, 34.330151 ], [ -82.313871, 34.484335 ] ] ] } },
{ "type": "Feature", "properties": { "fips": "45077", "state_fips": "45", "county_name": "Pickens" }, "geometry": { "type": "Polygon", "coordinates": [ [ [ -82.943604, 34.988154 ], [ -82.897559231247996, 35.056005204586498 ], [ -82.783283, 35.0856 ], [ -82.761797661040802, 35.081828463645699 ], [ -82.74971, 35.047603 ], [ -82.571493, 35.074566 ], [ -82.593937, 35.007887 ], [ -82.537858, 35.015471 ], [ -82.487034, 34.819004 ], [ -82.787568, 34.672734 ], [ -82.840009, 34.623311 ], [ -82.855588, 34.72527 ], [ -82.900458, 34.741449 ], [ -82.903309, 34.935044 ], [ -82.943604, 34.988154 ] ] ] } },
{ "type": "Feature", "properties": { "fips": "13073", "state_fips": "13", "county_name": "Columbia" }, "geometry": { "type": "Polygon", "coordinates": [ [ [ -82.425328, 33.650629 ], [ -82.308246, 33.700436 ], [ -82.215938364747501, 33.687754975318697 ], [ -82.161908, 33.610643 ], [ -82.10624, 33.595637 ], [ -82.028238, 33.544934 ], [ -82.294179, 33.354635 ], [ -82.437081, 33.550538 ], [ -82.425328, 33.650629 ] ] ] } },
{ "type": "Feature", "properties": { "fips": "13219", "state_fips": "13", "county_name": "Oconee" }, "geometry": { "type": "Polygon", "coordinates": [ [ [ -83.537385, 33.965912 ], [ -83.508313, 33.9312 ], [ -83.415512, 33.918541 ], [ -83.275933, 33.847977 ], [ -83.306619, 33.811444 ], [ -83.28034, 33.761774 ], [ -83.29145, 33.734315 ], [ -83.406189, 33.698307 ], [ -83.483177, 33.805576 ], [ -83.533165, 33.820923 ], [ -83.647031, 33.906198 ], [ -83.537385, 33.965912 ] ] ] } },
{ "type": "Feature", "properties": { "fips": "37163", "state_fips": "37", "county_name": "Sampson" }, "geometry": { "type": "Polygon", "coordinates": [ [ [ -78.662955, 35.077962 ], [ -78.617114, 35.245718 ], [ -78.583451, 35.296779 ], [ -78.538349, 35.31641 ], [ -78.492042, 35.263421 ], [ -78.411734, 35.254663 ], [ -78.30658, 35.287604 ], [ -78.246217, 35.225996 ], [ -78.173532, 35.207348 ], [ -78.147129, 34.902506 ], [ -78.198642, 34.741637 ], [ -78.114007, 34.721795 ], [ -78.113995, 34.706876 ], [ -78.254441, 34.553595 ], [ -78.323538, 34.665662 ], [ -78.494705, 34.856182 ], [ -78.647269, 34.992691 ], [ -78.662955, 35.077962 ] ] ] } },
{ "type": "Feature", "properties": { "fips": "13239", "state_fips": "13", "county_name": "Quitman" }, "geometry": { "type": "Polygon", "coordinates": [ [ [ -85.141831, 31.839261 ], [ -85.063590542984699, 31.991857 ], [ -84.907006, 31.924465 ], [ -84.910338, 31.776841 ], [ -85.129159315583195, 31.7802782680766 ], [ -85.141831, 31.839261 ] ] ] } },
{ "type": "Feature", "properties": { "fips": "37097", "state_fips": "37", "county_name": "Iredell" }, "geometry": { "type": "Polygon", "coordinates": [ [ [ -81.109507, 35.776594 ], [ -81.041339, 35.857855 ], [ -81.005541, 35.958287 ], [ -81.028833, 36.045652 ], [ -80.975675, 36.05881 ], [ -80.693197, 36.05126 ], [ -80.707824, 35.852961 ], [ -80.771582, 35.672163 ], [ -80.737249, 35.505801 ], [ -80.906723, 35.514785 ], [ -80.947344, 35.488473 ], [ -80.939685, 35.529529 ], [ -80.960025, 35.54702 ], [ -80.925213, 35.620258 ], [ -80.994445, 35.70211 ], [ -81.065089, 35.714942 ], [ -81.109507, 35.776594 ] ] ] } },
{ "type": "Feature", "properties": { "fips": "37123", "state_fips": "37", "county_name": "Montgomery" }, "geometry": { "type": "Polygon", "coordinates": [ [ [ -80.182559, 35.504151 ], [ -79.767957, 35.511484 ], [ -79.70268, 35.255907 ], [ -79.614304, 35.163679 ], [ -79.851268, 35.183855 ], [ -80.075365, 35.143081 ], [ -80.098185, 35.255173 ], [ -80.051225, 35.371537 ], [ -80.108495, 35.459451 ], [ -80.182559, 35.504151 ] ] ] } },
{ "type": "Feature", "properties": { "fips": "13169", "state_fips": "13", "county_name": "Jones" }, "geometry": { "type": "Polygon", "coordinates": [ [ [ -83.816048, 33.131816 ], [ -83.42909, 33.185352 ], [ -83.357685, 32.926141 ], [ -83.513511, 32.844868 ], [ -83.56507, 32.877164 ], [ -83.658601, 32.887836 ], [ -83.696017, 32.91687 ], [ -83.72537, 33.032666 ], [ -83.816048, 33.131816 ] ] ] } },
{ "type": "Feature", "properties": { "fips": "37111", "state_fips": "37", "county_name": "McDowell" }, "geometry": { "type": "Polygon", "coordinates": [ [ [ -82.275399, 35.704438 ], [ -82.257842, 35.698852 ], [ -82.193402, 35.735314 ], [ -82.133484, 35.823309 ], [ -81.980337, 35.884716 ], [ -81.981954, 35.911361 ], [ -81.943188, 35.96005 ], [ -81.906652, 35.883376 ], [ -81.986939, 35.806923 ], [ -81.869388, 35.719624 ], [ -81.824122, 35.574983 ], [ -81.856654, 35.542187 ], [ -81.967619, 35.526007 ], [ -82.002783, 35.551847 ], [ -82.150538, 35.518002 ], [ -82.291026, 35.591322 ], [ -82.275399, 35.704438 ] ] ] } },
{ "type": "Feature", "properties": { "fips": "12027", "state_fips": "12", "county_name": "DeSoto" }, "geometry": { "type": "Polygon", "coordinates": [ [ [ -82.056497, 27.207769 ], [ -82.055753, 27.338264 ], [ -81.564062, 27.340641 ], [ -81.562624, 27.033835 ], [ -82.057506, 27.032119 ], [ -82.056497, 27.207769 ] ] ] } },
{ "type": "Feature", "properties": { "fips": "13089", "state_fips": "13", "county_name": "DeKalb" }, "geometry": { "type": "Polygon", "coordinates": [ [ [ -84.348153, 33.804625 ], [ -84.347412, 33.968109 ], [ -84.277093, 33.957614 ], [ -84.259822, 33.918901 ], [ -84.023713, 33.752808 ], [ -84.115791, 33.614666 ], [ -84.184143, 33.646157 ], [ -84.245453, 33.63073 ], [ -84.266882, 33.64717 ], [ -84.350148, 33.647946 ], [ -84.348153, 33.804625 ] ] ] } },
{ "type": "Feature", "properties": { "fips": "13267", "state_fips": "13", "county_name": "Tattnall" }, "geometry": { "type": "Polygon", "coordinates": [ [ [ -82.232788, 32.318838 ], [ -82.025339, 32.278883 ], [ -81.980041, 32.081502 ], [ -81.888938, 32.050398 ], [ -81.761735, 32.0479 ], [ -81.824405, 32.014882 ], [ -81.981389, 31.794578 ], [ -81.969052, 31.789324 ], [ -81.982941, 31.784904 ], [ -82.048582, 31.827075 ], [ -82.111818, 31.900487 ], [ -82.225042, 31.913074 ], [ -82.181912, 32.166125 ], [ -82.232788, 32.318838 ] ] ] } },
{ "type": "Feature", "properties": { "fips": "13167", "state_fips": "13", "county_name": "Johnson" }, "geometry": { "type": "Polygon", "coordinates": [ [ [ -82.946966, 32.759358 ], [ -82.802456, 32.809756 ], [ -82.768365, 32.769108 ], [ -82.521052, 32.822356 ], [ -82.434149, 32.762258 ], [ -82.499431, 32.68634 ], [ -82.465065, 32.646833 ], [ -82.594439, 32.579158 ], [ -82.564358, 32.532449 ], [ -82.647733, 32.512507 ], [ -82.668557, 32.612164 ], [ -82.794538, 32.66023 ], [ -82.862763, 32.71576 ], [ -82.957066, 32.708318 ], [ -82.946966, 32.759358 ] ] ] } },
{ "type": "Feature", "properties": { "fips": "13015", "state_fips": "13", "county_name": "Bartow" }, "geometry": { "type": "Polygon", "coordinates": [ [ [ -85.046871, 34.096412 ], [ -85.023102, 34.347112 ], [ -85.005775, 34.392446 ], [ -84.653232, 34.41259 ], [ -84.659241, 34.07824 ], [ -84.910041, 34.075297 ], [ -85.047046, 34.082881 ], [ -85.046871, 34.096412 ] ] ] } },
{ "type": "Feature", "properties": { "fips": "13013", "state_fips": "13", "county_name": "Barrow" }, "geometry": { "type": "Polygon", "coordinates": [ [ [ -83.864874, 34.013482 ], [ -83.817682, 34.127493 ], [ -83.767532, 34.066448 ], [ -83.563215, 34.031757 ], [ -83.537385, 33.965912 ], [ -83.647031, 33.906198 ], [ -83.760869, 33.894573 ], [ -83.864874, 34.013482 ] ] ] } },
{ "type": "Feature", "properties": { "fips": "13159", "state_fips": "13", "county_name": "Jasper" }, "geometry": { "type": "Polygon", "coordinates": [ [ [ -83.824922, 33.437263 ], [ -83.674644, 33.487225 ], [ -83.682196, 33.52622 ], [ -83.533736, 33.434472 ], [ -83.545876, 33.171944 ], [ -83.816048, 33.131816 ], [ -83.822261, 33.180238 ], [ -83.807265, 33.192986 ], [ -83.863058, 33.368278 ], [ -83.824922, 33.437263 ] ] ] } },
{ "type": "Feature", "properties": { "fips": "12039", "state_fips": "12", "county_name": "Gadsden" }, "geometry": { "type": "Polygon", "coordinates": [ [ [ -84.932519, 30.606393 ], [ -84.860943, 30.693246 ], [ -84.864693, 30.711542 ], [ -84.285514509039501, 30.684809171948 ], [ -84.378384, 30.573467 ], [ -84.405454, 30.474416 ], [ -84.519796, 30.451499 ], [ -84.646408, 30.388281 ], [ -84.781111, 30.459794 ], [ -84.781813, 30.518693 ], [ -84.882616, 30.533094 ], [ -84.883316, 30.605589 ], [ -84.932519, 30.606393 ] ] ] } },
{ "type": "Feature", "properties": { "fips": "13095", "state_fips": "13", "county_name": "Dougherty" }, "geometry": { "type": "Polygon", "coordinates": [ [ [ -84.447032, 31.605081 ], [ -84.450398, 31.621868 ], [ -84.043213, 31.623573 ], [ -84.018404, 31.650274 ], [ -83.993374, 31.650034 ], [ -83.997796, 31.443753 ], [ -84.429876, 31.436661 ], [ -84.412521, 31.45693 ], [ -84.454923, 31.548331 ], [ -84.447032, 31.605081 ] ] ] } },
{ "type": "Feature", "properties": { "fips": "37103", "state_fips": "37", "county_name": "Jones" }, "geometry": { "type": "Polygon", "coordinates": [ [ [ -77.731026, 35.008138 ], [ -77.601282, 35.071368 ], [ -77.507463, 35.172814 ], [ -77.527182, 35.243001 ], [ -77.473692, 35.228985 ], [ -77.187679, 35.081086 ], [ -77.109656, 35.068609 ], [ -77.108851, 34.83078 ], [ -77.078263, 34.811322 ], [ -77.165986, 34.785032 ], [ -77.267647, 34.92579 ], [ -77.366768, 34.90865 ], [ -77.502771, 34.969635 ], [ -77.674805, 34.9739 ], [ -77.731026, 35.008138 ] ] ] } },
{ "type": "Feature", "properties": { "fips": "13281", "state_fips": "13", "county_name": "Towns" }, "geometry": { "type": "Polygon", "coordinates": [ [ [ -83.936427344251996, 34.987484383379702 ], [ -83.619985, 34.986592 ], [ -83.5491807535047, 34.988803195914002 ], [ -83.656414, 34.878787 ], [ -83.652194, 34.822993 ], [ -83.704339, 34.791328 ], [ -83.780346, 34.792905 ], [ -83.808675, 34.904419 ], [ -83.914919, 34.926975 ], [ -83.936427344251996, 34.987484383379702 ] ] ] } },
{ "type": "Feature", "properties": { "fips": "45071", "state_fips": "45", "county_name": "Newberry" }, "geometry": { "type": "Polygon", "coordinates": [ [ [ -81.945019, 34.203148 ], [ -81.895331, 34.300497 ], [ -81.782627, 34.365089 ], [ -81.643552, 34.533652 ], [ -81.541005, 34.445034 ], [ -81.423241, 34.494379 ], [ -81.342297, 34.266928 ], [ -81.316911, 34.239458 ], [ -81.338961, 34.197587 ], [ -81.437172, 34.129963 ], [ -81.394124, 34.071488 ], [ -81.538899, 34.081744 ], [ -81.731614, 34.187613 ], [ -81.860571, 34.179373 ], [ -81.870084, 34.135357 ], [ -81.897154, 34.146307 ], [ -81.945019, 34.203148 ] ] ] } },
{ "type": "Feature", "properties": { "fips": "13079", "state_fips": "13", "county_name": "Crawford" }, "geometry": { "type": "Polygon", "coordinates": [ [ [ -84.124332, 32.800935 ], [ -84.124275, 32.849562 ], [ -83.891922, 32.848351 ], [ -83.810211, 32.729591 ], [ -83.70109, 32.691598 ], [ -83.766787, 32.692622 ], [ -84.003363, 32.529927 ], [ -84.062735, 32.578432 ], [ -84.105924, 32.685049 ], [ -84.202628, 32.690018 ], [ -84.124332, 32.800935 ] ] ] } },
{ "type": "Feature", "properties": { "fips": "37065", "state_fips": "37", "county_name": "Edgecombe" }, "geometry": { "type": "Polygon", "coordinates": [ [ [ -77.828444, 35.867208 ], [ -77.697956, 36.15315 ], [ -77.5407, 36.096085 ], [ -77.517646, 36.036775 ], [ -77.402614, 36.004966 ], [ -77.342418, 35.905262 ], [ -77.350369, 35.819228 ], [ -77.390154, 35.833062 ], [ -77.665131, 35.674935 ], [ -77.718436, 35.728823 ], [ -77.751339, 35.827794 ], [ -77.828444, 35.867208 ] ] ] } },
{ "type": "Feature", "properties": { "fips": "12065", "state_fips": "12", "county_name": "Jefferson" }, "geometry": { "type": "Polygon", "coordinates": [ [ [ -84.075539, 30.273617 ], [ -84.074691, 30.434302 ], [ -84.041152, 30.521901 ], [ -83.979006, 30.550681 ], [ -84.007454, 30.672069968469199 ], [ -83.611704058826405, 30.6515600937086 ], [ -83.604186, 30.581916 ], [ -83.736954, 30.507569 ], [ -83.72172, 30.434354 ], [ -83.808094, 30.365154 ], [ -83.820235, 30.30354 ], [ -83.915827, 30.245152 ], [ -83.992310340477999, 30.089268737728698 ], [ -84.076132071911402, 30.099089883730102 ], [ -84.075539, 30.273617 ] ] ] } },
{ "type": "Feature", "properties": { "fips": "12035", "state_fips": "12", "county_name": "Flagler" }, "geometry": { "type": "Polygon", "coordinates": [ [ [ -81.52366, 29.622432 ], [ -81.324059, 29.62561 ], [ -81.210409596553802, 29.670640805704299 ], [ -81.102967351745406, 29.426996650452001 ], [ -81.155881, 29.410954 ], [ -81.150081, 29.265957 ], [ -81.41729, 29.261156 ], [ -81.420745, 29.399645 ], [ -81.476893, 29.396552 ], [ -81.520596, 29.500249 ], [ -81.52366, 29.622432 ] ] ] } },
{ "type": "Feature", "properties": { "fips": "13033", "state_fips": "13", "county_name": "Burke" }, "geometry": { "type": "Polygon", "coordinates": [ [ [ -82.272353, 32.937796 ], [ -82.29118, 33.062827 ], [ -82.232824, 33.231502 ], [ -82.26758, 33.267397 ], [ -82.17424, 33.296771 ], [ -82.097135, 33.230612 ], [ -81.846500532357894, 33.247252085429899 ], [ -81.763535, 33.203648 ], [ -81.755135, 33.15155 ], [ -81.543966224313905, 33.044399954144403 ], [ -81.767553, 32.909411 ], [ -81.857985, 32.953882 ], [ -82.081349, 32.916762 ], [ -82.144977, 32.812741 ], [ -82.213745, 32.803863 ], [ -82.316512, 32.835772 ], [ -82.272353, 32.937796 ] ] ] } },
{ "type": "Feature", "properties": { "fips": "13163", "state_fips": "13", "county_name": "Jefferson" }, "geometry": { "type": "Polygon", "coordinates": [ [ [ -82.661917, 33.126331 ], [ -82.578816, 33.11984 ], [ -82.584942, 33.171453 ], [ -82.383829, 33.312106 ], [ -82.332774, 33.308681 ], [ -82.26758, 33.267397 ], [ -82.232824, 33.231502 ], [ -82.29118, 33.062827 ], [ -82.272353, 32.937796 ], [ -82.316512, 32.835772 ], [ -82.419129, 32.810927 ], [ -82.434149, 32.762258 ], [ -82.458249, 32.768223 ], [ -82.521052, 32.822356 ], [ -82.510851, 32.917754 ], [ -82.550225, 33.019351 ], [ -82.598018, 33.032013 ], [ -82.661917, 33.126331 ] ] ] } },
{ "type": "Feature", "properties": { "fips": "37107", "state_fips": "37", "county_name": "Lenoir" }, "geometry": { "type": "Polygon", "coordinates": [ [ [ -77.818068, 35.357366 ], [ -77.697516, 35.377097 ], [ -77.676719, 35.347344 ], [ -77.475515, 35.426655 ], [ -77.426191, 35.349524 ], [ -77.391026, 35.339533 ], [ -77.431319, 35.329781 ], [ -77.473692, 35.228985 ], [ -77.527182, 35.243001 ], [ -77.507463, 35.172814 ], [ -77.601282, 35.071368 ], [ -77.731026, 35.008138 ], [ -77.769177, 35.145576 ], [ -77.834249, 35.177846 ], [ -77.818068, 35.357366 ] ] ] } },
{ "type": "Feature", "properties": { "fips": "13029", "state_fips": "13", "county_name": "Bryan" }, "geometry": { "type": "Polygon", "coordinates": [ [ [ -81.780858, 32.15289 ], [ -81.43583, 32.241289 ], [ -81.406776, 32.101931 ], [ -81.290323, 31.978821 ], [ -81.138429, 31.855717 ], [ -81.177027, 31.816113 ], [ -81.154731, 31.71307 ], [ -81.259887, 31.753754 ], [ -81.355837, 31.8149 ], [ -81.407737, 31.944302 ], [ -81.475761, 31.974255 ], [ -81.593429, 31.97135 ], [ -81.603665, 32.008469 ], [ -81.75634, 32.104584 ], [ -81.780858, 32.15289 ] ] ] } },
{ "type": "Feature", "properties": { "fips": "13205", "state_fips": "13", "county_name": "Mitchell" }, "geometry": { "type": "Polygon", "coordinates": [ [ [ -84.471001, 31.167981 ], [ -84.40435, 31.199143 ], [ -84.340552, 31.305341 ], [ -84.20066, 31.355525 ], [ -84.141124, 31.440179 ], [ -83.997796, 31.443753 ], [ -84.002968, 31.113173 ], [ -84.013851, 31.102436 ], [ -84.003627, 31.07729 ], [ -84.508078, 31.0784 ], [ -84.471001, 31.167981 ] ] ] } },
{ "type": "Feature", "properties": { "fips": "13151", "state_fips": "13", "county_name": "Henry" }, "geometry": { "type": "Polygon", "coordinates": [ [ [ -84.353584, 33.436165 ], [ -84.29468, 33.435715 ], [ -84.292591, 33.549145 ], [ -84.243858, 33.598618 ], [ -84.281654, 33.647307 ], [ -84.245453, 33.63073 ], [ -84.184143, 33.646157 ], [ -84.125073, 33.561248 ], [ -84.04972, 33.541081 ], [ -84.054396, 33.514907 ], [ -83.949478, 33.485782 ], [ -83.923913, 33.444194 ], [ -83.964374, 33.375154 ], [ -84.102582, 33.298191 ], [ -84.150581, 33.335639 ], [ -84.3544, 33.352514 ], [ -84.353584, 33.436165 ] ] ] } },
{ "type": "Feature", "properties": { "fips": "13059", "state_fips": "13", "county_name": "Clarke" }, "geometry": { "type": "Polygon", "coordinates": [ [ [ -83.537385, 33.965912 ], [ -83.503054, 33.999577 ], [ -83.359495, 34.040288 ], [ -83.258413, 33.999098 ], [ -83.24086, 33.90443 ], [ -83.275933, 33.847977 ], [ -83.415512, 33.918541 ], [ -83.508313, 33.9312 ], [ -83.537385, 33.965912 ] ] ] } },
{ "type": "Feature", "properties": { "fips": "12101", "state_fips": "12", "county_name": "Pasco" }, "geometry": { "type": "Polygon", "coordinates": [ [ [ -82.859624, 28.174135 ], [ -82.764103, 28.244345 ], [ -82.690813688294597, 28.433304857393399 ], [ -82.253439, 28.434824 ], [ -82.253293, 28.478491 ], [ -82.054694, 28.478397 ], [ -82.055531, 28.258928 ], [ -82.106206, 28.25924 ], [ -82.105853, 28.17165 ], [ -82.859624, 28.174135 ] ] ] } },
{ "type": "Feature", "properties": { "fips": "13111", "state_fips": "13", "county_name": "Fannin" }, "geometry": { "type": "Polygon", "coordinates": [ [ [ -84.621483, 34.988329 ], [ -84.129446962635896, 34.987946953955301 ], [ -84.178834, 34.952086 ], [ -84.107422, 34.886896 ], [ -84.093193, 34.801411 ], [ -84.188557, 34.602692 ], [ -84.343661, 34.824781 ], [ -84.422754, 34.854795 ], [ -84.618637, 34.855398 ], [ -84.621483, 34.988329 ] ] ] } },
{ "type": "Feature", "properties": { "fips": "13221", "state_fips": "13", "county_name": "Oglethorpe" }, "geometry": { "type": "Polygon", "coordinates": [ [ [ -83.306619, 33.811444 ], [ -83.24086, 33.90443 ], [ -83.258413, 33.999098 ], [ -83.123878, 34.047558 ], [ -83.048889, 34.015804 ], [ -82.976294, 34.043219 ], [ -82.942268, 34.014957 ], [ -82.779506, 33.971124 ], [ -82.874587, 33.921767 ], [ -82.987286, 33.78071 ], [ -82.949046, 33.733333 ], [ -82.995602, 33.693583 ], [ -83.118729, 33.698818 ], [ -83.28034, 33.761774 ], [ -83.306619, 33.811444 ] ] ] } },
{ "type": "Feature", "properties": { "fips": "37185", "state_fips": "37", "county_name": "Warren" }, "geometry": { "type": "Polygon", "coordinates": [ [ [ -78.323718509559001, 36.542421391558598 ], [ -77.899774136046702, 36.544850733042402 ], [ -77.911963, 36.382446 ], [ -78.006551, 36.202633 ], [ -78.108277, 36.209876 ], [ -78.133399, 36.246383 ], [ -78.306965, 36.266191 ], [ -78.277165, 36.306132 ], [ -78.323718509559001, 36.542421391558598 ] ] ] } },
{ "type": "Feature", "properties": { "fips": "13225", "state_fips": "13", "county_name": "Peach" }, "geometry": { "type": "Polygon", "coordinates": [ [ [ -84.00849, 32.521769 ], [ -83.766787, 32.692622 ], [ -83.70109, 32.691598 ], [ -83.728182, 32.639585 ], [ -83.723139, 32.521122 ], [ -83.797694, 32.496568 ], [ -83.82566, 32.439123 ], [ -83.846676, 32.468514 ], [ -84.018168, 32.506498 ], [ -84.00849, 32.521769 ] ] ] } },
{ "type": "Feature", "properties": { "fips": "45003", "state_fips": "45", "county_name": "Aiken" }, "geometry": { "type": "Polygon", "coordinates": [ [ [ -82.016581923058993, 33.529090797725701 ], [ -81.571487, 33.877318 ], [ -81.417939, 33.734443 ], [ -81.187271, 33.652937 ], [ -81.372931, 33.490417 ], [ -81.762505982795801, 33.197265888297302 ], [ -81.846536, 33.241746 ], [ -81.846136, 33.303843 ], [ -81.932737, 33.343541 ], [ -81.926336, 33.462937 ], [ -81.990938, 33.494235 ], [ -82.016581923058993, 33.529090797725701 ] ] ] } },
{ "type": "Feature", "properties": { "fips": "45053", "state_fips": "45", "county_name": "Jasper" }, "geometry": { "type": "Polygon", "coordinates": [ [ [ -81.284238381765604, 32.547110946285002 ], [ -81.014625, 32.753058 ], [ -80.902448, 32.621561 ], [ -80.869705, 32.660935 ], [ -80.831543, 32.593388 ], [ -80.829489, 32.411836 ], [ -80.928775, 32.331302 ], [ -80.93494, 32.300108 ], [ -81.006369, 32.306521 ], [ -81.015323, 32.245598 ], [ -80.961471, 32.126358 ], [ -80.867427681891598, 32.07849 ], [ -80.885517, 32.0346 ], [ -81.006745, 32.101152 ], [ -81.038265, 32.084469 ], [ -81.113334, 32.113205 ], [ -81.119361, 32.177142 ], [ -81.153531, 32.237687 ], [ -81.128034, 32.276297 ], [ -81.133032, 32.334794 ], [ -81.194931, 32.411489 ], [ -81.194829, 32.465086 ], [ -81.284238381765604, 32.547110946285002 ] ] ] } },
{ "type": "Feature", "properties": { "fips": "45047", "state_fips": "45", "county_name": "Greenwood" }, "geometry": { "type": "Polygon", "coordinates": [ [ [ -82.334234, 34.34263 ], [ -82.246337, 34.409676 ], [ -82.168857, 34.330151 ], [ -82.08367, 34.29924 ], [ -81.870084, 34.135357 ], [ -82.008298, 33.961646 ], [ -82.046974, 33.95321 ], [ -82.04513, 33.983396 ], [ -82.200286, 33.978597 ], [ -82.243651, 34.017886 ], [ -82.306243, 33.971584 ], [ -82.326947, 34.06412 ], [ -82.268843, 34.107127 ], [ -82.248241, 34.220551 ], [ -82.334234, 34.34263 ] ] ] } },
{ "type": "Feature", "properties": { "fips": "37165", "state_fips": "37", "county_name": "Scotland" }, "geometry": { "type": "Polygon", "coordinates": [ [ [ -79.692946383709298, 34.804962306923201 ], [ -79.614045, 34.815309 ], [ -79.624266, 34.855425 ], [ -79.561856, 34.91035 ], [ -79.573423, 34.99221 ], [ -79.458751, 35.043639 ], [ -79.353124, 34.944242 ], [ -79.330825, 34.774078 ], [ -79.461791031001297, 34.630030678591503 ], [ -79.675299, 34.804744 ], [ -79.692946383709298, 34.804962306923201 ] ] ] } },
{ "type": "Feature", "properties": { "fips": "13031", "state_fips": "13", "county_name": "Bulloch" }, "geometry": { "type": "Polygon", "coordinates": [ [ [ -82.001236, 32.60691 ], [ -81.82785, 32.652797 ], [ -81.689643, 32.54629 ], [ -81.548006, 32.489286 ], [ -81.534904, 32.39358 ], [ -81.450279, 32.297416 ], [ -81.43583, 32.241289 ], [ -81.780858, 32.15289 ], [ -81.81628, 32.23747 ], [ -81.969069, 32.268783 ], [ -81.918671, 32.41541 ], [ -82.030233, 32.53877 ], [ -82.001236, 32.60691 ] ] ] } },
{ "type": "Feature", "properties": { "fips": "12067", "state_fips": "12", "county_name": "Lafayette" }, "geometry": { "type": "Polygon", "coordinates": [ [ [ -83.36845, 30.128672 ], [ -83.36726, 30.26044 ], [ -83.247253, 30.26067 ], [ -83.225659, 30.113321 ], [ -83.160557, 30.109823 ], [ -82.963112, 29.99305 ], [ -82.879802, 29.886847 ], [ -82.893371, 29.826839 ], [ -83.35286, 29.822222 ], [ -83.37089, 29.887934 ], [ -83.36845, 30.128672 ] ] ] } },
{ "type": "Feature", "properties": { "fips": "45009", "state_fips": "45", "county_name": "Bamberg" }, "geometry": { "type": "Polygon", "coordinates": [ [ [ -81.222673, 33.44 ], [ -80.940569, 33.303715 ], [ -80.846151, 33.238328 ], [ -80.797912, 33.176944 ], [ -80.895426, 33.125348 ], [ -80.896074, 33.06141 ], [ -80.937157, 33.102584 ], [ -81.082291, 33.02663 ], [ -81.193099, 33.118668 ], [ -81.227804, 33.160697 ], [ -81.222673, 33.44 ] ] ] } },
{ "type": "Feature", "properties": { "fips": "45013", "state_fips": "45", "county_name": "Beaufort" }, "geometry": { "type": "Polygon", "coordinates": [ [ [ -81.006369, 32.306521 ], [ -80.93494, 32.300108 ], [ -80.928775, 32.331302 ], [ -80.829489, 32.411836 ], [ -80.831543, 32.593388 ], [ -80.869705, 32.660935 ], [ -80.826309, 32.704321 ], [ -80.668144, 32.667492 ], [ -80.683135, 32.652383 ], [ -80.675147, 32.625182 ], [ -80.551504, 32.565769 ], [ -80.472293124695099, 32.483348914580098 ], [ -80.484617, 32.460976 ], [ -80.434303, 32.375193 ], [ -80.455192, 32.326458 ], [ -80.539429, 32.287024 ], [ -80.596394, 32.273549 ], [ -80.714601, 32.325656 ], [ -80.766038, 32.292608 ], [ -80.669166, 32.216783 ], [ -80.721463, 32.160427 ], [ -80.858735, 32.099581 ], [ -80.867427681891598, 32.07849 ], [ -80.961471, 32.126358 ], [ -81.015323, 32.245598 ], [ -81.006369, 32.306521 ] ] ] } },
{ "type": "Feature", "properties": { "fips": "45031", "state_fips": "45", "county_name": "Darlington" }, "geometry": { "type": "Polygon", "coordinates": [ [ [ -80.288596, 34.366207 ], [ -80.04608, 34.492267 ], [ -79.884542, 34.491218 ], [ -79.829981, 34.531925 ], [ -79.752769, 34.514059 ], [ -79.750566, 34.436797 ], [ -79.657764, 34.30519 ], [ -79.725109, 34.296892 ], [ -80.069878, 34.086191 ], [ -80.158582, 34.161623 ], [ -80.112727, 34.197018 ], [ -80.177225, 34.366203 ], [ -80.243226, 34.324455 ], [ -80.288596, 34.366207 ] ] ] } },
{ "type": "Feature", "properties": { "fips": "12079", "state_fips": "12", "county_name": "Madison" }, "geometry": { "type": "Polygon", "coordinates": [ [ [ -83.808094, 30.365154 ], [ -83.72172, 30.434354 ], [ -83.736954, 30.507569 ], [ -83.604186, 30.581916 ], [ -83.611704058826405, 30.6515600937086 ], [ -83.272612, 30.627687 ], [ -83.221868, 30.42341 ], [ -83.170969, 30.385225 ], [ -83.192343, 30.374846 ], [ -83.247253, 30.26067 ], [ -83.469267, 30.260351 ], [ -83.468768, 30.304212 ], [ -83.820235, 30.30354 ], [ -83.808094, 30.365154 ] ] ] } },
{ "type": "Feature", "properties": { "fips": "45073", "state_fips": "45", "county_name": "Oconee" }, "geometry": { "type": "Polygon", "coordinates": [ [ [ -83.353238, 34.728648 ], [ -83.320062, 34.759616 ], [ -83.323866, 34.789712 ], [ -83.140621, 34.924915 ], [ -83.108606, 35.000659 ], [ -82.897559231247996, 35.056005204586498 ], [ -82.943604, 34.988154 ], [ -82.903309, 34.935044 ], [ -82.900458, 34.741449 ], [ -82.855588, 34.72527 ], [ -82.840009, 34.623311 ], [ -82.991388153182299, 34.472980627235799 ], [ -83.048289, 34.493254 ], [ -83.154577, 34.588198 ], [ -83.221402, 34.609947 ], [ -83.33869, 34.682002 ], [ -83.353238, 34.728648 ] ] ] } },
{ "type": "Feature", "properties": { "fips": "37121", "state_fips": "37", "county_name": "Mitchell" }, "geometry": { "type": "Polygon", "coordinates": [ [ [ -82.409458, 36.083409 ], [ -82.211251, 36.159012 ], [ -82.140847, 36.136216 ], [ -82.127146, 36.104417 ], [ -82.081148917132396, 36.105692114332598 ], [ -82.034104, 35.942057 ], [ -81.981954, 35.911361 ], [ -81.980337, 35.884716 ], [ -82.133484, 35.823309 ], [ -82.197834, 36.015332 ], [ -82.253966, 36.005321 ], [ -82.351672, 36.084334 ], [ -82.4169375946732, 36.072970010708502 ], [ -82.409458, 36.083409 ] ] ] } },
{ "type": "Feature", "properties": { "fips": "13125", "state_fips": "13", "county_name": "Glascock" }, "geometry": { "type": "Polygon", "coordinates": [ [ [ -82.755846, 33.25344 ], [ -82.559753, 33.32727 ], [ -82.431957, 33.27483 ], [ -82.584942, 33.171453 ], [ -82.578816, 33.11984 ], [ -82.661917, 33.126331 ], [ -82.739483, 33.174368 ], [ -82.755846, 33.25344 ] ] ] } },
{ "type": "Feature", "properties": { "fips": "45091", "state_fips": "45", "county_name": "York" }, "geometry": { "type": "Polygon", "coordinates": [ [ [ -81.487016, 35.034853 ], [ -81.408816, 35.047077 ], [ -81.367604132077702, 35.164092125613401 ], [ -81.04287, 35.149248 ], [ -81.036759, 35.122552 ], [ -81.058029, 35.07319 ], [ -81.041489, 35.044703 ], [ -80.93495, 35.107409 ], [ -80.906239954082494, 35.0751842697656 ], [ -80.868652, 34.951143 ], [ -80.866694, 34.848071 ], [ -80.898215, 34.820746 ], [ -81.478454, 34.821509 ], [ -81.457257, 34.83928 ], [ -81.492108, 34.948956 ], [ -81.487016, 35.034853 ] ] ] } },
{ "type": "Feature", "properties": { "fips": "13269", "state_fips": "13", "county_name": "Taylor" }, "geometry": { "type": "Polygon", "coordinates": [ [ [ -84.444353, 32.562083 ], [ -84.408866, 32.561923 ], [ -84.33794, 32.720647 ], [ -84.286246, 32.747626 ], [ -84.235803, 32.738284 ], [ -84.202628, 32.690018 ], [ -84.105924, 32.685049 ], [ -84.062735, 32.578432 ], [ -84.003363, 32.529927 ], [ -84.111226, 32.514124 ], [ -84.197912, 32.400852 ], [ -84.254613, 32.372053 ], [ -84.381817, 32.428047 ], [ -84.392316, 32.414046 ], [ -84.453154, 32.534336 ], [ -84.444353, 32.562083 ] ] ] } },
{ "type": "Feature", "properties": { "fips": "12105", "state_fips": "12", "county_name": "Polk" }, "geometry": { "type": "Polygon", "coordinates": [ [ [ -82.106206, 28.25924 ], [ -82.055531, 28.258928 ], [ -82.055819, 28.312794 ], [ -81.957805, 28.308888 ], [ -81.957641, 28.34518 ], [ -81.673781, 28.347024 ], [ -81.658582, 28.254141 ], [ -81.539507, 28.228202 ], [ -81.51732, 28.142787 ], [ -81.456214, 28.143163 ], [ -81.455758, 28.08489 ], [ -81.346716, 28.07291 ], [ -81.382476, 28.012361 ], [ -81.457449, 28.055084 ], [ -81.450896, 28.033833 ], [ -81.308696, 27.92188 ], [ -81.301862, 27.862081 ], [ -81.208124, 27.821125 ], [ -81.131495, 27.6494 ], [ -82.054349, 27.646382 ], [ -82.056261, 28.171592 ], [ -82.105853, 28.17165 ], [ -82.106206, 28.25924 ] ] ] } },
{ "type": "Feature", "properties": { "fips": "13129", "state_fips": "13", "county_name": "Gordon" }, "geometry": { "type": "Polygon", "coordinates": [ [ [ -85.069159, 34.587184 ], [ -85.050446, 34.622482 ], [ -84.926362, 34.615719 ], [ -84.913456, 34.634128 ], [ -84.863793, 34.608597 ], [ -84.715692, 34.622876 ], [ -84.654523, 34.583187 ], [ -84.653232, 34.41259 ], [ -84.988793, 34.384578 ], [ -85.104811, 34.404608 ], [ -85.069159, 34.587184 ] ] ] } },
{ "type": "Feature", "properties": { "fips": "13295", "state_fips": "13", "county_name": "Walker" }, "geometry": { "type": "Polygon", "coordinates": [ [ [ -85.534405257815393, 34.623790338435803 ], [ -85.490795, 34.669449 ], [ -85.49053, 34.69911 ], [ -85.450409, 34.759241 ], [ -85.450561, 34.831677 ], [ -85.43371, 34.875077 ], [ -85.363919028931093, 34.983376563140503 ], [ -85.265055021715796, 34.9850776447417 ], [ -85.264762, 34.854277 ], [ -85.20218, 34.854451 ], [ -85.201856, 34.77508 ], [ -85.144789, 34.767639 ], [ -85.168851, 34.720279 ], [ -85.050847, 34.71998 ], [ -85.050446, 34.622482 ], [ -85.069159, 34.587184 ], [ -85.526894818160997, 34.588685692733499 ], [ -85.534405257815393, 34.623790338435803 ] ] ] } },
{ "type": "Feature", "properties": { "fips": "45055", "state_fips": "45", "county_name": "Kershaw" }, "geometry": { "type": "Polygon", "coordinates": [ [ [ -80.879227, 34.457776 ], [ -80.743345, 34.539916 ], [ -80.739966, 34.479957 ], [ -80.527434, 34.503935 ], [ -80.550552, 34.560116 ], [ -80.408373, 34.614765 ], [ -80.32759, 34.49776 ], [ -80.285538, 34.393678 ], [ -80.288692, 34.364139 ], [ -80.353031, 34.30333 ], [ -80.437359, 34.284502 ], [ -80.479857, 34.168696 ], [ -80.58011, 34.099949 ], [ -80.618542, 34.109176 ], [ -80.719318, 34.068972 ], [ -80.869524, 34.182271 ], [ -80.769926, 34.377111 ], [ -80.879227, 34.457776 ] ] ] } },
{ "type": "Feature", "properties": { "fips": "13153", "state_fips": "13", "county_name": "Houston" }, "geometry": { "type": "Polygon", "coordinates": [ [ [ -83.85654, 32.382399 ], [ -83.836994, 32.388793 ], [ -83.846676, 32.468514 ], [ -83.82566, 32.439123 ], [ -83.797694, 32.496568 ], [ -83.723139, 32.521122 ], [ -83.728182, 32.639585 ], [ -83.701152, 32.692169 ], [ -83.555777, 32.652516 ], [ -83.548147, 32.571922 ], [ -83.488648, 32.485539 ], [ -83.498039, 32.401715 ], [ -83.523458, 32.402288 ], [ -83.615579, 32.288556 ], [ -83.848379, 32.29097 ], [ -83.85654, 32.382399 ] ] ] } },
{ "type": "Feature", "properties": { "fips": "37045", "state_fips": "37", "county_name": "Cleveland" }, "geometry": { "type": "Polygon", "coordinates": [ [ [ -81.702853, 35.357304 ], [ -81.691989, 35.580041 ], [ -81.515009, 35.557782 ], [ -81.4556, 35.419811 ], [ -81.356682, 35.330604 ], [ -81.321729, 35.260449 ], [ -81.328090989291795, 35.162285915557398 ], [ -81.7681344077739, 35.179707706383901 ], [ -81.702853, 35.357304 ] ] ] } },
{ "type": "Feature", "properties": { "fips": "12015", "state_fips": "12", "county_name": "Charlotte" }, "geometry": { "type": "Polygon", "coordinates": [ [ [ -82.369201392169103, 26.9460810256335 ], [ -82.255521, 26.945264 ], [ -82.255169, 27.03302 ], [ -81.562624, 27.033835 ], [ -81.565748, 26.769601 ], [ -82.205562, 26.770528 ], [ -82.2805412776287, 26.789308586443099 ], [ -82.369201392169103, 26.9460810256335 ] ] ] } },
{ "type": "Feature", "properties": { "fips": "13145", "state_fips": "13", "county_name": "Harris" }, "geometry": { "type": "Polygon", "coordinates": [ [ [ -85.186117401789204, 32.870138269971598 ], [ -84.751338, 32.8692 ], [ -84.700538, 32.84464 ], [ -84.682876, 32.73035 ], [ -84.694603, 32.583945 ], [ -84.907883, 32.583433 ], [ -84.98179, 32.607671 ], [ -85.076072372604798, 32.6080674751571 ], [ -85.11425, 32.730447 ], [ -85.186117401789204, 32.870138269971598 ] ] ] } },
{ "type": "Feature", "properties": { "fips": "13071", "state_fips": "13", "county_name": "Colquitt" }, "geometry": { "type": "Polygon", "coordinates": [ [ [ -84.013851, 31.102436 ], [ -84.002968, 31.113173 ], [ -83.99943, 31.334966 ], [ -83.759086, 31.332225 ], [ -83.714134, 31.318365 ], [ -83.512607, 31.327405 ], [ -83.509961, 31.205972 ], [ -83.574857, 31.078135 ], [ -83.573959, 31.033875 ], [ -84.003876, 31.041582 ], [ -84.013851, 31.102436 ] ] ] } },
{ "type": "Feature", "properties": { "fips": "12029", "state_fips": "12", "county_name": "Dixie" }, "geometry": { "type": "Polygon", "coordinates": [ [ [ -83.414142251879895, 29.6661877064703 ], [ -83.366398, 29.665701 ], [ -83.318859, 29.822623 ], [ -82.920608, 29.824143 ], [ -82.949707, 29.754409 ], [ -82.954879, 29.585605 ], [ -82.937329, 29.591196 ], [ -82.984371, 29.471004 ], [ -83.060528, 29.349457 ], [ -83.165554126281194, 29.288964743453999 ], [ -83.175518, 29.34469 ], [ -83.240509, 29.433178 ], [ -83.294747, 29.437923 ], [ -83.307828, 29.468861 ], [ -83.401552, 29.523291 ], [ -83.414142251879895, 29.6661877064703 ] ] ] } },
{ "type": "Feature", "properties": { "fips": "13231", "state_fips": "13", "county_name": "Pike" }, "geometry": { "type": "Polygon", "coordinates": [ [ [ -84.536991, 33.03673 ], [ -84.496783, 33.183866 ], [ -84.451336, 33.208889 ], [ -84.248185, 33.189019 ], [ -84.248659, 33.03933 ], [ -84.269169, 33.031438 ], [ -84.27014, 32.991011 ], [ -84.489708, 32.993729 ], [ -84.52702, 32.970548 ], [ -84.536991, 33.03673 ] ] ] } },
{ "type": "Feature", "properties": { "fips": "12086", "state_fips": "12", "county_name": "Miami-Dade" }, "geometry": { "type": "Polygon", "coordinates": [ [ [ -80.873096, 25.805377 ], [ -80.872932, 25.979434 ], [ -80.680038, 25.978749 ], [ -80.680016, 25.956857 ], [ -80.294972, 25.95677 ], [ -80.278764, 25.970968 ], [ -80.115006783606304, 25.975326162792399 ], [ -80.109953, 25.81826 ], [ -80.154972, 25.66549 ], [ -80.229107, 25.732509 ], [ -80.301464, 25.613299 ], [ -80.337049, 25.465621 ], [ -80.31036, 25.389707 ], [ -80.234849, 25.42196 ], [ -80.176024, 25.521154 ], [ -80.163156, 25.452184 ], [ -80.229353784912604, 25.3421186263507 ], [ -80.265472, 25.354296 ], [ -80.372121, 25.310215 ], [ -80.394931, 25.253537 ], [ -80.482826, 25.224786 ], [ -80.495394, 25.199808 ], [ -80.650532, 25.189097 ], [ -80.747746, 25.147441 ], [ -80.812133, 25.186039 ], [ -80.8581700400306, 25.1775203265261 ], [ -80.87319, 25.363993 ], [ -80.873096, 25.805377 ] ] ] } },
{ "type": "Feature", "properties": { "fips": "13185", "state_fips": "13", "county_name": "Lowndes" }, "geometry": { "type": "Polygon", "coordinates": [ [ [ -83.449293, 30.817957 ], [ -83.346405, 30.853543 ], [ -83.441549, 30.914347 ], [ -83.475617, 31.031964 ], [ -83.197971, 31.025405 ], [ -83.179465, 30.950128 ], [ -83.042924, 30.947296 ], [ -83.019419, 30.849453 ], [ -83.088082, 30.848658 ], [ -83.124865, 30.803655 ], [ -83.136618858203605, 30.6238859448931 ], [ -83.357716313628103, 30.637137873134201 ], [ -83.482461, 30.756931 ], [ -83.449293, 30.817957 ] ] ] } },
{ "type": "Feature", "properties": { "fips": "13317", "state_fips": "13", "county_name": "Wilkes" }, "geometry": { "type": "Polygon", "coordinates": [ [ [ -82.987286, 33.78071 ], [ -82.874587, 33.921767 ], [ -82.779506, 33.971124 ], [ -82.645451, 33.984195 ], [ -82.605687, 33.859942 ], [ -82.572297, 33.866343 ], [ -82.593527, 33.827322 ], [ -82.479518, 33.639535 ], [ -82.507223, 33.659994 ], [ -82.679975, 33.599792 ], [ -82.812958, 33.655836 ], [ -82.879716, 33.620748 ], [ -82.987286, 33.78071 ] ] ] } },
{ "type": "Feature", "properties": { "fips": "37143", "state_fips": "37", "county_name": "Perquimans" }, "geometry": { "type": "Polygon", "coordinates": [ [ [ -76.590107, 36.238862 ], [ -76.559646, 36.351056 ], [ -76.453711, 36.378092 ], [ -76.375064, 36.258901 ], [ -76.290671, 36.223497 ], [ -76.177396, 36.109191 ], [ -76.157953, 36.059517 ], [ -76.358393, 36.020019 ], [ -76.396794, 36.026443 ], [ -76.402957, 36.072867 ], [ -76.572077, 36.109463 ], [ -76.590107, 36.238862 ] ] ] } },
{ "type": "Feature", "properties": { "fips": "37177", "state_fips": "37", "county_name": "Tyrrell" }, "geometry": { "type": "Polygon", "coordinates": [ [ [ -76.405603, 35.786294 ], [ -76.353554, 35.861301 ], [ -76.380009, 35.914666 ], [ -76.358393, 36.020019 ], [ -76.186705, 36.047725 ], [ -76.022607, 36.096725 ], [ -76.022398, 36.086654 ], [ -75.906295, 36.085877 ], [ -75.874806, 36.041789 ], [ -75.840046, 36.028834 ], [ -75.973152, 35.976643 ], [ -76.008348, 35.895802 ], [ -76.027479, 35.668849 ], [ -76.144653, 35.702488 ], [ -76.215989, 35.598131 ], [ -76.297899, 35.608895 ], [ -76.269247, 35.690754 ], [ -76.405971, 35.697579 ], [ -76.405603, 35.786294 ] ] ] } },
{ "type": "Feature", "properties": { "fips": "12059", "state_fips": "12", "county_name": "Holmes" }, "geometry": { "type": "Polygon", "coordinates": [ [ [ -86.035038104950601, 30.993749607302298 ], [ -85.893632, 30.993455 ], [ -85.498001585089497, 30.997865049361401 ], [ -85.52921, 30.974439 ], [ -85.599934, 30.830552 ], [ -85.619011, 30.743868 ], [ -85.736051, 30.74637 ], [ -85.821616, 30.790775 ], [ -85.844421, 30.70313 ], [ -86.037591, 30.704572 ], [ -86.035038104950601, 30.993749607302298 ] ] ] } },
{ "type": "Feature", "properties": { "fips": "12077", "state_fips": "12", "county_name": "Liberty" }, "geometry": { "type": "Polygon", "coordinates": [ [ [ -85.11566, 30.199976 ], [ -85.03429, 30.312478 ], [ -85.04277, 30.352466 ], [ -84.983203, 30.441837 ], [ -84.990017, 30.524795 ], [ -84.932519, 30.606393 ], [ -84.883316, 30.605589 ], [ -84.882616, 30.533094 ], [ -84.781813, 30.518693 ], [ -84.781111, 30.459794 ], [ -84.646408, 30.388281 ], [ -84.715144, 30.333077 ], [ -84.670364, 30.128208 ], [ -84.591048, 30.029637 ], [ -84.54445, 30.01103 ], [ -85.007626, 30.013883 ], [ -85.025439, 29.971399 ], [ -85.113691, 30.023173 ], [ -85.154015, 30.092043 ], [ -85.11566, 30.199976 ] ] ] } },
{ "type": "Feature", "properties": { "fips": "13289", "state_fips": "13", "county_name": "Twiggs" }, "geometry": { "type": "Polygon", "coordinates": [ [ [ -83.602186, 32.741448 ], [ -83.513511, 32.844868 ], [ -83.40699, 32.89822 ], [ -83.226536, 32.584201 ], [ -83.497923, 32.452198 ], [ -83.488648, 32.485539 ], [ -83.548147, 32.571922 ], [ -83.555777, 32.652516 ], [ -83.597656, 32.664338 ], [ -83.602186, 32.741448 ] ] ] } },
{ "type": "Feature", "properties": { "fips": "12127", "state_fips": "12", "county_name": "Volusia" }, "geometry": { "type": "Polygon", "coordinates": [ [ [ -81.680903, 29.32443 ], [ -81.445886, 29.380142 ], [ -81.420745, 29.399645 ], [ -81.41729, 29.261156 ], [ -81.150081, 29.265957 ], [ -81.155881, 29.410954 ], [ -81.102967351745406, 29.426996650452001 ], [ -80.966176, 29.14796 ], [ -80.727505670073796, 28.7911928713227 ], [ -80.967895, 28.790197 ], [ -80.98725, 28.612997 ], [ -81.06111, 28.750001 ], [ -81.067829, 28.813325 ], [ -81.181433, 28.783277 ], [ -81.226003, 28.83263 ], [ -81.320473, 28.83453 ], [ -81.36694, 28.879227 ], [ -81.354554, 28.984375 ], [ -81.502055, 29.097802 ], [ -81.531262, 29.176621 ], [ -81.61234, 29.202943 ], [ -81.641916, 29.276766 ], [ -81.680903, 29.32443 ] ] ] } }
]
}
