# If this file contains data that relates to a time no more than 48 hours ago,
# BY USING IT YOU AGREE TO THE LEGALLY BINDING TERMS OF USE FOUND AT
#   https://storage.googleapis.com/weathernext-public/terms-of-use.pdf
# Any data that relates to a time more than 48 hours ago is licensed under the
# Creative Commons Attribution International License, Version 4.0 (CC BY 4.0).
# BEGIN DATA
init_time,track_id,sample,valid_time,lead_time,lat,lon,minimum_sea_level_pressure_hpa,maximum_sustained_wind_speed_knots,radius_of_maximum_winds_km,radius_34_knot_winds_ne_km,radius_34_knot_winds_se_km,radius_34_knot_winds_sw_km,radius_34_knot_winds_nw_km,radius_50_knot_winds_ne_km,radius_50_knot_winds_se_km,radius_50_knot_winds_sw_km,radius_50_knot_winds_nw_km,radius_64_knot_winds_ne_km,radius_64_knot_winds_se_km,radius_64_knot_winds_sw_km,radius_64_knot_winds_nw_km
2024-09-23 12:00:00,AL972024,0.0,2024-09-23 12:00:00,0 days 00:00:00,17.2,-81.7,1004.0,30.0,185.1999325872245,,,,,,,,,,,,
2024-09-23 12:00:00,EP102024,0.0,2024-09-23 12:00:00,0 days 00:00:00,14.6,-98.4,992.0,60.0,37.03998651744491,74.07997303488982,55.55997977616736,55.55997977616736,55.55997977616736,37.03998651744491,0.0,0.0,0.0,,,,
2024-09-23 12:00:00,EP102024,0.0,2024-09-23 18:00:00,0 days 06:00:00,15.21,-98.48,983.5,66.2,19.151708602905277,104.92323303222656,98.457763671875,80.23431396484375,84.9419174194336,37.896446228027344,31.97995948791504,22.633886337280277,30.127172470092773,5.055135250091553,3.385343313217163,2.218746423721313,4.15474796295166
2024-09-23 12:00:00,EP102024,0.0,2024-09-24 00:00:00,0 days 12:00:00,15.61,-98.59,968.4,90.7,24.222488403320312,116.65591430664062,110.75572204589844,89.75524139404297,98.10445404052734,49.568355560302734,44.23016357421875,37.986324310302734,44.01153945922852,30.187253952026367,27.60654067993164,23.31203269958496,27.057588577270508
2024-09-23 12:00:00,EP102024,0.0,2024-09-24 06:00:00,0 days 18:00:00,15.97,-98.81,971.2,86.8,42.901954650878906,105.29490661621094,97.4082260131836,80.26592254638672,85.62545776367188,47.515132904052734,43.23747634887695,36.42007446289063,40.752235412597656,23.297266006469727,21.184545516967773,18.29808616638184,20.967578887939453
2024-09-23 12:00:00,EP102024,0.0,2024-09-24 12:00:00,1 days 00:00:00,16.44,-98.84,991.9,54.3,72.03837585449219,37.10676574707031,32.27853012084961,18.692472457885746,26.96821594238281,4.0592451095581055,4.934880256652832,5.135767459869385,3.109471559524536,1.4179881811141968,1.8307470083236692,2.206071615219116,1.462988257408142
2024-09-23 12:00:00,EP102024,0.0,2024-09-24 18:00:00,1 days 06:00:00,16.64,-99.79,992.4,51.3,44.3997688293457,67.7264404296875,54.65682601928711,36.54824447631836,52.70685958862305,19.459199905395508,15.656668663024902,10.955803871154783,15.350022315979004,1.2077667713165283,0.4090562760829925,0.0062450859695672,0.9307683706283568
2024-09-23 12:00:00,EP102024,0.0,2024-09-25 00:00:00,1 days 12:00:00,16.18,-100.53,998.9,38.5,51.33024215698242,118.43820190429688,115.67428588867188,102.60231018066406,102.34772491455078,0.0,0.2426125109195709,0.290186733007431,0.0667706355452537,0.0458700284361839,0.2984875440597534,0.5387821793556213,0.0489558242261409
2024-09-23 12:00:00,EP102024,0.0,2024-09-25 06:00:00,1 days 18:00:00,16.48,-101.3,999.1,37.0,74.66577911376953,8.126897811889648,6.966045379638672,0.7940875887870789,3.9831907749176025,0.0,0.0,0.0,0.0,0.2308928221464157,0.446524441242218,0.6261270642280579,0.29161337018013
2024-09-23 12:00:00,EP102024,0.0,2024-09-25 12:00:00,2 days 00:00:00,16.21,-101.66,1000.0,37.6,89.71355438232422,38.0760498046875,30.155498504638672,14.236382484436035,27.66781044006348,3.5908725261688232,3.5651865005493164,2.7573728561401367,2.4134867191314697,0.2069956809282302,0.3514911830425262,0.7528560757637024,0.278220534324646
2024-09-23 12:00:00,EP102024,0.0,2024-09-25 18:00:00,2 days 06:00:00,16.47,-102.12,992.8,51.6,46.93190383911133,106.90907287597656,91.70772552490234,62.25614547729492,81.67269897460938,21.78523063659668,18.56572723388672,13.321748733520508,16.481609344482422,0.3023939728736877,0.2887017130851745,0.0053096138872206,0.3452886044979095
2024-09-23 12:00:00,EP102024,0.0,2024-09-26 00:00:00,2 days 12:00:00,16.51,-102.07,986.1,60.7,43.92071914672852,235.77114868164065,224.08908081054688,202.57472229003903,209.96392822265625,77.09597778320312,70.34534454345703,58.32439041137695,67.87155151367188,31.578975677490234,29.067930221557617,24.19317626953125,27.32858657836914
2024-09-23 12:00:00,EP102024,0.0,2024-09-26 06:00:00,2 days 18:00:00,17.09,-102.09,983.3,67.3,31.86951065063477,143.2396240234375,136.80091857910156,105.84808349609376,123.03170013427734,58.90462875366211,53.21141052246094,43.1113395690918,49.46803665161133,24.46854782104492,22.38196182250977,18.64969062805176,21.205965042114254
2024-09-23 12:00:00,EP102024,0.0,2024-09-26 12:00:00,3 days 00:00:00,17.93,-102.54,986.2,61.1,38.76244735717773,99.3636703491211,89.1855697631836,65.07264709472656,79.07811737060547,37.03643798828125,33.04390335083008,24.748809814453125,31.2315673828125,11.052276611328123,9.430761337280272,7.877935409545898,9.39980411529541
2024-09-23 12:00:00,EP102024,0.0,2024-09-26 18:00:00,3 days 06:00:00,18.92,-103.02,992.4,51.8,60.60448455810547,81.71792602539062,74.49929809570312,52.9731674194336,63.54777526855469,25.734434127807617,23.11471939086914,16.77155303955078,21.589229583740234,5.482666492462158,4.660001754760742,3.611472129821777,4.688756942749023
2024-09-23 12:00:00,EP102024,0.0,2024-09-27 00:00:00,3 days 12:00:00,18.65,-103.66,999.9,35.0,63.63154983520508,79.8391342163086,79.8160629272461,76.17890167236328,69.19293212890625,0.0,0.0,0.2183037251234054,0.0,0.0,0.1623730659484863,0.4902133345603943,0.0600224509835243
2024-09-23 12:00:00,EP102024,0.0,2024-09-27 06:00:00,3 days 18:00:00,19.1,-103.9,1002.8,30.4,90.80603790283205,6.769511699676514,3.456217050552368,2.4343607425689697,2.7553975582122803,0.0,0.0,0.0289179217070341,0.0,0.0,0.4426039159297943,0.9696066975593568,0.2950357496738434
2024-09-23 12:00:00,EP102024,0.0,2024-09-27 12:00:00,4 days 00:00:00,18.3,-103.76,1004.0,29.2,96.42616271972656,8.775849342346191,5.8792338371276855,2.6321768760681152,6.331793785095215,0.0,0.0,0.1508347243070602,0.0,0.03941510617733,0.3382196426391601,0.5484676957130432,0.1447398364543914
2024-09-23 12:00:00,EP102024,0.0,2024-09-27 18:00:00,4 days 06:00:00,18.17,-103.42,1003.7,29.7,108.3167495727539,4.6244425773620605,3.623141288757324,2.5233407020568848,4.65645170211792,0.0,0.0,0.3197696506977081,0.2523568272590637,0.0443191677331924,0.0050468621775507,0.0768764391541481,0.1146017685532569
2024-09-23 12:00:00,AL972024,1.0,2024-09-23 12:00:00,0 days 00:00:00,17.2,-81.7,1004.0,30.0,185.1999325872245,,,,,,,,,,,,
2024-09-23 12:00:00,AL972024,1.0,2024-09-23 18:00:00,0 days 06:00:00,17.46,-82.4,1005.5,25.2,151.3358612060547,0.7676333785057068,1.614877462387085,0.0,0.0,0.0,0.0,0.0712456852197647,0.0,0.030453473329544,0.0300198625773191,0.0852838307619094,0.0
2024-09-23 12:00:00,AL972024,1.0,2024-09-24 00:00:00,0 days 12:00:00,17.45,-82.61,1002.2,31.4,121.63663482666016,66.8633804321289,67.42887878417969,64.25020599365234,59.93565368652344,0.0,0.0,0.0,0.0,0.1238907873630523,0.0,0.0,0.1048301681876182
2024-09-23 12:00:00,AL972024,1.0,2024-09-24 06:00:00,0 days 18:00:00,18.01,-82.52,999.2,38.9,119.1539077758789,117.0018081665039,111.1204071044922,96.31131744384766,99.16748046875,0.0,0.0,0.0,0.0,0.1365417838096618,0.0,0.0,0.0896569117903709
2024-09-23 12:00:00,AL972024,1.0,2024-09-24 12:00:00,1 days 00:00:00,18.62,-82.82,997.1,39.8,67.68216705322266,5.345831394195557,2.313792943954468,0.0,0.0,0.0,0.0,0.0,0.0,0.0,0.0,0.0,0.0
2024-09-23 12:00:00,AL972024,1.0,2024-09-24 18:00:00,1 days 06:00:00,19.05,-83.79,995.5,48.8,54.85896301269531,132.5530242919922,108.6835479736328,66.98707580566406,99.93475341796876,11.98923397064209,9.205265045166016,5.193262100219727,8.190271377563477,0.0476581826806068,0.0616843029856681,0.0,0.098699189722538
2024-09-23 12:00:00,AL972024,1.0,2024-09-25 00:00:00,1 days 12:00:00,19.79,-84.5,994.9,48.4,69.75402069091797,204.76779174804688,185.6080322265625,140.5859832763672,166.96343994140625,3.035045862197876,0.9935302734375,0.0,1.0443323850631714,0.0248337779194116,0.0,0.0138934515416622,0.0430771596729755
2024-09-23 12:00:00,AL972024,1.0,2024-09-25 06:00:00,1 days 18:00:00,20.61,-85.57,990.0,54.6,51.86323547363281,88.27326965332031,68.32366180419922,30.773496627807617,59.648197174072266,16.271339416503906,12.009723663330078,6.36343240737915,10.5563383102417,0.1502958685159683,0.0,0.0,0.0269242897629737
2024-09-23 12:00:00,AL972024,1.0,2024-09-25 12:00:00,2 days 00:00:00,21.44,-86.3,986.6,60.7,50.46160125732422,217.04193115234372,190.03196716308597,140.79241943359375,177.49925231933594,108.01524353027344,96.6710968017578,73.55126190185547,89.67273712158203,37.697052001953125,32.20945358276367,25.659120559692383,30.860584259033203
2024-09-23 12:00:00,AL972024,1.0,2024-09-25 18:00:00,2 days 06:00:00,22.28,-86.83,985.6,60.3,39.648170471191406,191.6766357421875,167.56423950195312,129.26422119140625,155.7642364501953,86.6451644897461,77.5903549194336,58.02220153808594,71.33599853515625,21.37681007385254,17.693002700805664,13.82501983642578,17.224245071411133
2024-09-23 12:00:00,AL972024,1.0,2024-09-26 00:00:00,2 days 12:00:00,23.25,-87.08,984.6,59.9,55.4056282043457,173.3624267578125,156.71356201171875,103.66497039794922,128.71157836914062,53.13554000854492,48.09642028808594,33.05702590942383,38.539737701416016,1.0878170728683472,0.4574880599975586,0.0,0.0
2024-09-23 12:00:00,AL972024,1.0,2024-09-26 06:00:00,2 days 18:00:00,24.71,-86.79,972.6,76.7,40.42002868652344,204.87725830078125,195.33184814453125,145.77157592773438,165.45872497558594,101.1398468017578,94.73111724853516,76.79654693603516,85.57756805419922,46.86283493041992,43.648887634277344,36.15684127807617,40.09975051879883
2024-09-23 12:00:00,AL972024,1.0,2024-09-26 12:00:00,3 days 00:00:00,26.53,-86.12,963.3,89.2,51.98891067504883,235.0379638671875,229.2837677001953,160.1128692626953,189.46478271484372,120.09091186523438,115.00078582763672,93.43353271484376,101.32677459716795,62.55550765991211,58.8251953125,48.881568908691406,53.73720169067383
2024-09-23 12:00:00,AL972024,1.0,2024-09-26 18:00:00,3 days 06:00:00,29.0,-85.95,954.7,95.9,38.38621139526367,265.1429748535156,267.91461181640625,189.3679962158203,210.21823120117188,129.94659423828125,127.62871551513672,103.53022003173828,107.23509216308594,60.387454986572266,57.06069946289063,48.03132247924805,51.93649673461914
2024-09-23 12:00:00,AL972024,1.0,2024-09-27 00:00:00,3 days 12:00:00,31.5,-85.63,968.1,72.6,88.44103240966797,107.67539978027344,126.62057495117188,65.55561828613281,66.96436309814453,32.510337829589844,31.310834884643555,18.47555160522461,20.539918899536133,6.886683464050293,5.209174633026123,2.8307876586914062,4.81003475189209
2024-09-23 12:00:00,AL972024,1.0,2024-09-27 06:00:00,3 days 18:00:00,33.79,-87.05,980.7,48.2,153.56002807617188,206.45806884765625,209.50071716308597,133.54519653320312,150.70912170410156,15.493022918701172,14.4069185256958,6.8935322761535645,9.132862091064451,0.2518093883991241,0.0,0.0,0.0
2024-09-23 12:00:00,AL972024,1.0,2024-09-27 12:00:00,4 days 00:00:00,35.57,-88.29,983.8,38.9,165.23126220703125,250.18374633789065,251.46131896972656,196.300537109375,207.48097229003903,3.277623414993286,2.4765145778656006,0.3918482065200805,1.7154995203018188,0.0,0.0,0.0,0.0
2024-09-23 12:00:00,AL972024,1.0,2024-09-27 18:00:00,4 days 06:00:00,35.84,-91.49,994.1,27.9,95.18131256103516,0.0,0.0,0.0,0.0,0.0,0.0,0.0,0.0,0.0,0.0136189740151166,0.0,0.4022961258888244
2024-09-23 12:00:00,AL972024,1.0,2024-09-28 00:00:00,4 days 12:00:00,36.5,-94.15,995.6,29.4,146.4012908935547,0.0,0.0,0.0,0.0,0.0,0.3165807425975799,0.0,0.0470345616340637,0.3001229166984558,0.2238792479038238,0.2197008281946182,0.3274388611316681
2024-09-23 12:00:00,EP102024,1.0,2024-09-23 12:00:00,0 days 00:00:00,14.6,-98.4,992.0,60.0,37.03998651744491,74.07997303488982,55.55997977616736,55.55997977616736,55.55997977616736,37.03998651744491,0.0,0.0,0.0,,,,
2024-09-23 12:00:00,EP102024,1.0,2024-09-23 18:00:00,0 days 06:00:00,15.29,-98.64,984.7,68.9,45.02765274047852,116.74681854248048,102.72299194335938,79.05748748779297,99.19539642333984,57.15876388549805,48.83285140991211,38.69972229003906,49.518062591552734,25.384601593017575,22.22286605834961,17.946767807006836,21.974777221679688
2024-09-23 12:00:00,EP102024,1.0,2024-09-24 00:00:00,0 days 12:00:00,16.14,-99.0,980.3,70.9,30.991453170776367,111.7101821899414,108.3716278076172,93.9193344116211,99.72021484375,26.849437713623047,23.16587448120117,19.29562759399414,21.58965492248535,11.265100479125977,9.74731159210205,8.27908706665039,9.916932106018066
2024-09-23 12:00:00,EP102024,1.0,2024-09-24 06:00:00,0 days 18:00:00,16.5,-99.06,978.3,72.4,27.92570304870605,76.56207275390625,71.28484344482422,56.81413269042969,62.00167846679688,29.76502990722656,28.366851806640625,23.956357955932617,25.347471237182617,11.23419952392578,10.546133995056152,9.394624710083008,10.148508071899414
2024-09-23 12:00:00,EP102024,1.0,2024-09-24 12:00:00,1 days 00:00:00,16.59,-100.07,1000.4,35.0,73.97815704345703,10.191225051879885,9.657729148864746,4.882177352905273,3.879734754562378,0.0,0.0,0.0,0.0,0.0567861646413803,0.3945519626140594,0.6011775135993958,0.1265100389719009
2024-09-23 12:00:00,EP102024,1.0,2024-09-24 18:00:00,1 days 06:00:00,15.81,-101.75,1001.6,33.8,42.679443359375,14.224632263183594,14.488150596618652,11.71205234527588,15.34784698486328,0.2778207063674927,0.3360039293766022,0.0981533005833625,0.6377602219581604,0.4419335722923279,0.440731942653656,0.4060440957546234,0.3933195173740387
2024-09-23 12:00:00,EP102024,1.0,2024-09-25 00:00:00,1 days 12:00:00,16.23,-101.43,1000.5,34.0,57.10907745361328,43.39965438842773,47.013763427734375,47.21407318115234,42.51115798950195,0.0,0.0678093358874321,0.0,0.0,0.0,0.071228913962841,0.1652990877628326,0.0408784970641136
2024-09-23 12:00:00,EP102024,1.0,2024-09-25 06:00:00,1 days 18:00:00,16.19,-101.6,995.0,46.8,51.14787673950195,95.4469757080078,81.89901733398438,54.39925003051758,73.35762786865234,24.885326385498047,21.205604553222656,15.33540153503418,18.45482444763184,0.1550588607788086,0.1202383562922477,0.0,0.1624171286821365
2024-09-23 12:00:00,EP102024,1.0,2024-09-25 12:00:00,2 days 00:00:00,16.21,-101.99,994.7,47.7,56.010032653808594,141.3943328857422,127.17446899414062,102.3058090209961,118.89303588867188,64.97186279296875,58.93377304077149,46.13763427734375,54.4902572631836,15.544050216674805,13.404470443725586,10.58696746826172,12.88742733001709
2024-09-23 12:00:00,EP102024,1.0,2024-09-25 18:00:00,2 days 06:00:00,16.32,-102.12,992.7,51.4,37.68272399902344,161.96746826171875,146.3022918701172,121.7545166015625,137.94515991210938,68.73514556884766,61.67802047729492,46.41265869140625,55.57910919189453,5.987534046173096,4.095993995666504,2.7584705352783203,4.470640659332275
2024-09-23 12:00:00,EP102024,1.0,2024-09-26 00:00:00,2 days 12:00:00,16.36,-102.72,987.2,60.3,48.93268585205078,136.1641082763672,123.49768829345705,94.98950958251952,112.87850189208984,44.775390625,38.49515914916992,26.97038459777832,35.20392990112305,5.344986915588379,3.4854209423065186,2.2582077980041504,4.001057624816895
2024-09-23 12:00:00,EP102024,1.0,2024-09-26 06:00:00,2 days 18:00:00,16.78,-102.77,981.1,68.0,41.71525573730469,146.04527282714844,142.0813446044922,121.46167755126952,126.7400131225586,70.0141372680664,65.06262969970703,54.36246490478516,62.15807723999024,30.23762321472168,28.13933753967285,23.63188934326172,26.56037712097168
2024-09-23 12:00:00,EP102024,1.0,2024-09-26 12:00:00,3 days 00:00:00,17.42,-103.06,983.8,66.3,55.96896362304688,140.122802734375,129.09193420410156,101.2982406616211,120.01207733154295,62.817909240722656,57.27334213256836,46.34612274169922,53.41093063354492,22.527921676635746,20.211374282836918,16.953153610229492,19.388994216918945
2024-09-23 12:00:00,EP102024,1.0,2024-09-26 18:00:00,3 days 06:00:00,17.97,-103.15,987.6,58.8,41.026309967041016,117.6386489868164,113.5158920288086,89.10951232910156,99.746337890625,52.3050422668457,47.82830429077149,38.11006164550781,44.57247161865234,15.85588836669922,14.35468864440918,11.909140586853027,13.64626407623291
2024-09-23 12:00:00,EP102024,1.0,2024-09-27 00:00:00,3 days 12:00:00,18.62,-103.71,997.2,38.8,100.53948211669922,35.661407470703125,31.784744262695312,25.257923126220703,29.835811614990234,1.7348159551620483,1.7899365425109863,0.5400300025939941,1.6166448593139648,0.0426545068621635,0.0714313760399818,0.1969204545021057,0.2130239158868789
2024-09-23 12:00:00,EP102024,1.0,2024-09-27 06:00:00,3 days 18:00:00,18.55,-103.26,1000.7,35.4,96.17715454101562,18.20712661743164,13.08629322052002,7.606045722961426,12.06288242340088,0.0,0.0,0.1769539266824722,0.0,0.0,0.3794116377830505,0.8797871470451355,0.1200557723641395
2024-09-23 12:00:00,EP102024,1.0,2024-09-27 12:00:00,4 days 00:00:00,18.52,-104.39,1002.1,31.6,108.72760009765624,6.419033527374268,4.281005859375,0.2040722221136093,4.307281494140625,0.0,0.0,0.081194095313549,0.0,0.212869256734848,0.5474660992622375,0.607187807559967,0.3596862852573395
2024-09-23 12:00:00,EP102024,1.0,2024-09-27 18:00:00,4 days 06:00:00,18.73,-104.27,1003.1,28.0,70.19977569580078,5.166265964508057,2.550731897354126,2.9801793098449707,3.432467222213745,0.0,0.0,0.1522548198699951,0.3465567529201507,0.1128060296177864,0.1669258624315261,0.171809896826744,0.1546854525804519
2024-09-23 12:00:00,AL972024,2.0,2024-09-23 12:00:00,0 days 00:00:00,17.2,-81.7,1004.0,30.0,185.1999325872245,,,,,,,,,,,,
2024-09-23 12:00:00,AL972024,2.0,2024-09-23 18:00:00,0 days 06:00:00,17.22,-82.18,1004.7,29.5,133.27166748046875,9.45870876312256,7.189441204071045,0.9885798692703248,4.485439777374268,0.3383414149284363,0.0,0.0,0.0,0.0201982576400041,0.0070670875720679,0.0470350496470928,0.0
2024-09-23 12:00:00,AL972024,2.0,2024-09-24 00:00:00,0 days 12:00:00,17.55,-82.33,1004.3,29.5,109.5157470703125,15.654942512512209,11.049020767211914,5.24177360534668,9.65628719329834,0.1549846529960632,0.0016788049833849,0.0,0.1475346237421035,0.0162915550172328,0.045569822192192,0.0519381090998649,0.0559703260660171
2024-09-23 12:00:00,AL972024,2.0,2024-09-24 06:00:00,0 days 18:00:00,18.11,-83.2,1002.6,34.4,76.72708129882812,9.765071868896484,3.8195629119873047,0.0,2.417762279510498,0.0,0.0143702439963817,0.0,0.0,0.0,0.0,0.0,0.0371302999556064
2024-09-23 12:00:00,AL972024,2.0,2024-09-24 12:00:00,1 days 00:00:00,18.53,-83.67,1000.5,39.5,96.55072784423828,12.166193008422852,5.273789882659912,0.0,3.8665361404418954,0.3199940025806427,0.0,0.0,0.0,0.1338484734296798,0.0308621264994144,0.0,0.0
2024-09-23 12:00:00,AL972024,2.0,2024-09-24 18:00:00,1 days 06:00:00,18.91,-84.06,997.7,45.8,105.51607513427734,90.30926513671876,65.66422271728516,26.518651962280277,63.87381362915039,10.915085792541504,7.781648635864258,4.481142044067383,6.916177272796631,0.0,0.0,0.0,0.0
2024-09-23 12:00:00,AL972024,2.0,2024-09-25 00:00:00,1 days 12:00:00,19.2,-85.03,995.7,47.5,104.77303314208984,170.15264892578125,142.4290313720703,85.83120727539062,131.1599884033203,42.155792236328125,36.30426406860352,26.33500099182129,30.520647048950195,0.0,0.0,0.0,0.0
2024-09-23 12:00:00,AL972024,2.0,2024-09-25 06:00:00,1 days 18:00:00,20.6,-85.9,986.3,59.9,80.7854232788086,220.1630401611328,189.11720275878903,139.4272918701172,186.3424530029297,105.30817413330078,93.91537475585938,71.88652801513672,88.95171356201172,35.783878326416016,30.21576499938965,24.72934341430664,29.584606170654297
2024-09-23 12:00:00,AL972024,2.0,2024-09-25 12:00:00,2 days 00:00:00,21.3,-86.0,974.8,77.8,28.547727584838867,203.17572021484372,177.1990966796875,116.94672393798828,168.5428924560547,92.40663146972656,79.88603210449219,59.57698440551758,76.48653411865234,39.1745491027832,33.64032745361328,27.13451194763184,32.750465393066406
2024-09-23 12:00:00,AL972024,2.0,2024-09-25 18:00:00,2 days 06:00:00,22.59,-87.07,968.4,85.1,48.82783126831055,201.8702545166016,181.96527099609372,133.27938842773438,173.13233947753906,100.99005889892578,91.15007781982422,73.77558135986328,87.45663452148438,49.11248016357422,44.64469146728516,37.01388549804688,42.58809280395508
2024-09-23 12:00:00,AL972024,2.0,2024-09-26 00:00:00,2 days 12:00:00,23.43,-86.91,959.0,92.8,49.74392318725586,207.03546142578125,199.55560302734372,148.66392517089844,169.23890686035156,90.08621978759766,83.97938537597656,67.99220275878906,76.04835510253906,42.4276123046875,39.73732376098633,33.31376647949219,37.052154541015625
2024-09-23 12:00:00,AL972024,2.0,2024-09-26 06:00:00,2 days 18:00:00,24.56,-86.41,947.6,106.2,31.75108528137207,255.9369201660156,247.07383728027344,188.1129150390625,206.23431396484372,112.54816436767578,107.6482391357422,87.92705535888672,94.78070068359376,52.29004287719727,48.96104431152344,41.81208419799805,45.72844314575195
2024-09-23 12:00:00,AL972024,2.0,2024-09-26 12:00:00,3 days 00:00:00,25.73,-85.69,941.4,111.6,20.6260929107666,234.28167724609372,230.98989868164065,165.93748474121094,181.79591369628903,108.75716400146484,105.11265563964844,82.7594985961914,90.19741821289062,51.770626068115234,48.16505432128906,40.49839019775391,44.87911987304688
2024-09-23 12:00:00,AL972024,2.0,2024-09-26 18:00:00,3 days 06:00:00,27.88,-85.37,932.6,120.7,29.64596176147461,291.1483459472656,290.5345764160156,217.1743011474609,236.2638092041016,149.73187255859375,145.99227905273438,119.290771484375,126.26081085205078,76.0670166015625,71.41876220703125,59.86388397216797,65.97782897949219
2024-09-23 12:00:00,AL972024,2.0,2024-09-27 00:00:00,3 days 12:00:00,30.7,-84.78,947.4,100.6,22.403614044189453,205.5722198486328,219.99957275390625,152.74261474609375,159.44345092773438,96.64186096191406,94.4909896850586,72.38746643066406,78.39736938476562,48.21062088012695,44.76552581787109,36.4418830871582,41.1802978515625
2024-09-23 12:00:00,AL972024,2.0,2024-09-27 06:00:00,3 days 18:00:00,33.43,-85.09,978.2,50.4,70.60075378417969,114.18780517578124,137.4934844970703,84.80833435058594,76.93556213378906,6.726339340209961,8.807870864868164,3.4186766147613525,1.4637908935546875,1.3265608549118042,0.7187551259994507,0.0,0.1768079400062561
2024-09-23 12:00:00,AL972024,2.0,2024-09-27 12:00:00,4 days 00:00:00,36.47,-86.19,983.5,40.7,170.403564453125,9.62906551361084,27.181659698486328,6.31611967086792,0.0,0.2681545615196228,1.7838793992996216,0.0,0.0,0.3528873920440674,0.2577676773071289,0.0808699652552604,0.1285873651504516
2024-09-23 12:00:00,AL972024,2.0,2024-09-27 18:00:00,4 days 06:00:00,37.7,-88.01,988.3,28.9,111.97208404541016,3.72201943397522,8.27265739440918,3.139962673187256,0.0,0.0,0.0,0.06771270185709,0.0,0.0,0.0,0.0,0.1640645563602447
2024-09-23 12:00:00,AL972024,2.0,2024-09-28 00:00:00,4 days 12:00:00,36.99,-89.79,989.9,32.1,115.75011444091795,4.316248416900635,2.857156276702881,0.4057839810848236,0.0,0.0,0.2293326556682586,0.0,0.0,0.1623746901750564,0.2285251915454864,0.1652424782514572,0.187364712357521
2024-09-23 12:00:00,AL972024,2.0,2024-09-28 06:00:00,4 days 18:00:00,36.52,-91.46,999.2,18.8,104.76049041748048,5.769477844238281,0.0,0.0,0.2526132464408874,0.0,0.4553047120571136,0.1688690483570099,0.0,0.1421970725059509,0.6179426908493042,0.3991912603378296,0.2030025571584701
2024-09-23 12:00:00,AL972024,2.0,2024-09-28 12:00:00,5 days 00:00:00,37.43,-90.5,995.8,23.8,118.97862243652344,0.0,0.0,0.0,0.0,0.0,0.0,0.0,0.0,0.0,0.0,0.0,0.0
2024-09-23 12:00:00,AL972024,2.0,2024-09-28 18:00:00,5 days 06:00:00,38.5,-89.56,1000.3,21.8,129.16482543945312,0.0,0.0,0.0,0.0,0.0,0.0,0.0,0.0,0.0,0.0003106026269961,0.0689265578985214,0.0502061657607555
2024-09-23 12:00:00,EP102024,2.0,2024-09-23 12:00:00,0 days 00:00:00,14.6,-98.4,992.0,60.0,37.03998651744491,74.07997303488982,55.55997977616736,55.55997977616736,55.55997977616736,37.03998651744491,0.0,0.0,0.0,,,,
2024-09-23 12:00:00,EP102024,2.0,2024-09-23 18:00:00,0 days 06:00:00,15.14,-98.7,978.5,74.8,47.13792419433594,105.68690490722656,94.01597595214844,71.39039611816406,87.07791137695312,44.007694244384766,37.06075286865234,27.40453720092773,35.789817810058594,13.723511695861816,10.714715957641602,8.453396797180176,11.334738731384276
2024-09-23 12:00:00,EP102024,2.0,2024-09-24 00:00:00,0 days 12:00:00,15.63,-98.33,980.6,72.9,30.521808624267575,100.43231964111328,95.14815521240234,77.65711212158203,83.24063873291016,34.20101547241211,29.866737365722656,23.024829864501957,27.643693923950195,13.27656364440918,11.295220375061035,9.24693775177002,11.4146146774292
2024-09-23 12:00:00,EP102024,2.0,2024-09-24 06:00:00,0 days 18:00:00,16.62,-98.62,979.3,73.1,32.27049255371094,89.74813842773438,81.90400695800781,66.19569396972656,70.52268981933594,37.220191955566406,33.52223205566406,26.917943954467773,31.186199188232425,15.3803071975708,13.37950325012207,11.16597843170166,13.303022384643556
2024-09-23 12:00:00,EP102024,2.0,2024-09-24 12:00:00,1 days 00:00:00,16.74,-99.08,997.8,44.5,55.22930908203125,48.487091064453125,42.40533828735352,24.596826553344727,36.273094177246094,2.6227774620056152,2.5192816257476807,1.4858787059783936,1.2346805334091189,0.5031698346138,0.5056032538414001,0.6978489756584167,0.3523284196853637
2024-09-23 12:00:00,EP102024,2.0,2024-09-24 18:00:00,1 days 06:00:00,16.93,-99.91,1002.9,33.4,106.9301528930664,8.217928886413574,7.310110569000244,1.7211096286773682,4.2142767906188965,0.0,0.0,0.0,0.2065072208642959,0.2126024067401886,0.1273052245378494,0.1693575978279113,0.1996426284313202
2024-09-23 12:00:00,AL972024,3.0,2024-09-23 12:00:00,0 days 00:00:00,17.2,-81.7,1004.0,30.0,185.1999325872245,,,,,,,,,,,,
2024-09-23 12:00:00,AL972024,3.0,2024-09-23 18:00:00,0 days 06:00:00,17.04,-81.07,1001.9,33.1,125.26182556152344,0.0,0.0,0.0,0.0,0.0,0.0,0.0,0.0,0.0,0.0,0.0,0.0
2024-09-23 12:00:00,AL972024,3.0,2024-09-24 00:00:00,0 days 12:00:00,18.11,-82.35,1003.8,27.7,146.4413299560547,9.946239471435549,7.695002555847168,4.999477863311768,5.568974018096924,0.2900831401348114,0.0406146384775638,0.0,0.1837024539709091,0.0590078234672546,0.0363940000534057,0.0085022849962115,0.0870750546455383
2024-09-23 12:00:00,AL972024,3.0,2024-09-24 06:00:00,0 days 18:00:00,17.7,-83.62,1003.4,30.6,84.79439544677734,4.803370475769043,2.441816091537476,0.0,1.6309125423431396,0.0,0.2267785668373108,0.1986711174249649,0.141679435968399,0.0,0.0,0.0,0.0142966974526643
2024-09-23 12:00:00,AL972024,3.0,2024-09-24 12:00:00,1 days 00:00:00,18.46,-83.72,1000.0,34.6,137.6535186767578,7.6819748878479,2.729925632476806,0.0,2.312699556350708,0.0,0.0253095738589763,0.1141855791211128,0.0371852777898311,0.029551226645708,0.0207529459148645,0.0555848143994808,0.0
2024-09-23 12:00:00,AL972024,3.0,2024-09-24 18:00:00,1 days 06:00:00,18.61,-84.24,999.1,39.5,143.81466674804688,95.7603988647461,87.53388214111328,67.87560272216797,77.76526641845703,0.0,0.0,0.0,0.0,0.0575244128704071,0.0,0.0659565478563308,0.0299030076712369
2024-09-23 12:00:00,AL972024,3.0,2024-09-25 00:00:00,1 days 12:00:00,19.04,-84.93,995.6,44.8,62.60797500610352,84.53825378417969,73.26527404785156,57.53815841674805,62.99043655395508,0.0,0.0,0.0,0.0,0.0,0.0189643315970897,0.0,0.0607068315148353
2024-09-23 12:00:00,AL972024,3.0,2024-09-25 06:00:00,1 days 18:00:00,20.02,-85.18,995.9,50.2,84.76045989990234,162.648193359375,140.8746795654297,89.48229217529297,127.3230209350586,11.295063972473145,9.025062561035156,5.235592842102051,6.778639316558838,0.0,0.1087105795741081,0.1332851350307464,0.0
2024-09-23 12:00:00,AL972024,3.0,2024-09-25 12:00:00,2 days 00:00:00,20.84,-85.6,988.8,55.7,99.2208251953125,215.94363403320312,189.8928680419922,123.101806640625,161.1632843017578,57.92439270019531,53.44701385498047,39.01689529418945,42.12019348144531,0.0,0.0,0.0,0.0
2024-09-23 12:00:00,AL972024,3.0,2024-09-25 18:00:00,2 days 06:00:00,21.84,-86.04,990.5,55.0,71.10718536376953,194.94625854492188,171.58311462402344,111.2039794921875,143.10047912597656,59.458892822265625,56.0736198425293,42.404422760009766,43.73799514770508,0.0,0.0,0.0,0.0
2024-09-23 12:00:00,AL972024,3.0,2024-09-26 00:00:00,2 days 12:00:00,23.0,-86.07,983.0,62.6,56.43954849243164,272.3912048339844,251.2137451171875,188.1546936035156,226.51092529296875,135.7220916748047,126.3208236694336,99.00666046142578,113.6849594116211,43.16316986083984,38.5297737121582,31.382701873779297,35.90498352050781
2024-09-23 12:00:00,AL972024,3.0,2024-09-26 06:00:00,2 days 18:00:00,24.07,-86.19,975.5,71.1,79.13465881347656,189.61578369140625,173.22442626953125,118.9282455444336,144.5704803466797,70.17993927001953,62.21030044555664,41.78740692138672,52.877925872802734,12.43686294555664,8.88499641418457,6.376364231109619,8.88086223602295
2024-09-23 12:00:00,AL972024,3.0,2024-09-26 12:00:00,3 days 00:00:00,25.81,-85.96,954.1,101.6,51.40694427490234,250.2175750732422,230.9549102783203,160.22702026367188,200.3873291015625,121.41529083251952,113.19297790527344,90.29607391357422,101.76657104492188,62.076568603515625,56.82173538208008,47.54083251953125,53.246124267578125
2024-09-23 12:00:00,AL972024,3.0,2024-09-26 18:00:00,3 days 06:00:00,27.26,-85.48,946.6,107.3,34.71155548095703,298.8168334960937,287.1392822265625,209.9131622314453,242.74317932128903,150.11746215820312,144.74722290039062,118.3429946899414,127.51202392578124,76.73677825927734,72.40115356445312,60.75017166137695,66.75164031982422
2024-09-23 12:00:00,AL972024,3.0,2024-09-27 00:00:00,3 days 12:00:00,29.4,-84.86,949.4,99.7,56.50106430053711,181.6372833251953,190.9838104248047,124.6050033569336,131.18727111816406,74.140869140625,71.52330780029297,52.23860549926758,56.85555648803711,32.03996276855469,29.495460510253903,23.877649307250977,26.952224731445312
2024-09-23 12:00:00,AL972024,3.0,2024-09-27 06:00:00,3 days 18:00:00,31.6,-84.66,968.0,69.2,47.32534790039063,72.49654388427734,86.83917999267578,40.6372299194336,38.72967147827149,12.850699424743652,11.70871639251709,3.688971757888794,4.413379669189453,3.1150941848754883,2.1082146167755127,0.6450138092041016,1.8937158584594729
2024-09-23 12:00:00,AL972024,3.0,2024-09-27 12:00:00,4 days 00:00:00,33.39,-84.97,983.0,43.9,150.85031127929688,95.50775909423828,112.13677978515624,65.49995422363281,62.95936965942383,2.3859050273895264,4.025213241577148,0.0,0.0,1.0725321769714355,0.4076707661151886,0.0,0.3935101926326751
2024-09-23 12:00:00,AL972024,3.0,2024-09-27 18:00:00,4 days 06:00:00,35.66,-85.73,989.2,34.3,181.66148376464844,6.843873023986816,15.95772647857666,2.692286729812622,0.0,1.042590856552124,0.2019855380058288,0.0,0.4959863424301147,0.2401198893785476,0.2852135598659515,0.0174715351313352,0.1635987162590026
2024-09-23 12:00:00,AL972024,3.0,2024-09-28 00:00:00,4 days 12:00:00,36.32,-86.75,999.1,27.1,136.21316528320312,7.437903881072998,6.122488021850586,0.0,3.594353437423706,0.0390251688659191,0.0,0.2106826603412628,0.6025144457817078,0.0,0.0683944001793861,0.0231305174529552,0.0634289756417274
2024-09-23 12:00:00,AL972024,3.0,2024-09-28 06:00:00,4 days 18:00:00,37.35,-89.12,994.3,27.6,204.7926788330078,0.0,0.0,0.0,0.4490607976913452,0.0,0.0,0.0,0.2356839179992675,0.0,0.0,0.2181252837181091,0.1504794359207153
2024-09-23 12:00:00,AL972024,3.0,2024-09-28 12:00:00,5 days 00:00:00,35.09,-91.29,995.6,30.1,171.69960021972656,0.0,0.0,0.0,0.0,0.0,0.636357307434082,0.8031535148620605,0.1799915879964828,0.0,0.0313043296337127,0.0,0.0368986502289772
2024-09-23 12:00:00,EP102024,3.0,2024-09-23 12:00:00,0 days 00:00:00,14.6,-98.4,992.0,60.0,37.03998651744491,74.07997303488982,55.55997977616736,55.55997977616736,55.55997977616736,37.03998651744491,0.0,0.0,0.0,,,,
2024-09-23 12:00:00,EP102024,3.0,2024-09-23 18:00:00,0 days 06:00:00,15.34,-98.46,994.7,47.5,71.75949096679688,40.93646240234375,36.01584243774414,20.357934951782227,27.46437263488769,6.458266735076904,4.848483562469482,2.856107711791992,3.989664077758789,0.2686152756214142,0.1236183568835258,0.0797348618507385,0.2933110892772674
2024-09-23 12:00:00,EP102024,3.0,2024-09-24 00:00:00,0 days 12:00:00,15.52,-98.65,990.9,56.2,58.937747955322266,96.75186920166016,93.14290618896484,72.34268951416016,78.4981689453125,20.77562522888184,17.734678268432617,11.822724342346191,15.15732479095459,0.6960881352424622,0.0381456762552261,0.0,0.3338941931724548
2024-09-23 12:00:00,EP102024,3.0,2024-09-24 06:00:00,0 days 18:00:00,15.93,-98.75,987.8,61.6,34.78815841674805,85.3121566772461,80.26541900634766,61.40644073486328,66.05882263183594,29.40319061279297,26.071407318115234,19.406274795532227,23.31187057495117,4.296321868896484,3.522479057312012,2.564539670944214,3.5548672676086426
2024-09-23 12:00:00,EP102024,3.0,2024-09-24 12:00:00,1 days 00:00:00,16.23,-99.2,989.9,55.1,71.72266387939453,53.88909530639648,48.62418746948242,36.349395751953125,41.34230422973633,15.041864395141602,14.255255699157717,11.767364501953123,11.29529094696045,3.4179670810699463,3.2927889823913574,3.0794968605041504,2.9245946407318115
2024-09-23 12:00:00,EP102024,3.0,2024-09-24 18:00:00,1 days 06:00:00,17.22,-100.44,986.8,58.8,47.4461669921875,100.9223861694336,89.4540023803711,73.18506622314453,84.8878173828125,42.81915283203125,37.07071685791016,28.484495162963867,36.08769226074219,9.926213264465332,7.928349018096924,6.22279691696167,8.519237518310547
2024-09-23 12:00:00,EP102024,3.0,2024-09-25 00:00:00,1 days 12:00:00,16.62,-101.03,996.1,41.4,50.7225456237793,84.33935546875,79.14949035644531,70.6605224609375,71.3038330078125,0.0,0.0,0.0580124929547309,0.0723349601030349,0.0839657038450241,0.4963491857051849,0.7780608534812927,0.277042806148529
2024-09-23 12:00:00,EP102024,3.0,2024-09-25 06:00:00,1 days 18:00:00,16.79,-100.72,992.5,49.9,59.63975143432617,110.33724975585938,102.95340728759766,77.01260375976562,89.5317153930664,11.137781143188477,10.026359558105469,7.450272083282471,8.118871688842773,0.1697722822427749,0.4183992743492126,0.5302615165710449,0.2154424488544464
2024-09-23 12:00:00,EP102024,3.0,2024-09-25 12:00:00,2 days 00:00:00,16.84,-100.86,989.8,54.1,77.74238586425781,99.95771026611328,91.75899505615234,61.8310432434082,76.31875610351562,28.24880599975586,26.29963111877441,18.956392288208008,21.15161895751953,2.3790299892425537,2.27659010887146,1.9236299991607664,1.9421534538269043
2024-09-23 12:00:00,EP102024,3.0,2024-09-25 18:00:00,2 days 06:00:00,17.39,-101.47,994.9,47.1,65.40680694580078,136.591552734375,118.5819320678711,88.30482482910156,107.1114273071289,27.33294105529785,25.10583877563477,19.68983268737793,22.85771942138672,0.5996246933937073,1.101560354232788,0.978017807006836,1.1362178325653076
2024-09-23 12:00:00,EP102024,3.0,2024-09-26 00:00:00,2 days 12:00:00,17.22,-100.91,995.9,44.2,61.62879943847656,102.69380950927734,97.0008316040039,80.75535583496094,84.79104614257812,14.325000762939451,12.77647304534912,9.556471824645996,11.255006790161133,0.1196615174412727,0.1549029350280761,0.2700783610343933,0.2037866860628128
2024-09-23 12:00:00,EP102024,3.0,2024-09-26 06:00:00,2 days 18:00:00,17.84,-101.81,999.2,34.8,103.8753890991211,20.286584854125977,16.755598068237305,9.87237548828125,12.672565460205078,0.0,1.436233639717102,1.3212831020355225,0.0626245066523552,0.1589191257953643,0.6498842239379883,1.0369815826416016,0.3465952575206756
2024-09-23 12:00:00,EP102024,3.0,2024-09-26 12:00:00,3 days 00:00:00,17.71,-101.65,1000.7,33.3,101.23558044433594,8.279118537902832,6.193634986877441,3.3774688243865967,5.022108554840088,0.0,0.0,0.0,0.0,0.0591540336608886,0.3579657673835754,0.7237958312034607,0.1180876046419143
2024-09-23 12:00:00,EP102024,3.0,2024-09-26 18:00:00,3 days 06:00:00,17.9,-102.5,1001.9,31.2,65.08899688720703,18.748329162597656,15.280293464660645,13.252497673034668,14.021862983703612,0.0,0.0540541484951972,0.183407187461853,0.6388162970542908,0.4000356793403625,0.4239446222782135,0.4319935441017151,0.4810926020145416
2024-09-23 12:00:00,AL972024,4.0,2024-09-23 12:00:00,0 days 00:00:00,17.2,-81.7,1004.0,30.0,185.1999325872245,,,,,,,,,,,,
2024-09-23 12:00:00,AL972024,4.0,2024-09-23 18:00:00,0 days 06:00:00,17.3,-81.59,1005.5,26.1,77.80756378173828,2.3269295692443848,1.2213125228881836,0.0,0.0,0.1453186720609665,0.2458385229110717,0.0396869666874408,0.0894699618220329,0.0,0.075777381658554,0.0535422749817371,0.0
2024-09-23 12:00:00,AL972024,4.0,2024-09-24 00:00:00,0 days 12:00:00,17.74,-80.76,1001.2,35.3,109.64655303955078,3.8533782958984375,1.248241662979126,0.0,1.951622724533081,0.4449916779994964,0.5851853489875793,0.5204139947891235,0.1860559582710266,0.1677052229642868,0.0175509620457887,0.0030360573437064,0.0543493144214153
2024-09-23 12:00:00,AL972024,4.0,2024-09-24 06:00:00,0 days 18:00:00,18.36,-82.06,1003.3,31.3,84.1787338256836,6.583683013916016,2.144107818603516,0.0,1.628849744796753,0.0,0.121468499302864,0.0,0.0416416712105274,0.0192962512373924,0.0,0.0297000668942928,0.0470624454319477
2024-09-23 12:00:00,AL972024,4.0,2024-09-24 12:00:00,1 days 00:00:00,18.83,-83.47,1000.5,34.3,58.583744049072266,11.099709510803224,4.61374044418335,0.0,3.415861129760742,0.273384541273117,0.0,0.0,0.0,0.0,0.0,0.0,0.0
2024-09-23 12:00:00,AL972024,4.0,2024-09-24 18:00:00,1 days 06:00:00,18.91,-83.76,998.1,41.1,122.92461395263672,42.94625854492188,35.15013885498047,20.068336486816406,29.76451301574707,0.0,0.0972636416554451,0.0,0.0,0.0758322328329086,0.0441894084215164,0.0843752771615982,0.0685776099562645
2024-09-23 12:00:00,AL972024,4.0,2024-09-25 00:00:00,1 days 12:00:00,19.2,-84.54,996.9,42.4,75.47828674316406,31.089996337890625,23.358606338500977,11.18703556060791,17.74917221069336,0.0,0.0954369977116584,0.0,0.0408914946019649,0.0,0.0292780697345733,0.0,0.0490262024104595
2024-09-23 12:00:00,AL972024,4.0,2024-09-25 06:00:00,1 days 18:00:00,19.8,-85.01,991.8,51.2,79.25487518310547,88.82373046875,82.32575988769531,58.56306457519531,70.66581726074219,0.4237415194511413,0.0,0.0,0.0,0.3286000490188598,0.0,0.0,0.0575367324054241
2024-09-23 12:00:00,AL972024,4.0,2024-09-25 12:00:00,2 days 00:00:00,20.55,-85.79,984.1,63.6,46.71260833740234,134.2791748046875,111.4565658569336,69.34144592285156,100.0400390625,38.58587646484375,31.621746063232425,20.33247947692871,28.07058525085449,1.042613863945007,0.0,0.0,0.3157830834388733
2024-09-23 12:00:00,AL972024,4.0,2024-09-25 18:00:00,2 days 06:00:00,21.16,-86.08,982.9,63.4,59.92505645751953,140.78738403320312,123.30164337158205,85.76295471191406,108.85896301269533,50.0737190246582,42.58833694458008,28.904239654541016,38.118648529052734,4.706142425537109,2.5275611877441406,1.3440333604812622,3.12390685081482
2024-09-23 12:00:00,AL972024,4.0,2024-09-26 00:00:00,2 days 12:00:00,22.28,-85.82,973.1,76.8,24.31967544555664,174.4083251953125,159.7381134033203,125.13909149169922,139.67835998535156,75.44059753417969,68.28593444824219,52.155033111572266,63.1436882019043,30.446697235107425,26.661941528320312,21.578052520751957,25.459705352783203
2024-09-23 12:00:00,AL972024,4.0,2024-09-26 06:00:00,2 days 18:00:00,22.82,-85.93,965.6,84.9,25.377412796020508,158.5887451171875,146.98605346679688,102.80907440185548,124.317626953125,70.84056091308594,62.80208587646485,47.55672073364258,58.340606689453125,29.02709579467773,25.341211318969727,20.49560165405273,24.695409774780277
2024-09-23 12:00:00,AL972024,4.0,2024-09-26 12:00:00,3 days 00:00:00,24.24,-86.1,968.5,79.8,62.103614807128906,171.3992919921875,163.8391876220703,115.18006896972656,133.3229217529297,76.59423065185547,70.70638275146484,52.77350997924805,61.056190490722656,29.554977416992188,26.08346939086914,21.04829978942871,24.24765396118164
2024-09-23 12:00:00,AL972024,4.0,2024-09-26 18:00:00,3 days 06:00:00,25.24,-85.34,956.6,95.2,59.2148666381836,218.62310791015625,217.80706787109372,167.8248748779297,181.98684692382807,111.21299743652344,107.961669921875,90.38712310791016,95.16323852539062,58.26726150512695,55.56309127807617,47.0074348449707,51.13988876342773
2024-09-23 12:00:00,AL972024,4.0,2024-09-27 00:00:00,3 days 12:00:00,26.96,-84.45,944.7,107.8,26.52078628540039,268.5542907714844,267.76531982421875,201.77407836914065,214.4124755859375,127.80665588378906,126.29988098144533,102.16964721679688,107.52978515625,60.4421501159668,57.2290153503418,48.40155029296875,52.32099533081055
2024-09-23 12:00:00,AL972024,4.0,2024-09-27 06:00:00,3 days 18:00:00,29.23,-83.75,941.4,111.2,38.63214111328125,261.6598205566406,268.2984313964844,188.73989868164065,206.1632232666016,126.50143432617188,124.34049224853516,100.79132843017578,105.22260284423828,65.54936981201172,62.18319320678711,52.03961563110352,56.745399475097656
2024-09-23 12:00:00,AL972024,4.0,2024-09-27 12:00:00,4 days 00:00:00,31.85,-83.27,973.3,62.7,33.4478759765625,103.7439193725586,123.23918151855467,73.1977310180664,72.54425048828125,4.745956897735596,5.057861804962158,0.0,0.0,1.5367817878723145,0.420517086982727,0.0,0.4379191994667053
2024-09-23 12:00:00,AL972024,4.0,2024-09-27 18:00:00,4 days 06:00:00,34.55,-84.07,982.7,42.6,99.14633178710938,165.1292724609375,176.73501586914062,133.1731414794922,125.24922943115234,2.8743784427642822,3.5362319946289062,0.1013163402676582,0.0,1.1239413022994995,0.4329482614994049,0.0,0.4045895636081695
2024-09-23 12:00:00,AL972024,4.0,2024-09-28 00:00:00,4 days 12:00:00,36.12,-84.93,990.0,34.7,70.91088104248047,21.83041000366211,24.26636505126953,8.627256393432617,8.610466003417969,0.5504394173622131,0.3481605648994446,0.0,0.0,0.2529008984565735,0.1724133938550949,0.0,0.2034311890602111
2024-09-23 12:00:00,AL972024,4.0,2024-09-28 06:00:00,4 days 18:00:00,35.96,-86.85,990.5,31.9,119.76278686523438,24.04270362854004,18.284069061279297,10.803224563598633,18.128677368164062,0.0,0.0,0.0216993354260921,0.6061862111091614,0.0,0.0,0.0862499475479126,0.1495156437158584
2024-09-23 12:00:00,AL972024,4.0,2024-09-28 12:00:00,5 days 00:00:00,35.85,-86.71,997.9,19.1,102.09722137451172,0.0,0.0,0.0,0.0,0.0,0.0,0.0,0.0,0.0,0.1784220486879348,0.2388646602630615,0.0372255034744739
2024-09-23 12:00:00,AL972024,4.0,2024-09-28 18:00:00,5 days 06:00:00,36.25,-86.18,1001.5,18.3,109.53181457519533,0.0,0.0,0.450245201587677,0.0,0.0,0.0,0.0479575395584106,0.0,0.0,0.1324251294136047,0.0961647033691406,0.0
2024-09-23 12:00:00,AL972024,4.0,2024-09-29 00:00:00,5 days 12:00:00,36.78,-85.62,1004.3,14.8,100.7663116455078,0.0,0.0,0.0,0.0,0.0,0.2245260775089264,0.3854488134384155,0.0,0.0,0.0,0.0,0.0
2024-09-23 12:00:00,EP102024,4.0,2024-09-23 12:00:00,0 days 00:00:00,14.6,-98.4,992.0,60.0,37.03998651744491,74.07997303488982,55.55997977616736,55.55997977616736,55.55997977616736,37.03998651744491,0.0,0.0,0.0,,,,
2024-09-23 12:00:00,EP102024,4.0,2024-09-23 18:00:00,0 days 06:00:00,14.95,-98.63,984.9,68.1,24.121381759643555,89.11675262451172,78.09479522705078,62.39461898803711,71.91350555419922,36.05172729492188,30.23374938964844,21.82742691040039,29.693716049194336,8.035508155822754,6.121121883392334,4.485039234161377,6.771791934967041
2024-09-23 12:00:00,EP102024,4.0,2024-09-24 00:00:00,0 days 12:00:00,15.88,-98.71,990.4,51.2,76.93329620361328,149.5846405029297,147.54354858398438,126.15886688232422,128.72442626953125,18.398550033569336,17.06049156188965,13.114331245422363,13.638188362121582,0.0,0.0,0.0,0.0
2024-09-23 12:00:00,EP102024,4.0,2024-09-24 06:00:00,0 days 18:00:00,15.83,-98.67,978.8,73.0,34.57403945922852,120.41390228271484,112.45018768310548,91.54444885253906,100.77555084228516,54.69535446166992,48.61333847045898,39.21923065185547,47.62532424926758,22.04206657409668,19.73078346252441,16.457563400268555,19.4521427154541
2024-09-23 12:00:00,EP102024,4.0,2024-09-24 12:00:00,1 days 00:00:00,16.44,-99.2,987.7,60.7,18.92242813110352,60.3636474609375,57.30784225463867,43.14659881591797,45.541690826416016,14.944011688232422,12.969468116760254,9.588496208190918,10.900511741638184,0.6539143323898315,0.5516871213912964,0.5477316975593567,0.4118663668632507
2024-09-23 12:00:00,EP102024,4.0,2024-09-24 18:00:00,1 days 06:00:00,16.93,-100.02,999.6,42.5,86.91351318359375,67.00776672363281,56.01873779296875,35.97735595703125,52.027774810791016,4.009933948516846,2.6072139739990234,1.277759313583374,2.696256399154663,0.4904783070087433,0.3777886927127838,0.2494889199733734,0.3705315291881561
2024-09-23 12:00:00,EP102024,4.0,2024-09-25 00:00:00,1 days 12:00:00,16.86,-100.58,999.8,35.3,65.14437103271484,13.673962593078612,14.221395492553713,10.806111335754396,8.327157974243164,0.0,0.0,0.0,0.0,0.0,0.2287288904190063,0.5961787700653076,0.0711559355258941
2024-09-23 12:00:00,EP102024,4.0,2024-09-25 06:00:00,1 days 18:00:00,16.45,-101.63,999.0,37.9,82.741455078125,2.112114906311035,4.241068363189697,0.7488604187965393,0.2229917794466018,0.0,0.0,0.3030322194099426,0.0,0.4054174125194549,0.3752751350402832,0.6626492142677307,0.4097703397274017
2024-09-23 12:00:00,EP102024,4.0,2024-09-25 12:00:00,2 days 00:00:00,16.68,-101.01,997.9,42.2,73.32379913330078,53.39494705200195,42.4434814453125,21.167627334594727,37.446048736572266,3.3195199966430664,2.8312418460845947,2.0613768100738525,2.182880401611328,0.2250826060771942,0.3628775775432586,0.7776058912277222,0.2961843907833099
2024-09-23 12:00:00,EP102024,4.0,2024-09-25 18:00:00,2 days 06:00:00,16.61,-101.56,993.8,47.3,76.8265609741211,142.87725830078125,126.87698364257812,92.03064727783205,115.01758575439452,14.210809707641602,12.573534965515137,9.155353546142578,11.07629680633545,0.4944413006305694,0.5652759075164795,0.5155127644538879,0.6064156293869019
2024-09-23 12:00:00,EP102024,4.0,2024-09-26 00:00:00,2 days 12:00:00,17.06,-101.43,993.1,52.3,36.15390396118164,130.46783447265625,119.90135955810548,97.20160675048828,108.40240478515624,23.234487533569336,20.648664474487305,15.862191200256348,17.833953857421875,0.2227845638990402,0.425495833158493,0.2102381139993667,0.1316394656896591
2024-09-23 12:00:00,EP102024,4.0,2024-09-26 06:00:00,2 days 18:00:00,17.04,-101.63,991.3,55.3,33.70743560791016,110.11457061767578,103.5882568359375,76.79196166992188,85.01006317138672,33.98862838745117,30.36226463317871,22.392547607421875,26.90580940246582,1.7966538667678833,1.5155848264694214,0.750413715839386,1.5869823694229126
2024-09-23 12:00:00,EP102024,4.0,2024-09-26 12:00:00,3 days 00:00:00,17.17,-102.09,994.7,45.3,84.15673828125,48.45481872558594,43.532833099365234,28.23490524291992,36.36141586303711,4.121245861053467,4.28352689743042,2.973754405975342,2.523695707321167,0.512078046798706,0.759619951248169,1.017471432685852,0.484149694442749
2024-09-23 12:00:00,EP102024,4.0,2024-09-26 18:00:00,3 days 06:00:00,17.2,-102.2,996.2,46.8,89.51509857177734,55.78757095336914,55.440311431884766,43.20841217041016,45.74689483642578,0.3877740204334259,0.7853213548660278,0.9219399690628052,0.2502286732196808,0.2059533298015594,0.2696493864059448,0.2302131652832031,0.1175045147538185
2024-09-23 12:00:00,EP102024,4.0,2024-09-27 00:00:00,3 days 12:00:00,17.73,-102.52,998.4,36.4,60.6802978515625,61.00942611694336,59.01435089111328,56.020992279052734,53.401344299316406,0.0,0.0,0.0,0.0,0.1181942746043205,0.220985472202301,0.5519804954528809,0.1886741816997528
2024-09-23 12:00:00,EP102024,4.0,2024-09-27 06:00:00,3 days 18:00:00,18.22,-102.63,1002.6,30.0,77.42829895019531,5.574056625366211,4.474949836730957,3.552816390991211,1.130929708480835,0.0,0.0,0.5194429755210876,0.0,0.0,0.6601200699806213,1.1772304773330688,0.2327162623405456
2024-09-23 12:00:00,EP102024,4.0,2024-09-27 12:00:00,4 days 00:00:00,18.1,-101.91,1001.5,31.0,33.26598358154297,0.0,0.0,3.074429035186768,1.0296156406402588,0.0,0.0,0.5335838198661804,0.0,0.0423084236681461,0.3842269778251648,0.8500540256500244,0.133852019906044
2024-09-23 12:00:00,EP102024,4.0,2024-09-27 18:00:00,4 days 06:00:00,18.15,-102.26,1005.5,25.5,75.26116180419922,5.616659641265869,2.29111909866333,1.0635203123092651,5.535537242889404,0.0,0.0,0.1164151057600975,0.0,0.2005708813667297,0.5861931443214417,0.7116784453392029,0.5376515984535217
2024-09-23 12:00:00,AL972024,5.0,2024-09-23 12:00:00,0 days 00:00:00,17.2,-81.7,1004.0,30.0,185.1999325872245,,,,,,,,,,,,
2024-09-23 12:00:00,AL972024,5.0,2024-09-23 18:00:00,0 days 06:00:00,17.63,-81.68,1005.0,27.8,136.6427764892578,3.801182985305786,2.88748836517334,0.0,0.641994833946228,0.0,0.0,0.0,0.0,0.0,0.001175986835733,0.0121725117787718,0.0
2024-09-23 12:00:00,AL972024,5.0,2024-09-24 00:00:00,0 days 12:00:00,17.18,-82.53,1005.6,25.1,92.85232543945312,3.174532651901245,1.388006329536438,0.0,1.6085681915283203,0.2844259738922119,0.1354651451110839,0.0,0.3026512563228607,0.0903897285461425,0.0001681158464634,0.0604400113224983,0.1437276899814605
2024-09-23 12:00:00,AL972024,5.0,2024-09-24 06:00:00,0 days 18:00:00,18.49,-83.2,1003.6,29.4,144.8612518310547,6.763823509216309,3.4510653018951416,0.0,1.6872162818908691,0.0,0.1993785202503204,0.0861098989844322,0.0,0.0483572259545326,0.0352958776056766,0.0041962973773479,0.0034473654814064
2024-09-23 12:00:00,AL972024,5.0,2024-09-24 12:00:00,1 days 00:00:00,18.4,-83.54,1002.3,33.0,115.4191436767578,52.91217422485352,46.12044143676758,34.66508483886719,40.27731323242188,0.0,0.0,0.0,0.0,0.0345235839486122,0.0,0.0,0.0150612918660044
2024-09-23 12:00:00,AL972024,5.0,2024-09-24 18:00:00,1 days 06:00:00,18.75,-84.02,997.6,41.9,106.14652252197266,13.011587142944336,7.782860279083252,0.0,5.2294020652771,0.0,0.0,0.0,0.0,0.0835155174136161,0.0,0.0,0.0
2024-09-23 12:00:00,AL972024,5.0,2024-09-25 00:00:00,1 days 12:00:00,19.27,-84.88,996.8,41.9,136.37374877929688,112.01231384277344,104.58210754394533,87.05664825439453,90.81724548339844,0.0,0.0,0.0,0.0,0.0,0.0193426311016082,0.0,0.0317009426653385
2024-09-23 12:00:00,AL972024,5.0,2024-09-25 06:00:00,1 days 18:00:00,19.82,-85.52,992.7,54.9,62.21426010131836,267.2716369628906,233.2976226806641,181.7605438232422,227.8051300048828,130.45529174804688,118.53856658935548,90.56690979003906,108.83390045166016,32.71109771728516,26.6796875,21.418107986450195,26.21797752380371
2024-09-23 12:00:00,AL972024,5.0,2024-09-25 12:00:00,2 days 00:00:00,20.89,-86.06,984.0,61.8,60.9630012512207,133.3792724609375,111.87946319580078,63.18224334716797,94.94638061523438,34.41778564453125,27.490123748779297,16.840078353881836,24.124216079711918,0.4697483479976654,0.0,0.0,0.0
2024-09-23 12:00:00,AL972024,5.0,2024-09-25 18:00:00,2 days 06:00:00,21.86,-86.53,982.6,63.8,54.60995101928711,214.33653259277344,197.2636260986328,136.226806640625,167.87936401367188,82.7981948852539,74.83938598632812,53.124794006347656,62.82399368286133,7.552357196807861,4.602224349975586,3.149133920669556,4.705246925354004
2024-09-23 12:00:00,AL972024,5.0,2024-09-26 00:00:00,2 days 12:00:00,22.92,-86.5,977.8,70.1,45.74296569824219,212.2940216064453,197.41485595703125,147.1899871826172,169.37962341308594,90.15167999267578,81.99369812011719,59.75165557861328,72.72870635986328,23.81308364868164,19.524763107299805,15.447417259216309,18.86117935180664
2024-09-23 12:00:00,AL972024,5.0,2024-09-26 06:00:00,2 days 18:00:00,24.35,-86.79,956.5,95.1,49.03020858764648,223.0531463623047,210.4869842529297,153.9706268310547,179.71226501464844,102.68340301513672,94.98876190185548,74.65520477294922,85.01844787597656,43.674842834472656,39.96855545043945,33.0612907409668,37.563385009765625
2024-09-23 12:00:00,AL972024,5.0,2024-09-26 12:00:00,3 days 00:00:00,25.4,-86.68,949.1,102.3,40.762203216552734,198.41673278808597,190.78013610839844,133.13226318359375,155.00399780273438,90.0901336669922,84.7664566040039,66.10320281982422,73.15203094482422,41.95813751220703,38.49392318725586,32.16013717651367,35.78909683227539
2024-09-23 12:00:00,AL972024,5.0,2024-09-26 18:00:00,3 days 06:00:00,27.14,-86.01,938.1,116.3,42.7739143371582,270.19647216796875,268.8023681640625,196.2700958251953,218.11471557617188,135.7337646484375,132.84921264648438,108.9582748413086,114.3267593383789,69.80377960205078,66.06216430664062,56.09943771362305,60.80840301513672
2024-09-23 12:00:00,AL972024,5.0,2024-09-27 00:00:00,3 days 12:00:00,29.33,-85.48,949.8,99.5,64.56462097167969,219.7666015625,223.71142578125,154.1461639404297,168.32345581054688,102.39141082763672,98.98281860351562,76.6258544921875,83.41706085205078,52.78947448730469,49.92647933959961,40.75630569458008,45.42105865478516
2024-09-23 12:00:00,AL972024,5.0,2024-09-27 06:00:00,3 days 18:00:00,32.04,-85.21,971.1,61.3,86.44813537597656,168.18533325195312,179.8594970703125,113.2544937133789,118.37638092041016,14.692498207092283,13.438361167907717,4.164655208587647,6.567734241485596,2.419077157974243,1.0962258577346802,0.0,0.8690707087516785
2024-09-23 12:00:00,AL972024,5.0,2024-09-27 12:00:00,4 days 00:00:00,34.49,-86.5,984.7,35.5,98.84642028808594,18.576717376708984,30.574552536010746,13.495119094848633,0.3438776135444641,0.0,0.2955876886844635,0.0,0.0,0.6094357371330261,0.2982037365436554,0.0,0.3194159269332886
2024-09-23 12:00:00,AL972024,5.0,2024-09-27 18:00:00,4 days 06:00:00,36.34,-87.66,988.5,36.5,105.20063018798828,31.704669952392575,33.888118743896484,17.07815170288086,20.23032760620117,2.150399684906006,0.7957296371459961,0.0,1.1755634546279907,0.0957551822066307,0.0,0.0,0.1234807670116424
2024-09-23 12:00:00,AL972024,5.0,2024-09-28 00:00:00,4 days 12:00:00,36.55,-89.39,993.0,29.0,72.87991333007812,9.193015098571776,8.928696632385254,0.8517311215400696,4.009182929992676,0.0,0.0,0.1500633209943771,0.0354045666754245,0.0,0.1434465795755386,0.102993443608284,0.0
2024-09-23 12:00:00,AL972024,5.0,2024-09-28 06:00:00,4 days 18:00:00,36.3,-89.9,995.9,22.4,81.12139892578125,3.592897653579712,0.0,0.0,0.2277527302503585,0.0,0.0,0.0,0.0,0.0,0.3938512206077575,0.2044366896152496,0.0
2024-09-23 12:00:00,AL972024,5.0,2024-09-28 12:00:00,5 days 00:00:00,37.06,-89.55,1000.1,17.6,104.7472915649414,0.0,0.0,0.0,0.0,0.0,0.0,0.0,0.0,0.0,0.0964809656143188,0.0,0.0
2024-09-23 12:00:00,AL972024,5.0,2024-09-28 18:00:00,5 days 06:00:00,37.56,-89.8,999.8,23.8,60.04476547241211,3.789478063583374,0.0,0.0,0.3094739615917206,0.0,0.0,0.0,0.0,0.0,0.0455903820693492,0.0,0.0
2024-09-23 12:00:00,AL972024,5.0,2024-09-29 00:00:00,5 days 12:00:00,37.79,-89.57,999.2,22.6,161.48069763183594,0.0,0.0,0.0,0.0,0.0,0.1153289228677749,0.326482743024826,0.0,0.0,0.0,0.0911254063248634,0.0078947795554995
2024-09-23 12:00:00,AL972024,5.0,2024-09-29 06:00:00,5 days 18:00:00,38.36,-89.65,998.4,24.7,136.1632537841797,1.098965406417847,1.1240348815917969,0.2242608964443206,0.0,0.0,0.2445685267448425,0.3007099330425262,0.0,0.0235358979552984,0.005855937488377,0.0240881685167551,0.0450064502656459
2024-09-23 12:00:00,AL972024,5.0,2024-09-29 12:00:00,6 days 00:00:00,38.9,-89.84,1001.1,22.4,141.09657287597656,0.0,0.0,2.245436429977417,0.0,0.0,0.0,0.0,0.0,0.1902287155389785,0.0,0.0,0.1738310903310775
2024-09-23 12:00:00,EP102024,5.0,2024-09-23 12:00:00,0 days 00:00:00,14.6,-98.4,992.0,60.0,37.03998651744491,74.07997303488982,55.55997977616736,55.55997977616736,55.55997977616736,37.03998651744491,0.0,0.0,0.0,,,,
2024-09-23 12:00:00,EP102024,5.0,2024-09-23 18:00:00,0 days 06:00:00,15.22,-98.44,996.0,50.0,69.14838409423828,71.14199829101562,56.41761016845703,29.86370277404785,50.15682220458984,6.7928080558776855,5.115531921386719,2.8457765579223637,4.335729598999023,0.2881508767604828,0.1523219645023346,0.0702473521232605,0.2583841681480407
2024-09-23 12:00:00,EP102024,5.0,2024-09-24 00:00:00,0 days 12:00:00,15.71,-98.7,984.5,65.9,25.97659111022949,78.8156509399414,73.98929595947266,62.94837951660156,64.4974594116211,26.414493560791016,22.68104362487793,17.110965728759766,22.267803192138672,9.498639106750488,8.070055961608887,6.291557312011719,8.16484546661377
2024-09-23 12:00:00,EP102024,5.0,2024-09-24 06:00:00,0 days 18:00:00,16.26,-99.09,974.6,79.0,36.059967041015625,81.96427917480469,79.7501449584961,66.33135986328125,67.31959533691406,39.15997314453125,35.9993782043457,29.937030792236328,34.4583625793457,21.34659767150879,19.337873458862305,16.547029495239258,18.98052215576172
2024-09-23 12:00:00,EP102024,5.0,2024-09-24 12:00:00,1 days 00:00:00,17.02,-99.64,987.1,56.5,38.14215087890625,48.031681060791016,46.56135177612305,38.553855895996094,36.77627944946289,15.083501815795898,14.437366485595703,11.708216667175291,11.883138656616213,2.299456119537353,2.1272132396698,1.988697290420532,1.984121799468994
2024-09-23 12:00:00,EP102024,5.0,2024-09-24 18:00:00,1 days 06:00:00,17.03,-99.91,1001.7,34.4,83.47000885009766,9.051624298095703,7.307369709014893,2.610568761825561,3.602801322937012,0.0,0.0698263868689537,0.0689106211066246,0.5589973330497742,0.7500472664833069,0.7031973004341125,0.6738464832305908,0.7691962122917175
2024-09-23 12:00:00,AL972024,6.0,2024-09-23 12:00:00,0 days 00:00:00,17.2,-81.7,1004.0,30.0,185.1999325872245,,,,,,,,,,,,
2024-09-23 12:00:00,AL972024,6.0,2024-09-23 18:00:00,0 days 06:00:00,17.08,-81.81,1004.3,28.1,148.04519653320312,3.6486449241638175,4.070068359375,0.4171345233917236,0.4039780497550964,0.0,0.0,0.3345714509487152,0.0,0.0,0.0,0.0263942778110504,0.0
2024-09-23 12:00:00,AL972024,6.0,2024-09-24 00:00:00,0 days 12:00:00,17.74,-82.16,1004.8,25.7,154.77076721191406,17.253286361694336,16.19680404663086,14.542657852172852,13.137369155883787,0.0582089386880397,0.0323536098003387,0.0,0.1978418081998825,0.0,0.0,0.0,0.0038114052731543
2024-09-23 12:00:00,AL972024,6.0,2024-09-24 06:00:00,0 days 18:00:00,18.34,-82.44,1002.1,34.4,77.1745834350586,10.0134859085083,4.531384944915772,0.0,2.76254940032959,0.0,0.092262327671051,0.0687715709209442,0.0822896733880043,0.0,0.0,0.0,0.0346928909420967
2024-09-23 12:00:00,AL972024,6.0,2024-09-24 12:00:00,1 days 00:00:00,18.9,-83.3,1001.5,34.7,129.42041015625,6.749952793121338,2.283437967300415,0.0,1.263554573059082,0.0,0.0,0.0,0.0,0.0,0.0015832468634471,0.0,0.0
2024-09-23 12:00:00,AL972024,6.0,2024-09-24 18:00:00,1 days 06:00:00,18.83,-83.81,1000.9,37.1,86.51705169677734,23.11029815673828,14.249428749084473,0.1897070854902267,10.709555625915527,0.1920702010393142,0.1098854094743728,0.0,0.0,0.0769597440958023,0.02747243642807,0.0615442022681236,0.0480281598865985
2024-09-23 12:00:00,AL972024,6.0,2024-09-25 00:00:00,1 days 12:00:00,19.26,-84.89,998.4,43.1,111.28230285644533,126.29612731933594,121.800048828125,103.36627960205078,107.13990020751952,0.0,0.0,0.0,0.0,0.0539622381329536,0.0,0.0,0.0
2024-09-23 12:00:00,AL972024,6.0,2024-09-25 06:00:00,1 days 18:00:00,20.2,-85.16,992.8,51.4,65.93488311767578,224.57122802734372,194.5659027099609,150.76722717285156,192.36257934570312,111.16006469726562,100.13294219970705,77.30669403076172,93.97116088867188,30.474857330322266,25.4541130065918,20.559650421142575,25.11248016357422
2024-09-23 12:00:00,AL972024,6.0,2024-09-25 12:00:00,2 days 00:00:00,21.29,-86.07,988.5,56.6,48.18464660644531,236.33241271972656,208.3914794921875,156.0680694580078,192.94610595703125,112.0953598022461,102.11774444580078,75.9354476928711,92.3048095703125,26.151147842407227,20.818302154541016,16.39837646484375,20.357563018798828
2024-09-23 12:00:00,AL972024,6.0,2024-09-25 18:00:00,2 days 06:00:00,22.03,-86.46,988.8,55.6,72.3857192993164,258.9072265625,233.41030883789065,168.98695373535156,201.28379821777344,94.63497924804688,88.00274658203125,66.0523681640625,72.01539611816406,0.490717202425003,0.0945475175976753,0.0,0.0
2024-09-23 12:00:00,AL972024,6.0,2024-09-26 00:00:00,2 days 12:00:00,23.05,-86.82,987.8,54.6,73.43218231201172,151.49485778808594,128.64076232910156,76.70761108398438,110.54987335205078,26.57505798339844,24.048324584960938,16.051734924316406,18.55807113647461,0.0,0.0,0.0,0.0
2024-09-23 12:00:00,AL972024,6.0,2024-09-26 06:00:00,2 days 18:00:00,23.94,-86.92,976.1,69.3,74.41468811035156,214.2433013916016,202.27102661132807,150.8461151123047,170.29005432128906,75.26507568359375,68.20368194580078,48.11498260498047,58.6801986694336,14.76401710510254,11.521254539489746,8.963205337524414,11.29015064239502
2024-09-23 12:00:00,AL972024,6.0,2024-09-26 12:00:00,3 days 00:00:00,25.08,-86.44,970.3,77.9,46.50024032592773,177.5260772705078,171.49740600585938,118.4221420288086,137.6393280029297,69.48102569580078,65.39054107666016,47.19389724731445,52.92496871948242,16.37796974182129,13.631680488586426,11.15189266204834,12.772743225097656
2024-09-23 12:00:00,AL972024,6.0,2024-09-26 18:00:00,3 days 06:00:00,26.54,-85.54,962.9,86.6,32.336219787597656,219.33157348632807,215.175537109375,153.15640258789062,170.1969757080078,107.5457534790039,102.43536376953124,78.62004089355469,88.36314392089844,46.78623580932617,42.77449035644531,34.711952209472656,39.24435806274414
2024-09-23 12:00:00,AL972024,6.0,2024-09-27 00:00:00,3 days 12:00:00,28.94,-84.43,948.0,102.3,34.51966094970703,241.17111206054688,253.0957946777344,179.1759033203125,190.6433868408203,119.1340789794922,119.52172088623048,97.73298645019533,98.3769989013672,58.96120071411133,56.83618927001953,48.09194946289063,51.27993392944336
2024-09-23 12:00:00,AL972024,6.0,2024-09-27 06:00:00,3 days 18:00:00,31.7,-83.82,961.8,82.1,60.844818115234375,222.996826171875,225.28030395507807,147.2169647216797,169.20571899414062,94.873291015625,92.27304077148438,72.8107681274414,78.76095581054688,48.543235778808594,46.01364135742188,37.72896194458008,41.63176345825195
2024-09-23 12:00:00,AL972024,6.0,2024-09-27 12:00:00,4 days 00:00:00,34.56,-84.08,977.0,51.6,93.76904296875,308.5647888183594,333.0160827636719,266.34552001953125,247.2475433349609,5.412846565246582,6.710458278656006,0.8765661120414734,0.6680377125740051,1.035524606704712,0.3756418824195862,0.0,0.0547111183404922
2024-09-23 12:00:00,AL972024,6.0,2024-09-27 18:00:00,4 days 06:00:00,36.82,-84.84,987.7,40.8,70.19255065917969,92.00188446044922,100.4167022705078,66.51693725585938,67.82725524902344,6.008878707885742,5.032382488250732,1.6271060705184937,3.256612777709961,0.4814577996730804,0.247850239276886,0.0,0.1218272969126701
2024-09-23 12:00:00,AL972024,6.0,2024-09-28 00:00:00,4 days 12:00:00,38.1,-86.78,994.6,32.2,99.7097625732422,18.709869384765625,16.80396270751953,3.517970323562622,6.577771663665772,0.5615499019622803,0.0307054780423641,0.0,0.682632565498352,0.0354911237955093,0.146340012550354,0.0,0.0225152000784873
2024-09-23 12:00:00,AL972024,6.0,2024-09-28 06:00:00,4 days 18:00:00,39.31,-88.88,995.6,25.1,87.57955169677734,6.812613010406494,2.285104990005493,0.0,3.983744382858277,0.0,0.0,0.0,0.0,0.077312171459198,0.173761561512947,0.3143281042575836,0.1755403578281402
2024-09-23 12:00:00,AL972024,6.0,2024-09-28 12:00:00,5 days 00:00:00,35.97,-91.4,995.4,22.5,199.66940307617188,0.0,0.0,0.0,0.0,0.3421734273433685,0.9279892444610596,0.4534940719604492,0.0441984236240386,0.1373432427644729,0.0646944791078567,0.0930408760905265,0.0754348635673523
2024-09-23 12:00:00,AL972024,6.0,2024-09-28 18:00:00,5 days 06:00:00,35.09,-91.4,999.6,22.8,217.88919067382807,0.0,0.0,0.0,0.0,0.1925633996725082,0.0527786426246166,0.6333051323890686,0.0,0.2189938127994537,0.1414465010166168,0.2818145751953125,0.119769386947155
2024-09-23 12:00:00,EP102024,6.0,2024-09-23 12:00:00,0 days 00:00:00,14.6,-98.4,992.0,60.0,37.03998651744491,74.07997303488982,55.55997977616736,55.55997977616736,55.55997977616736,37.03998651744491,0.0,0.0,0.0,,,,
2024-09-23 12:00:00,EP102024,6.0,2024-09-23 18:00:00,0 days 06:00:00,15.14,-98.06,996.3,49.3,85.0118408203125,141.6533966064453,123.71957397460938,83.17078399658203,109.07601165771484,33.07408905029297,28.545928955078125,20.577680587768555,24.553369522094727,0.0,0.0,0.0,0.0421747118234634
2024-09-23 12:00:00,EP102024,6.0,2024-09-24 00:00:00,0 days 12:00:00,16.16,-98.16,982.6,69.7,55.6033935546875,114.78290557861328,110.5332489013672,95.03374481201172,99.16632843017578,34.229183197021484,30.57869911193848,24.14800453186035,30.013399124145508,16.681922912597656,15.1162109375,12.296302795410156,14.56318187713623
2024-09-23 12:00:00,EP102024,6.0,2024-09-24 06:00:00,0 days 18:00:00,16.37,-98.47,987.5,60.7,32.59726333618164,94.65310668945312,84.99519348144531,62.29267883300781,72.00659942626953,34.08303451538086,29.25106239318848,21.07659339904785,26.89068031311035,6.165380001068115,4.51503849029541,3.171787977218628,4.897686958312988
2024-09-23 12:00:00,EP102024,6.0,2024-09-24 12:00:00,1 days 00:00:00,17.03,-99.06,998.7,39.3,83.88328552246094,20.101009368896484,17.48572540283203,8.287117958068848,12.408014297485352,0.0,0.0,0.0,0.0,0.2200902551412582,0.5191088914871216,0.9614001512527466,0.2485980838537216
2024-09-23 12:00:00,EP102024,6.0,2024-09-24 18:00:00,1 days 06:00:00,16.86,-99.99,1004.4,27.7,84.96350860595703,5.960196018218994,4.351274490356445,2.366084098815918,1.2250988483428955,0.0,0.0,0.016065401956439,0.0213508177548646,0.2243918031454086,0.1730323135852813,0.2696848809719085,0.1916985660791397
2024-09-23 12:00:00,EP102024,6.0,2024-09-25 00:00:00,1 days 12:00:00,16.47,-100.71,1001.1,33.8,103.89928436279295,59.8725471496582,62.73945236206055,59.31249237060547,54.02732849121094,0.0,0.0,0.0,0.0,0.3899301886558532,0.2813420295715332,0.3720810711383819,0.3236812949180603
2024-09-23 12:00:00,EP102024,6.0,2024-09-25 06:00:00,1 days 18:00:00,16.65,-100.46,1001.8,31.6,72.13679504394531,18.398881912231445,16.13460922241211,10.89447021484375,11.88047981262207,0.0,0.0,0.0799542367458343,0.0,0.0782678946852684,0.3405224084854126,0.5527101159095764,0.1718168407678604
2024-09-23 12:00:00,EP102024,6.0,2024-09-25 12:00:00,2 days 00:00:00,16.69,-101.1,999.3,34.6,54.077030181884766,11.87691879272461,11.074721336364746,4.984105587005615,5.11251974105835,0.0,0.0480160154402256,0.3299668729305267,0.0,0.0,0.2299426794052124,0.5079256296157837,0.0
2024-09-23 12:00:00,EP102024,6.0,2024-09-25 18:00:00,2 days 06:00:00,16.85,-101.51,997.2,43.5,63.61215972900391,101.0340805053711,86.91441345214844,57.815521240234375,77.29102325439453,27.631704330444336,25.31952476501465,19.355913162231445,21.34334945678711,0.0,0.4050813317298889,0.1452734172344207,0.0057934955693781
2024-09-23 12:00:00,EP102024,6.0,2024-09-26 00:00:00,2 days 12:00:00,17.38,-101.56,996.5,43.1,62.90070724487305,68.39288330078125,63.46601104736328,44.00397109985352,52.91779327392578,4.674859046936035,3.806014060974121,2.114953994750977,2.887582540512085,0.1448430120944976,0.2457767575979232,0.3929552137851715,0.191386803984642
2024-09-23 12:00:00,EP102024,6.0,2024-09-26 06:00:00,2 days 18:00:00,17.12,-101.79,993.9,45.1,81.98649597167969,40.52690505981445,33.36197662353516,21.43155670166016,28.81379508972168,6.365752696990967,6.568070411682129,4.928126811981201,5.109440803527832,1.1754629611968994,1.412049651145935,1.593123197555542,1.1890701055526731
2024-09-23 12:00:00,EP102024,6.0,2024-09-26 12:00:00,3 days 00:00:00,17.64,-102.15,996.3,41.5,72.08565521240234,25.686084747314453,20.162992477416992,8.96257495880127,18.083911895751957,1.010348200798035,1.7988756895065308,1.7674192190170288,0.6632810831069946,0.880337655544281,1.2233319282531738,1.5651960372924805,0.8586469292640686
2024-09-23 12:00:00,EP102024,6.0,2024-09-26 18:00:00,3 days 06:00:00,17.9,-102.52,998.0,42.7,37.56355667114258,71.97547149658203,61.57429122924805,45.26469039916992,56.72018432617188,7.263081550598144,6.362216472625732,4.667651653289795,6.115648746490479,0.3554239273071289,0.5669761896133423,0.6739909052848816,0.6105069518089294
2024-09-23 12:00:00,EP102024,6.0,2024-09-27 00:00:00,3 days 12:00:00,18.13,-102.34,1001.0,33.5,63.929534912109375,28.9666805267334,27.98573112487793,21.76227378845215,24.153133392333984,0.0,0.0,0.0,0.0,0.1560600996017456,0.419130802154541,0.6185412406921387,0.1638675332069397
2024-09-23 12:00:00,EP102024,6.0,2024-09-27 06:00:00,3 days 18:00:00,18.12,-102.63,1002.2,31.1,92.86241149902344,24.35702514648437,23.58817672729492,17.28952407836914,18.537322998046875,0.0,0.0,0.4020838141441345,0.0,0.0544353052973747,0.523615300655365,0.9739277958869934,0.2888675630092621
2024-09-23 12:00:00,AL972024,7.0,2024-09-23 12:00:00,0 days 00:00:00,17.2,-81.7,1004.0,30.0,185.1999325872245,,,,,,,,,,,,
2024-09-23 12:00:00,AL972024,7.0,2024-09-23 18:00:00,0 days 06:00:00,17.27,-81.69,1006.5,24.3,150.39476013183594,0.8829679489135742,1.258156657218933,0.0,0.0,0.0,0.0,0.0504792444407939,0.0,0.0887651741504669,0.0,0.0346527770161628,0.0070232208818197
2024-09-23 12:00:00,AL972024,7.0,2024-09-24 00:00:00,0 days 12:00:00,17.85,-81.76,1001.0,34.1,126.74686431884766,17.90616226196289,15.281864166259766,8.644241333007812,11.889965057373049,0.2144430726766586,0.3771949410438537,0.2434898912906646,0.0619836263358593,0.0,0.0,0.0,0.0315211899578571
2024-09-23 12:00:00,AL972024,7.0,2024-09-24 06:00:00,0 days 18:00:00,18.2,-83.07,1002.9,34.6,100.61944580078124,105.4266357421875,96.64996337890624,81.49087524414062,88.40026092529297,0.0002219038724433,0.0094350343570113,0.0,0.0314794890582561,0.0336241871118545,0.0,0.0235656220465898,0.0135050965473055
2024-09-23 12:00:00,AL972024,7.0,2024-09-24 12:00:00,1 days 00:00:00,18.59,-84.09,1002.3,34.6,158.590087890625,108.92101287841795,101.47834777832033,82.94084167480469,91.46015167236328,0.0,0.0,0.0,0.0,0.0933679491281509,0.0655572712421417,0.0124616427347064,0.0043687438592314
2024-09-23 12:00:00,AL972024,7.0,2024-09-24 18:00:00,1 days 06:00:00,19.3,-85.08,998.7,43.9,74.33085632324219,130.3797149658203,111.39006042480467,78.3563461303711,102.75457763671876,1.5687932968139648,0.5413097143173218,0.0,0.8956626653671265,0.0,0.062834583222866,0.0031069440301507,0.145948976278305
2024-09-23 12:00:00,AL972024,7.0,2024-09-25 00:00:00,1 days 12:00:00,19.23,-85.47,997.2,43.3,65.52246856689453,58.12580108642578,47.79844665527344,29.686622619628903,42.13760757446289,0.0,0.0,0.0,0.0,6.218090857146308e-05,0.0,0.0543025434017181,0.0900568068027496
2024-09-23 12:00:00,AL972024,7.0,2024-09-25 06:00:00,1 days 18:00:00,20.24,-86.27,995.7,44.0,129.6059112548828,168.94947814941406,151.91781616210938,115.88858032226562,138.1444854736328,3.044224262237549,1.7282049655914309,0.3803704082965851,1.8347573280334477,0.0,0.0,0.0157662089914083,0.1009539440274238
2024-09-23 12:00:00,AL972024,7.0,2024-09-25 12:00:00,2 days 00:00:00,20.96,-86.7,990.6,53.8,78.33689880371094,174.88392639160156,161.9656982421875,113.28532409667967,132.21145629882812,53.33197784423828,49.71173095703125,37.51465225219727,40.28181457519531,0.0,0.0,0.0,0.0
2024-09-23 12:00:00,AL972024,7.0,2024-09-25 18:00:00,2 days 06:00:00,21.8,-86.67,987.0,56.5,91.64427185058594,196.80572509765625,176.85980224609375,122.6043930053711,152.8131103515625,68.98410034179688,62.91737365722656,45.55608749389648,52.13589096069336,1.807027816772461,0.78591388463974,0.0,0.6124423742294312
2024-09-23 12:00:00,AL972024,7.0,2024-09-26 00:00:00,2 days 12:00:00,23.0,-86.43,980.8,66.0,57.14695358276367,240.1993103027344,222.4207763671875,158.90292358398438,199.0453338623047,105.48095703125,96.9508285522461,74.68621826171875,85.94397735595703,34.21836471557617,30.595355987548828,24.81771278381348,28.423412322998047
2024-09-23 12:00:00,AL972024,7.0,2024-09-26 06:00:00,2 days 18:00:00,24.16,-86.36,974.9,72.4,68.447265625,206.47561645507807,193.7543029785156,139.79449462890625,163.01524353027344,84.98665618896484,78.2181167602539,56.81809997558594,66.86991882324219,19.570337295532227,15.985119819641112,12.799541473388672,15.2676362991333
2024-09-23 12:00:00,AL972024,7.0,2024-09-26 12:00:00,3 days 00:00:00,25.07,-85.82,953.7,99.7,16.393001556396484,196.9177703857422,182.1105194091797,135.67103576660156,156.7096710205078,97.42701721191406,90.56047058105467,71.47142028808594,83.2347183227539,48.03922653198242,43.56489944458008,36.3743782043457,41.5088119506836
2024-09-23 12:00:00,AL972024,7.0,2024-09-26 18:00:00,3 days 06:00:00,27.1,-85.13,957.9,95.4,27.39256477355957,213.1505279541016,205.1526336669922,149.65496826171875,173.0467987060547,110.55216217041016,104.83997344970705,86.6194076538086,95.78495025634766,60.04724884033203,56.60181427001953,46.7778434753418,52.27148818969727
2024-09-23 12:00:00,AL972024,7.0,2024-09-27 00:00:00,3 days 12:00:00,28.86,-84.24,958.7,87.2,46.99403762817383,271.1644897460937,273.2225341796875,203.0596160888672,221.92266845703125,140.12380981445312,139.6704559326172,116.27522277832033,119.30876922607422,71.47064971923828,69.1788101196289,58.51123046875,62.52204513549805
2024-09-23 12:00:00,AL972024,7.0,2024-09-27 06:00:00,3 days 18:00:00,31.32,-83.69,971.2,65.3,34.82731628417969,85.41930389404297,95.67771911621094,54.21235656738281,48.94722366333008,19.783056259155277,18.82105255126953,8.892287254333496,11.279581069946287,1.7962197065353394,0.8341923952102661,0.0,0.7238693833351135
2024-09-23 12:00:00,AL972024,7.0,2024-09-27 12:00:00,4 days 00:00:00,34.52,-84.28,981.1,43.3,118.33280181884766,270.2306213378906,281.3641052246094,215.55426025390625,212.32958984375,26.45064353942871,26.200382232666016,17.435747146606445,17.813352584838867,0.9350574612617492,0.9028455018997192,0.0,0.3582462668418884
2024-09-23 12:00:00,AL972024,7.0,2024-09-27 18:00:00,4 days 06:00:00,36.57,-85.5,990.3,34.7,154.0443115234375,59.42469787597656,64.15718078613281,37.33570098876953,42.19497680664063,4.4066925048828125,3.167876482009888,2.0587072372436523,2.9224612712860107,0.4557875096797943,0.2519198060035705,0.0,0.4510181546211242
2024-09-23 12:00:00,AL972024,7.0,2024-09-28 00:00:00,4 days 12:00:00,36.34,-88.27,989.8,35.1,141.24740600585938,4.583882808685303,3.785291910171509,0.0,0.012472840026021,0.0,0.0,0.0,0.2247880697250366,0.0,0.0641003027558326,0.1200169771909713,0.2667224407196045
2024-09-23 12:00:00,AL972024,7.0,2024-09-28 06:00:00,4 days 18:00:00,35.64,-89.95,996.2,24.0,92.53076934814452,4.196661949157715,0.0,0.0,0.5827139019966125,0.0,0.0874723568558693,0.5385892391204834,0.0,0.0176755804568529,0.22757288813591,0.060755155980587,0.0
2024-09-23 12:00:00,AL972024,7.0,2024-09-28 12:00:00,5 days 00:00:00,36.57,-88.51,995.8,23.3,106.37029266357422,0.5704867839813232,0.0,0.0,0.0,0.0,0.0,0.0,0.0,0.0,0.1021430045366287,0.0,0.0576093755662441
2024-09-23 12:00:00,AL972024,7.0,2024-09-28 18:00:00,5 days 06:00:00,37.31,-88.25,997.4,26.7,64.66549682617188,2.4769320487976074,0.0053671821951866,0.0,0.4894459247589111,0.0,0.0,0.0671251416206359,0.0,0.0,0.0725698322057724,0.0,0.0
2024-09-23 12:00:00,AL972024,7.0,2024-09-29 00:00:00,5 days 12:00:00,38.41,-88.53,998.7,27.6,148.8075714111328,0.0,1.7548396587371826,1.0137921571731567,0.0,0.0,0.2714402675628662,0.6574234366416931,0.0,0.0,0.0,0.0,0.0
2024-09-23 12:00:00,AL972024,7.0,2024-09-29 06:00:00,5 days 18:00:00,38.74,-88.78,1000.2,24.7,161.86312866210938,1.1714760065078735,0.0,0.4764215350151062,0.0,0.0,0.1863258481025695,0.3587475419044494,0.1670310497283935,0.0856189802289009,0.0,0.0,0.1136495321989059
2024-09-23 12:00:00,EP102024,7.0,2024-09-23 12:00:00,0 days 00:00:00,14.6,-98.4,992.0,60.0,37.03998651744491,74.07997303488982,55.55997977616736,55.55997977616736,55.55997977616736,37.03998651744491,0.0,0.0,0.0,,,,
2024-09-23 12:00:00,EP102024,7.0,2024-09-23 18:00:00,0 days 06:00:00,14.84,-98.1,981.0,72.3,54.3481330871582,97.65177917480467,91.46510314941406,67.24124145507812,78.11207580566406,42.38752746582031,37.16508483886719,28.174638748168945,35.22786331176758,15.849358558654783,13.530707359313965,10.924396514892578,13.553258895874023
2024-09-23 12:00:00,EP102024,7.0,2024-09-24 00:00:00,0 days 12:00:00,15.35,-98.38,993.9,51.5,78.73310089111328,96.75804901123048,90.69335174560548,69.80968475341797,78.31729125976562,4.362795829772949,3.0610768795013428,1.240665316581726,2.189969062805176,0.0199578888714313,0.0,0.0,0.0301682036370039
2024-09-23 12:00:00,EP102024,7.0,2024-09-24 06:00:00,0 days 18:00:00,15.97,-98.27,983.1,67.0,27.53792381286621,59.03955459594727,54.42528533935547,40.32271194458008,40.44199752807617,16.354984283447266,14.50564956665039,9.90510368347168,12.168718338012695,1.4129385948181152,0.8687493801116943,0.5564279556274414,1.1875462532043457
2024-09-23 12:00:00,EP102024,7.0,2024-09-24 12:00:00,1 days 00:00:00,15.95,-97.69,985.3,64.1,54.3846321105957,84.33673858642578,79.51968383789062,62.47998428344727,72.353515625,41.45465087890625,38.894813537597656,33.7100715637207,36.199012756347656,23.170345306396484,21.936702728271484,18.492002487182617,20.3040771484375
2024-09-23 12:00:00,AL972024,8.0,2024-09-23 12:00:00,0 days 00:00:00,17.2,-81.7,1004.0,30.0,185.1999325872245,,,,,,,,,,,,
2024-09-23 12:00:00,AL972024,8.0,2024-09-23 18:00:00,0 days 06:00:00,17.43,-81.79,1004.6,27.7,57.10029602050781,0.6263588666915894,0.7335279583930969,0.0,0.0,0.0763235986232757,0.0,0.0583761632442474,0.0341315455734729,0.0588386058807373,0.0592960454523563,0.0618503838777542,0.0
2024-09-23 12:00:00,AL972024,8.0,2024-09-24 00:00:00,0 days 12:00:00,17.87,-82.54,1004.3,31.0,83.44985961914062,18.62752342224121,15.20305061340332,11.60172176361084,12.58033847808838,0.0,0.191082015633583,0.0,0.1762437224388122,0.0,0.0,0.0,0.0466192811727523
2024-09-23 12:00:00,AL972024,8.0,2024-09-24 06:00:00,0 days 18:00:00,18.32,-82.95,1001.3,33.8,65.15697479248047,3.4492557048797607,1.4097117185592651,0.0,0.0607060641050338,0.0,0.09251119941473,0.0,0.0,0.0107010556384921,0.0,0.0,0.0
2024-09-23 12:00:00,AL972024,8.0,2024-09-24 12:00:00,1 days 00:00:00,18.46,-83.77,999.4,39.2,66.15177917480469,12.812787055969238,7.056742668151856,0.0,2.7005503177642822,0.4125652313232422,0.0,0.0,0.0,0.0735028237104415,0.0595893040299415,0.0,0.0
2024-09-23 12:00:00,AL972024,8.0,2024-09-24 18:00:00,1 days 06:00:00,18.94,-84.23,999.2,37.7,150.90377807617188,115.4456024169922,106.05210876464844,82.22285461425781,93.53368377685548,0.0,0.0,0.0,0.0,0.033302903175354,0.0,0.0,0.0
2024-09-23 12:00:00,AL972024,8.0,2024-09-25 00:00:00,1 days 12:00:00,19.22,-84.77,996.5,46.3,129.1097412109375,166.6026611328125,145.3809051513672,101.0479965209961,133.37020874023438,11.98530387878418,9.489853858947754,5.893171310424805,7.849760055541992,0.0,0.0,0.0,0.0
2024-09-23 12:00:00,AL972024,8.0,2024-09-25 06:00:00,1 days 18:00:00,19.68,-85.26,994.6,53.4,80.32688903808594,290.7637023925781,256.7781066894531,193.8570098876953,237.34169006347656,122.90675354003906,113.88439178466795,84.37079620361328,98.38059997558594,12.715030670166016,8.848450660705566,6.736384868621826,8.936552047729492
2024-09-23 12:00:00,AL972024,8.0,2024-09-25 12:00:00,2 days 00:00:00,20.76,-86.11,990.0,55.4,104.5157699584961,142.002685546875,131.46607971191406,96.4642562866211,113.81478118896484,0.4006280303001404,0.0,0.0,0.0,0.536983072757721,0.14424829185009,0.0,0.27517831325531
2024-09-23 12:00:00,AL972024,8.0,2024-09-25 18:00:00,2 days 06:00:00,21.68,-86.12,986.3,60.7,87.15595245361328,244.79086303710935,217.7239532470703,159.3251495361328,194.7639923095703,97.78812408447266,88.83735656738281,63.24596405029297,76.56095886230469,8.931561470031738,5.546724796295166,3.522095203399658,5.825901031494141
2024-09-23 12:00:00,AL972024,8.0,2024-09-26 00:00:00,2 days 12:00:00,22.37,-86.19,977.8,65.4,76.93046569824219,207.1376495361328,192.37484741210935,139.05203247070312,164.51358032226562,69.8647689819336,62.69942474365234,43.36391067504883,53.46664047241211,7.019887924194336,4.354774951934815,2.80985689163208,4.583813667297363
2024-09-23 12:00:00,AL972024,8.0,2024-09-26 06:00:00,2 days 18:00:00,23.6,-86.24,963.9,88.6,57.400428771972656,221.21115112304688,209.33285522460935,149.1540985107422,175.85653686523438,101.23629760742188,93.14156341552734,71.11972045898438,83.72474670410156,43.24193954467773,38.50521087646485,31.389890670776367,36.277565002441406
2024-09-23 12:00:00,AL972024,8.0,2024-09-26 12:00:00,3 days 00:00:00,24.16,-85.95,953.5,98.2,32.30720901489258,239.4176025390625,228.94900512695312,175.18299865722656,197.13308715820312,123.11660766601562,117.41356658935548,97.6428451538086,106.41380310058594,66.4552001953125,62.72762298583984,52.87324905395508,57.92739868164063
2024-09-23 12:00:00,AL972024,8.0,2024-09-26 18:00:00,3 days 06:00:00,25.67,-85.38,946.6,107.2,49.36262512207031,259.04296875,254.0750732421875,186.87722778320312,207.52587890625,126.8849639892578,122.77061462402344,99.54261016845705,106.02125549316406,62.90402603149414,59.22932815551758,49.6671028137207,54.40593719482422
2024-09-23 12:00:00,AL972024,8.0,2024-09-27 00:00:00,3 days 12:00:00,27.45,-84.6,945.1,103.5,26.517297744750977,201.0120086669922,206.8960723876953,157.17507934570312,158.791015625,94.3994598388672,92.68045043945312,75.05370330810547,78.18799591064453,49.14308547973633,46.93765640258789,39.37665557861328,42.78537368774414
2024-09-23 12:00:00,AL972024,8.0,2024-09-27 06:00:00,3 days 18:00:00,29.68,-84.32,946.9,102.9,48.05242156982422,246.54136657714844,250.09214782714844,187.01649475097656,203.7743225097656,113.12678527832033,109.8187255859375,90.74566650390624,97.6685562133789,61.41443634033203,58.06334686279297,49.14586639404297,53.943546295166016
2024-09-23 12:00:00,AL972024,8.0,2024-09-27 12:00:00,4 days 00:00:00,32.45,-83.86,971.4,61.8,48.926570892333984,200.9626007080078,217.7107086181641,153.6329803466797,151.7506561279297,71.5183334350586,67.98322296142578,47.58534240722656,52.86152648925781,7.073704719543457,5.034764766693115,2.959897041320801,4.474912643432617
2024-09-23 12:00:00,AL972024,8.0,2024-09-27 18:00:00,4 days 06:00:00,34.65,-84.98,981.2,44.5,120.4042510986328,230.39144897460935,226.5265045166016,173.1006317138672,181.0481109619141,28.24382972717285,25.522069931030277,18.06001281738281,20.766454696655277,0.0068941242061555,0.0,0.0,0.0
2024-09-23 12:00:00,AL972024,8.0,2024-09-28 00:00:00,4 days 12:00:00,36.33,-86.31,990.9,29.6,51.36220932006836,0.0,0.0717331767082214,0.3750652372837066,0.0,0.0,0.0,0.0,0.0,0.0,0.1834893375635147,0.128558874130249,0.0796382278203964
2024-09-23 12:00:00,AL972024,8.0,2024-09-28 06:00:00,4 days 18:00:00,36.3,-86.47,992.0,28.7,72.78363037109375,23.3316650390625,15.622130393981934,5.352731227874756,13.693102836608888,0.514942467212677,0.2684595286846161,0.4986988008022308,0.3577800989151001,0.0,0.2244056165218353,0.2093393355607986,0.0525933057069778
2024-09-23 12:00:00,AL972024,8.0,2024-09-28 12:00:00,5 days 00:00:00,36.77,-85.43,996.2,25.7,167.5652618408203,0.0,0.0,0.0,0.0,0.0,0.0949610620737075,0.0128514915704727,0.1693623512983322,0.0,0.0,0.0,0.0
2024-09-23 12:00:00,AL972024,8.0,2024-09-28 18:00:00,5 days 06:00:00,37.76,-84.26,1000.8,20.7,99.78034210205078,0.0,0.0,0.2804129719734192,0.0,0.0,0.0,0.2463830560445785,0.0,0.0,0.0,0.0,0.0782641321420669
2024-09-23 12:00:00,AL972024,8.0,2024-09-29 00:00:00,5 days 12:00:00,39.13,-81.86,999.2,25.8,213.25875854492188,0.0,0.0,0.0,0.0,0.0,0.0,0.0,0.0021435865201056,0.1808486729860305,0.0,0.0124276485294103,0.0
2024-09-23 12:00:00,EP102024,8.0,2024-09-23 12:00:00,0 days 00:00:00,14.6,-98.4,992.0,60.0,37.03998651744491,74.07997303488982,55.55997977616736,55.55997977616736,55.55997977616736,37.03998651744491,0.0,0.0,0.0,,,,
2024-09-23 12:00:00,EP102024,8.0,2024-09-23 18:00:00,0 days 06:00:00,15.1,-98.43,989.2,59.7,15.968689918518066,89.01658630371094,79.53791809082031,66.97525787353516,72.03173065185547,28.40403175354004,23.75701713562012,16.575395584106445,22.016754150390625,0.7880550622940063,0.0,0.0,0.4188720285892486
2024-09-23 12:00:00,EP102024,8.0,2024-09-24 00:00:00,0 days 12:00:00,15.74,-98.62,981.8,71.6,36.65730667114258,163.19749450683594,159.11602783203125,138.07940673828125,142.015625,45.22602081298828,40.46187210083008,33.206520080566406,39.63348007202149,24.029052734375,22.075807571411133,18.22076416015625,21.065279006958008
2024-09-23 12:00:00,EP102024,8.0,2024-09-24 06:00:00,0 days 18:00:00,16.54,-98.87,964.8,91.0,20.189128875732425,74.31680297851562,74.49629211425781,64.26728820800781,57.8115463256836,32.875,31.608247756958008,28.81175422668457,28.73970031738281,19.200273513793945,18.34800148010254,16.363460540771484,17.885957717895508
2024-09-23 12:00:00,EP102024,8.0,2024-09-24 12:00:00,1 days 00:00:00,16.42,-98.83,987.7,58.9,36.46308135986328,63.2080192565918,56.986061096191406,45.2318229675293,50.60665512084961,28.090797424316406,25.061899185180664,20.718355178833008,24.36494827270508,12.020940780639648,10.959952354431152,8.764625549316406,10.560254096984863
2024-09-23 12:00:00,EP102024,8.0,2024-09-24 18:00:00,1 days 06:00:00,17.09,-98.96,1002.0,32.5,89.95266723632812,15.239526748657228,10.58006191253662,4.754026889801025,5.3768720626831055,0.3329136967658996,0.7471816539764404,0.4433796405792236,0.4576146900653839,0.5619915723800659,0.5666877627372742,0.4463142454624176,0.5737340450286865
2024-09-23 12:00:00,EP102024,8.0,2024-09-25 00:00:00,1 days 12:00:00,16.19,-100.07,1002.9,30.2,131.34524536132812,40.58883285522461,42.79687881469727,43.82846450805664,38.72447967529297,0.0,0.0,0.0,0.0,0.1808323413133621,0.2289815247058868,0.2980858981609344,0.2448237240314483
2024-09-23 12:00:00,EP102024,8.0,2024-09-25 06:00:00,1 days 18:00:00,15.36,-100.72,1005.2,24.7,97.9500961303711,1.6533679962158203,1.7206536531448364,0.0,0.5384859442710876,0.0,0.0596639700233936,0.0,0.0,0.1734716147184372,0.2095249742269516,0.1869955509901046,0.1254081428050995
2024-09-23 12:00:00,EP102024,8.0,2024-09-25 12:00:00,2 days 00:00:00,16.06,-100.38,1003.5,32.7,109.24691772460938,7.060876846313477,4.974677085876465,0.0,2.686216115951538,0.0,0.0,0.0,0.0,0.1629368066787719,0.2791661918163299,0.3989497423171997,0.1370084136724472
2024-09-23 12:00:00,EP102024,8.0,2024-09-25 18:00:00,2 days 06:00:00,16.15,-100.76,1000.6,36.1,111.95327758789062,55.466087341308594,51.339088439941406,38.05641174316406,44.48335647583008,0.5291829109191895,0.9434263706207277,0.4256809949874878,0.6755475997924805,0.5457240343093872,0.5150439143180847,0.3842794597148895,0.4900940060615539
2024-09-23 12:00:00,EP102024,8.0,2024-09-26 00:00:00,2 days 12:00:00,15.94,-101.09,994.9,41.8,108.03072357177734,119.51461029052734,122.12654113769533,107.79362487792967,103.19891357421876,0.0,0.2409044504165649,0.077890008687973,0.0,0.0981874540448188,0.3360484540462494,0.4251463115215301,0.1138924807310104
2024-09-23 12:00:00,EP102024,8.0,2024-09-26 06:00:00,2 days 18:00:00,16.7,-101.43,998.3,37.3,102.42991638183594,19.409164428710938,14.98102569580078,8.699444770812988,10.784027099609377,0.0,0.0,0.0,0.0,0.5209219455718994,0.6253056526184082,0.8057689070701599,0.5452374815940857
2024-09-23 12:00:00,EP102024,8.0,2024-09-26 12:00:00,3 days 00:00:00,16.98,-102.25,987.5,58.2,47.42476272583008,91.05778503417967,85.15953826904297,66.80875396728516,75.10220336914062,40.86593246459961,37.51388168334961,30.270170211791992,34.91584014892578,15.822519302368164,14.577746391296388,12.291735649108888,13.775190353393556
2024-09-23 12:00:00,EP102024,8.0,2024-09-26 18:00:00,3 days 06:00:00,17.3,-102.52,986.7,61.5,56.5205307006836,93.18199157714844,84.89247131347656,63.89176940917969,76.89424133300781,38.04595565795898,33.59516906738281,26.39663314819336,32.67795181274414,13.626944541931152,12.255414962768556,9.872892379760742,12.006001472473145
2024-09-23 12:00:00,EP102024,8.0,2024-09-27 00:00:00,3 days 12:00:00,17.36,-102.88,981.5,66.6,43.314674377441406,124.31397247314452,122.29847717285156,112.1412353515625,111.16606903076172,39.2513313293457,36.39617919921875,31.745973587036133,35.26944732666016,17.973773956298828,17.328813552856445,14.749557495117188,16.361146926879883
2024-09-23 12:00:00,EP102024,8.0,2024-09-27 06:00:00,3 days 18:00:00,17.76,-102.99,989.4,62.3,43.78214263916016,118.50637817382812,111.9593734741211,84.29988861083984,97.93023681640624,35.82731628417969,31.612159729003903,23.78277587890625,28.59844207763672,6.375293254852295,5.482387065887451,4.115176677703857,5.244242191314697
2024-09-23 12:00:00,EP102024,8.0,2024-09-27 12:00:00,4 days 00:00:00,17.97,-102.87,997.7,40.8,41.52399063110352,38.507720947265625,35.34470748901367,28.07355690002441,28.057992935180664,1.5443880558013916,2.0102970600128174,1.9436427354812624,1.473744511604309,0.0,0.1558143943548202,0.5762489438056946,0.1021776422858238
2024-09-23 12:00:00,EP102024,8.0,2024-09-27 18:00:00,4 days 06:00:00,18.15,-102.88,1004.7,29.4,65.93153381347656,7.670755863189697,5.191407203674316,3.574060440063477,4.427396297454834,0.0,0.0,0.0436846278607845,0.1637329310178756,0.0,0.0602043159306049,0.2017510533332824,0.1121250912547111
2024-09-23 12:00:00,AL972024,9.0,2024-09-23 12:00:00,0 days 00:00:00,17.2,-81.7,1004.0,30.0,185.1999325872245,,,,,,,,,,,,
2024-09-23 12:00:00,AL972024,9.0,2024-09-23 18:00:00,0 days 06:00:00,17.46,-81.84,1006.6,24.1,95.8288803100586,2.7321369647979736,1.354306697845459,0.0,0.0,0.1350212395191192,0.0,0.036072988063097,0.0482150577008724,0.0138832619413733,0.0,0.0,0.0376221612095832
2024-09-23 12:00:00,AL972024,9.0,2024-09-24 00:00:00,0 days 12:00:00,17.76,-82.26,1003.4,30.0,75.6934585571289,5.695409297943115,3.9768855571746826,3.349186420440674,3.0264334678649902,0.0672968998551368,0.3027434051036834,0.0,0.079020619392395,0.0,0.0,0.0358244739472866,0.064708724617958
2024-09-23 12:00:00,AL972024,9.0,2024-09-24 06:00:00,0 days 18:00:00,17.99,-81.8,999.0,37.5,59.05181121826172,7.263120174407959,4.982361316680908,1.013080358505249,1.8680222034454343,0.0375841781497001,0.4187106788158417,0.3410029113292694,0.0,0.0,0.0,0.0081265810877084,0.0144087197259068
2024-09-23 12:00:00,AL972024,9.0,2024-09-24 12:00:00,1 days 00:00:00,19.08,-82.89,998.7,40.8,54.814788818359375,23.223682403564453,13.36062240600586,0.0647624731063842,10.773429870605469,0.8744974136352539,0.3885108828544616,0.0,0.1193024516105651,0.0662166252732276,0.0519595444202423,0.0336146801710128,0.0
2024-09-23 12:00:00,AL972024,9.0,2024-09-24 18:00:00,1 days 06:00:00,19.33,-84.21,999.7,40.5,80.24830627441406,118.37667083740234,99.84229278564452,71.47923278808594,93.47755432128906,0.4137616753578186,0.0349199511110782,0.0,0.2435133010149002,0.0575065985321998,0.0548254661262035,0.1076761856675148,0.0600429028272628
2024-09-23 12:00:00,AL972024,9.0,2024-09-25 00:00:00,1 days 12:00:00,19.48,-84.69,997.3,44.5,72.12890625,49.06689453125,32.37175369262695,5.666989326477051,28.957921981811523,1.3485865592956543,0.2595197856426239,0.0,0.1591321378946304,0.0640470758080482,0.0405674614012241,0.0247233025729656,0.0757150202989578
2024-09-23 12:00:00,AL972024,9.0,2024-09-25 06:00:00,1 days 18:00:00,20.55,-85.22,987.6,57.2,38.447021484375,136.419921875,114.52471160888672,71.416259765625,101.59661102294922,31.926816940307617,27.135948181152344,18.297731399536133,22.847375869750977,0.0,0.0,0.0,0.0
2024-09-23 12:00:00,AL972024,9.0,2024-09-25 12:00:00,2 days 00:00:00,21.32,-85.72,981.1,68.1,49.77967071533203,201.75582885742188,175.77760314941406,119.61920166015624,162.3717803955078,84.19544219970703,73.13822174072266,51.88922119140625,65.21900177001953,18.763044357299805,14.267266273498535,10.830368041992188,14.25905990600586
2024-09-23 12:00:00,AL972024,9.0,2024-09-25 18:00:00,2 days 06:00:00,22.47,-86.36,976.2,75.0,59.31207275390625,205.48513793945312,182.1108856201172,130.08538818359375,170.01559448242188,99.75050354003906,89.22213745117188,70.56375122070312,83.9193344116211,42.57846450805664,38.144134521484375,30.845081329345703,36.1041259765625
2024-09-23 12:00:00,AL972024,9.0,2024-09-26 00:00:00,2 days 12:00:00,23.41,-86.17,972.9,74.3,59.84347534179688,158.45619201660156,146.03521728515625,97.36131286621094,121.09811401367188,48.9350700378418,43.28861618041992,27.4481258392334,35.71466445922852,7.446836948394775,4.9949212074279785,3.5029282569885254,5.071504592895508
2024-09-23 12:00:00,AL972024,9.0,2024-09-26 06:00:00,2 days 18:00:00,25.01,-85.78,958.5,93.3,62.57791519165039,251.1856842041016,240.5072326660156,178.26490783691406,199.2184600830078,87.56583404541016,81.78077697753906,61.82974243164063,69.87347412109375,35.335208892822266,32.08723831176758,26.407442092895508,29.868942260742188
2024-09-23 12:00:00,AL972024,9.0,2024-09-26 12:00:00,3 days 00:00:00,26.78,-84.97,939.0,115.2,26.01389503479004,261.04718017578125,256.1514587402344,188.5,209.1377410888672,132.0564422607422,127.4909896850586,101.76000213623048,110.72626495361328,66.89725494384766,61.94847869873047,51.91140365600586,57.70426559448242
2024-09-23 12:00:00,AL972024,9.0,2024-09-26 18:00:00,3 days 06:00:00,29.11,-84.32,938.4,113.5,33.13671875,249.14085388183597,259.8736267089844,190.3499755859375,200.71115112304688,129.32725524902344,126.91714477539062,102.71190643310548,108.6890106201172,65.92572784423828,61.52248764038086,51.45400619506836,56.93496322631836
2024-09-23 12:00:00,AL972024,9.0,2024-09-27 00:00:00,3 days 12:00:00,31.78,-83.6,971.3,66.3,48.130218505859375,238.66549682617188,248.0876007080078,171.71347045898438,179.81546020507812,109.48155212402344,109.53756713867188,86.62537384033203,89.4415283203125,43.28940200805664,41.57538986206055,34.085899353027344,36.88052368164063
2024-09-23 12:00:00,AL972024,9.0,2024-09-27 06:00:00,3 days 18:00:00,34.97,-84.64,982.3,49.7,132.27334594726562,21.1561336517334,32.08323669433594,2.781038284301758,0.0,0.4966775774955749,1.7281839847564695,0.0,0.0,1.2638965845108032,0.7380746603012085,0.0,0.4881878197193146
2024-09-23 12:00:00,AL972024,9.0,2024-09-27 12:00:00,4 days 00:00:00,36.89,-86.6,987.5,38.4,145.6888427734375,4.936476230621338,16.069149017333984,2.7855441570281982,0.0,0.3032084107398987,0.8022703528404236,0.0,0.0,0.2752167284488678,0.0,0.0503941066563129,0.1163706704974174
2024-09-23 12:00:00,AL972024,9.0,2024-09-27 18:00:00,4 days 06:00:00,36.11,-88.28,989.3,37.1,107.2192611694336,8.359073638916016,11.640440940856934,2.547811985015869,3.442805051803589,0.0,0.5990484356880188,0.2310447245836258,0.5884196162223816,0.0,0.0,0.0,0.105428047478199
2024-09-23 12:00:00,AL972024,9.0,2024-09-28 00:00:00,4 days 12:00:00,36.13,-89.49,990.5,31.7,186.5853729248047,1.9340547323226929,0.0,0.0,0.365050345659256,0.0,0.0,0.0,0.228005439043045,0.0,0.1888724863529205,0.1532826274633407,0.0731590762734413
2024-09-23 12:00:00,AL972024,9.0,2024-09-28 06:00:00,4 days 18:00:00,36.54,-88.82,992.8,31.1,161.0057830810547,0.0,0.0,0.0,0.0,0.0,0.0,0.7244388461112976,0.0174090433865785,0.0,0.32305508852005,0.2652849555015564,0.0238304603844881
2024-09-23 12:00:00,AL972024,9.0,2024-09-28 12:00:00,5 days 00:00:00,37.57,-88.27,1002.9,19.1,116.56804656982422,0.0,0.0,0.0,0.0,0.0,0.0,0.0,0.0,0.0,0.0,0.0,0.0
2024-09-23 12:00:00,AL972024,9.0,2024-09-28 18:00:00,5 days 06:00:00,38.73,-86.97,998.5,27.4,151.0433807373047,0.0,0.1850514411926269,3.0032429695129395,0.0,0.0,0.0773278400301933,0.9130284190177916,0.0,0.0,0.0026010638102889,0.0292743705213069,0.0
2024-09-23 12:00:00,AL972024,9.0,2024-09-29 00:00:00,5 days 12:00:00,38.91,-86.83,1000.0,21.3,196.240966796875,0.0,0.0,0.0,0.0,0.6529482007026672,0.2221011519432068,0.3571330606937408,0.0,0.3112570643424988,0.0,0.0,0.082723468542099
2024-09-23 12:00:00,AL972024,9.0,2024-09-29 06:00:00,5 days 18:00:00,38.85,-87.21,1002.5,20.0,86.43508911132812,0.0,0.0,1.7832833528518677,0.6036690473556519,0.0770633220672607,0.1546714454889297,0.0,0.0,0.0,0.0,0.0,0.0
2024-09-23 12:00:00,EP102024,9.0,2024-09-23 12:00:00,0 days 00:00:00,14.6,-98.4,992.0,60.0,37.03998651744491,74.07997303488982,55.55997977616736,55.55997977616736,55.55997977616736,37.03998651744491,0.0,0.0,0.0,,,,
2024-09-23 12:00:00,EP102024,9.0,2024-09-23 18:00:00,0 days 06:00:00,15.19,-98.61,986.6,63.4,34.807823181152344,72.98213195800781,65.49156188964844,50.226806640625,56.75804901123047,30.006303787231445,24.651765823364254,17.608652114868164,23.96593475341797,6.887713432312012,5.029549598693848,3.362487554550171,5.5677876472473145
2024-09-23 12:00:00,EP102024,9.0,2024-09-24 00:00:00,0 days 12:00:00,15.23,-98.57,982.7,69.6,28.741586685180664,89.64102935791016,89.71632385253906,79.79805755615234,76.20127868652344,29.004898071289062,26.00936889648437,21.73003196716309,25.23239517211914,12.750423431396484,11.810343742370604,9.774565696716309,11.507407188415527
2024-09-23 12:00:00,EP102024,9.0,2024-09-24 06:00:00,0 days 18:00:00,15.54,-98.43,993.6,46.9,51.534698486328125,54.547760009765625,50.08852005004883,35.36093521118164,37.86369705200195,8.518085479736328,8.293563842773438,5.77020263671875,6.34813117980957,0.0,0.0,0.0,0.0
2024-09-23 12:00:00,EP102024,9.0,2024-09-24 12:00:00,1 days 00:00:00,15.99,-98.25,996.0,46.1,42.06083297729492,86.46440887451172,79.4850082397461,63.23281097412109,69.30863189697266,11.407488822937012,10.469013214111328,8.215167999267578,8.900382041931152,0.0,0.3993921279907226,0.4959008395671844,0.1260484009981155
2024-09-23 12:00:00,EP102024,9.0,2024-09-24 18:00:00,1 days 06:00:00,16.55,-98.74,990.8,55.7,23.84745407104492,64.70083618164062,57.93830871582031,44.26792526245117,49.86057662963867,22.08290672302246,18.56433486938477,13.283878326416016,18.57781982421875,3.4051992893218994,2.657261371612549,1.7693462371826172,3.100677490234375
2024-09-23 12:00:00,EP102024,9.0,2024-09-25 00:00:00,1 days 12:00:00,17.13,-99.43,1002.2,32.5,67.24593353271484,32.3300666809082,29.346826553344727,25.91388320922852,25.828113555908203,0.0,0.0,0.0,0.0,0.0,0.2709594964981079,0.3356583416461944,0.1306997537612915
2024-09-23 12:00:00,EP102024,9.0,2024-09-25 06:00:00,1 days 18:00:00,15.74,-100.24,999.8,36.1,49.63837432861328,0.0,1.3684897422790527,1.4379127025604248,0.0,0.0,0.2045207619667053,0.30266934633255,0.0,0.014897801913321,0.1343725323677063,0.0019539401400834,0.0
2024-09-23 12:00:00,AL972024,10.0,2024-09-23 12:00:00,0 days 00:00:00,17.2,-81.7,1004.0,30.0,185.1999325872245,,,,,,,,,,,,
2024-09-23 12:00:00,AL972024,10.0,2024-09-23 18:00:00,0 days 06:00:00,17.22,-81.72,1005.3,27.2,67.15603637695312,1.1473820209503174,1.5446311235427856,0.0,0.0,0.0,0.0436162389814853,0.0198263581842184,0.054110687226057,0.0,0.0,0.0054924190044403,0.0
2024-09-23 12:00:00,AL972024,10.0,2024-09-24 00:00:00,0 days 12:00:00,17.24,-82.32,1003.8,29.4,122.48721313476562,3.458462238311768,2.703195571899414,0.0,0.6035047769546509,0.0,0.0,0.0,0.0600023418664932,0.0,0.0,0.0064660524949431,0.0412409454584121
2024-09-23 12:00:00,AL972024,10.0,2024-09-24 06:00:00,0 days 18:00:00,17.84,-83.26,1003.4,31.8,87.57162475585938,8.043094635009766,3.6738574504852295,0.0,2.340395212173462,0.0,0.0069045014679431,0.1815095692873001,0.0346790552139282,0.0,0.0,0.0,0.0752298831939697
2024-09-23 12:00:00,AL972024,10.0,2024-09-24 12:00:00,1 days 00:00:00,18.42,-83.33,999.6,41.3,124.8557586669922,102.71964263916016,94.67330169677734,70.8641586303711,83.29086303710938,0.0,0.0,0.0,0.0,0.1248524785041809,0.0713325291872024,0.021581694483757,0.0380408652126789
2024-09-23 12:00:00,AL972024,10.0,2024-09-24 18:00:00,1 days 06:00:00,18.63,-83.88,999.9,40.3,88.99447631835938,164.54098510742188,143.95431518554688,106.44969177246094,133.4131622314453,0.8895124793052673,0.0418030656874179,0.0,0.39783376455307,0.0,0.0757867768406868,0.1135237514972686,0.110748641192913
2024-09-23 12:00:00,AL972024,10.0,2024-09-25 00:00:00,1 days 12:00:00,19.22,-84.5,995.7,45.2,99.93993377685548,25.49880599975586,17.929033279418945,6.656326770782471,14.139705657958984,0.1602252870798111,0.0411771386861801,0.0,0.0,0.2052781283855438,0.063788779079914,0.0,0.070742979645729
2024-09-23 12:00:00,AL972024,10.0,2024-09-25 06:00:00,1 days 18:00:00,19.77,-85.25,991.0,51.9,53.29901123046875,116.88317108154295,94.89546966552734,54.61785888671875,84.60189819335938,27.33042907714844,23.50024032592773,16.27130889892578,19.740392684936523,0.0,0.0,0.0,0.0
2024-09-23 12:00:00,AL972024,10.0,2024-09-25 12:00:00,2 days 00:00:00,20.89,-85.75,981.9,67.0,36.96974563598633,230.52047729492188,203.13168334960935,145.74131774902344,186.99429321289065,109.49055480957033,98.88825225830078,76.02678680419922,91.35723114013672,39.36051177978516,34.47564697265625,27.67072105407715,32.599979400634766
2024-09-23 12:00:00,AL972024,10.0,2024-09-25 18:00:00,2 days 06:00:00,21.44,-86.4,978.5,71.0,37.85583114624024,224.34994506835935,205.379150390625,160.6761932373047,186.47203063964844,108.9834442138672,99.48886108398438,75.29158782958984,90.91818237304688,33.10260772705078,27.82785415649414,22.48724174499512,27.002368927001957
2024-09-23 12:00:00,AL972024,10.0,2024-09-26 00:00:00,2 days 12:00:00,22.31,-86.07,966.5,83.5,35.66849899291992,206.96534729003903,195.4902801513672,148.55567932128906,166.64894104003906,94.09535217285156,86.76052856445312,69.42131805419922,79.63199615478516,44.17875671386719,40.75439834594727,33.51961135864258,37.88834381103516
2024-09-23 12:00:00,AL972024,10.0,2024-09-26 06:00:00,2 days 18:00:00,23.56,-86.18,966.4,84.9,59.51919937133789,217.8026885986328,205.2760009765625,150.42518615722656,178.5030975341797,98.88348388671876,90.3002700805664,71.38522338867188,83.04834747314453,47.140892028808594,42.69998550415039,35.300960540771484,40.18721008300781
2024-09-23 12:00:00,AL972024,10.0,2024-09-26 12:00:00,3 days 00:00:00,24.99,-85.95,965.6,82.7,39.01740646362305,217.0707550048828,205.7616729736328,147.7363739013672,170.62664794921875,101.46289825439452,94.3419952392578,71.3226089477539,82.26557159423828,38.124794006347656,33.57087707519531,27.18868064880371,31.39076042175293
2024-09-23 12:00:00,AL972024,10.0,2024-09-26 18:00:00,3 days 06:00:00,26.92,-85.49,954.5,100.1,56.81369018554688,246.8373107910156,236.840576171875,166.16700744628906,193.52053833007807,114.9361572265625,108.4870834350586,84.80867004394531,93.4644546508789,49.31874084472656,45.17174911499024,37.12289810180664,41.93815994262695
2024-09-23 12:00:00,AL972024,10.0,2024-09-27 00:00:00,3 days 12:00:00,29.09,-84.89,948.8,101.2,62.00309371948242,240.8015594482422,244.0370330810547,174.62408447265625,190.89161682128903,121.6554183959961,118.84546661376952,94.14312744140624,100.80712127685548,61.143699645996094,57.02671813964844,47.49860763549805,52.51079177856445
2024-09-23 12:00:00,AL972024,10.0,2024-09-27 06:00:00,3 days 18:00:00,31.55,-84.53,964.0,77.1,58.56438446044922,229.61965942382807,236.13873291015625,164.73204040527344,176.0635528564453,98.71168518066406,96.89690399169922,75.90126037597656,81.6740951538086,42.09367370605469,39.75108337402344,32.497291564941406,36.19193649291992
2024-09-23 12:00:00,AL972024,10.0,2024-09-27 12:00:00,4 days 00:00:00,34.12,-84.61,976.0,58.9,107.7544174194336,315.4242553710937,309.10906982421875,223.7794647216797,239.9345245361328,122.66448974609376,118.4424285888672,84.90068054199219,96.05604553222656,14.07448959350586,9.789381980895996,6.551213264465332,9.142146110534668
2024-09-23 12:00:00,AL972024,10.0,2024-09-27 18:00:00,4 days 06:00:00,35.65,-85.71,984.4,40.1,172.15895080566406,120.62960815429688,129.77645874023438,93.39246368408205,89.34847259521484,1.2625383138656616,1.0372072458267212,0.0,0.0,0.5059525966644287,0.185228630900383,0.0,0.3960022032260895
2024-09-23 12:00:00,AL972024,10.0,2024-09-28 00:00:00,4 days 12:00:00,37.43,-87.1,990.0,35.6,130.7796173095703,39.44414138793945,41.37977981567383,17.86911964416504,21.28302574157715,0.8115476369857788,0.6568216681480408,0.0,0.0940857157111167,0.0,0.0745329335331916,0.0001030285857268,0.0266379099339246
2024-09-23 12:00:00,EP102024,10.0,2024-09-23 12:00:00,0 days 00:00:00,14.6,-98.4,992.0,60.0,37.03998651744491,74.07997303488982,55.55997977616736,55.55997977616736,55.55997977616736,37.03998651744491,0.0,0.0,0.0,,,,
2024-09-23 12:00:00,EP102024,10.0,2024-09-23 18:00:00,0 days 06:00:00,15.22,-98.57,979.8,73.5,16.3944091796875,97.15238189697266,85.1798095703125,67.35775756835938,79.61878967285156,45.56171798706055,38.56192779541016,29.44923591613769,39.20273208618164,17.574172973632812,14.79231071472168,11.87908172607422,15.350020408630373
2024-09-23 12:00:00,EP102024,10.0,2024-09-24 00:00:00,0 days 12:00:00,15.92,-98.68,981.0,72.8,34.79313278198242,91.57635498046876,87.3255615234375,66.80450439453125,76.40277862548828,38.30463409423828,34.21517562866211,27.216197967529297,31.899080276489254,16.82810401916504,14.92363452911377,12.319276809692385,14.575727462768556
2024-09-23 12:00:00,EP102024,10.0,2024-09-24 06:00:00,0 days 18:00:00,16.68,-99.52,968.9,86.1,36.17120742797852,135.73849487304688,124.84144592285156,98.05528259277344,109.66349792480467,58.96691131591797,53.70528793334961,44.37580108642578,50.609806060791016,23.9356632232666,21.390499114990234,18.220947265625,21.205446243286133
2024-09-23 12:00:00,EP102024,10.0,2024-09-24 12:00:00,1 days 00:00:00,16.87,-99.63,980.6,70.6,31.397798538208008,71.08027648925781,67.25550079345703,55.04775238037109,61.27071762084961,33.5641975402832,31.6644344329834,27.87902069091797,28.94286155700684,16.190021514892578,15.205971717834473,13.200979232788086,14.493897438049316
2024-09-23 12:00:00,EP102024,10.0,2024-09-24 18:00:00,1 days 06:00:00,17.45,-100.17,1002.0,32.1,61.72801971435547,19.32535171508789,14.243677139282228,9.247379302978516,13.485152244567873,0.0,0.0,0.7294594645500183,0.3938937187194824,0.0,0.4288398921489715,0.6899840235710144,0.3064020276069641
2024-09-23 12:00:00,EP102024,10.0,2024-09-25 00:00:00,1 days 12:00:00,16.67,-101.03,999.4,32.1,88.86531829833984,15.964394569396973,19.77107810974121,13.03138256072998,13.293686866760254,0.0,0.0819276273250579,0.1543508023023605,0.0,0.0449960753321647,0.2996173202991485,0.4622592031955719,0.1273664236068725
2024-09-23 12:00:00,EP102024,10.0,2024-09-25 06:00:00,1 days 18:00:00,16.26,-100.76,996.3,44.4,64.25543975830078,141.08644104003906,121.29383850097656,86.39519500732422,113.04476165771484,19.14892196655273,17.203516006469727,13.36212158203125,14.566448211669922,0.0,0.2236724346876144,0.2872481346130371,0.0
2024-09-23 12:00:00,EP102024,10.0,2024-09-25 12:00:00,2 days 00:00:00,16.26,-100.78,994.5,47.7,52.35078811645508,145.7357940673828,132.37818908691406,94.15290832519533,115.62481689453124,31.83116912841797,28.99650382995605,21.625293731689453,23.749176025390625,0.5782783627510071,0.9037771821022034,0.4860973656177521,0.4119476079940796
2024-09-23 12:00:00,EP102024,10.0,2024-09-25 18:00:00,2 days 06:00:00,16.35,-100.89,992.6,53.4,38.08588409423828,153.4928436279297,139.39048767089844,106.36300659179688,124.27875518798828,57.45138931274414,51.35363006591797,38.42686080932617,44.99555206298828,1.5693961381912231,0.8285503387451172,0.0,0.9821322560310364
2024-09-23 12:00:00,EP102024,10.0,2024-09-26 00:00:00,2 days 12:00:00,16.51,-101.18,989.0,54.1,62.109031677246094,193.24172973632807,184.4148712158203,155.53192138671875,166.1797332763672,29.997039794921875,25.343976974487305,18.112829208374023,22.784040451049805,0.7436699271202087,0.2404369562864303,0.0,0.4643466174602508
2024-09-23 12:00:00,EP102024,10.0,2024-09-26 06:00:00,2 days 18:00:00,16.86,-101.38,993.3,49.0,78.91020965576172,53.86137771606445,50.62929534912109,33.764163970947266,41.18090438842773,11.865766525268556,11.42162036895752,7.647022247314453,8.887344360351562,0.6048563718795776,0.5484175086021423,0.5551357865333557,0.46296426653862
2024-09-23 12:00:00,EP102024,10.0,2024-09-26 12:00:00,3 days 00:00:00,17.59,-101.67,983.3,65.4,36.59054183959961,85.34797668457031,81.64861297607422,64.69071197509766,69.86148834228516,38.81153869628906,36.51191329956055,30.74396324157715,33.6258544921875,18.93312644958496,17.739362716674805,15.174501419067385,16.633121490478516
2024-09-23 12:00:00,EP102024,10.0,2024-09-26 18:00:00,3 days 06:00:00,17.96,-101.7,994.5,49.6,63.42850112915039,97.6238021850586,86.29935455322266,60.87253189086914,76.74027252197266,30.07355308532715,26.179168701171875,18.959487915039062,24.1591739654541,2.434091567993164,1.779238224029541,1.0873576402664185,2.066457748413086
2024-09-23 12:00:00,EP102024,10.0,2024-09-27 00:00:00,3 days 12:00:00,18.26,-101.17,1001.0,34.4,91.09937286376952,35.91421890258789,37.23871994018555,34.268882751464844,30.860578536987305,0.0,0.0,0.0,0.0,0.0,0.3538241386413574,0.6241134405136108,0.0594084113836288
2024-09-23 12:00:00,AL972024,11.0,2024-09-23 12:00:00,0 days 00:00:00,17.2,-81.7,1004.0,30.0,185.1999325872245,,,,,,,,,,,,
2024-09-23 12:00:00,AL972024,11.0,2024-09-23 18:00:00,0 days 06:00:00,17.47,-81.6,1004.5,27.9,58.20562362670898,1.393397331237793,1.32425057888031,0.0,0.0,0.0,0.0,0.0173259880393743,0.0,0.0309814680367708,0.0950768068432807,0.0622474923729896,0.0
2024-09-23 12:00:00,AL972024,11.0,2024-09-24 00:00:00,0 days 12:00:00,17.96,-82.52,1004.6,26.7,133.18429565429688,2.669655561447144,1.1396353244781494,0.0,0.0,0.0,0.0,0.0,0.0,0.0399219766259193,0.0,0.0,0.0580528751015663
2024-09-23 12:00:00,AL972024,11.0,2024-09-24 06:00:00,0 days 18:00:00,18.1,-81.9,998.4,40.1,54.77092742919922,15.359957695007324,9.220935821533203,2.081404685974121,8.235689163208008,0.5967456102371216,0.5517029166221619,0.0,0.0617740675806999,0.0503461398184299,0.0,0.0,0.0437881126999855
2024-09-23 12:00:00,AL972024,11.0,2024-09-24 12:00:00,1 days 00:00:00,18.87,-82.94,1001.3,34.1,114.92282104492188,11.188754081726074,4.435455799102783,0.0,3.0006139278411865,0.3085141181945801,0.078874371945858,0.0,0.0,0.0768650993704795,0.0,0.0,0.0
2024-09-23 12:00:00,AL972024,11.0,2024-09-24 18:00:00,1 days 06:00:00,19.48,-84.3,996.4,45.6,70.12324523925781,68.18643951416016,55.32381439208984,30.29525184631348,46.87815475463867,0.567870557308197,0.0,0.0,0.0294085890054702,0.0677230209112167,0.0402614995837211,0.0,0.05622274056077
2024-09-23 12:00:00,AL972024,11.0,2024-09-25 00:00:00,1 days 12:00:00,19.68,-84.65,996.1,47.9,73.8634262084961,104.12773895263672,82.25189971923828,43.50177383422852,77.04006958007812,6.684087753295898,4.184919357299805,1.4318790435791016,3.7024667263031006,0.0057382341474294,0.0,0.0,0.00732630956918
2024-09-23 12:00:00,AL972024,11.0,2024-09-25 06:00:00,1 days 18:00:00,20.67,-85.37,990.8,54.5,49.77824020385742,150.07369995117188,121.36612701416016,77.40538024902344,113.6724853515625,48.435279846191406,40.709381103515625,27.206300735473636,36.29594421386719,2.49117374420166,0.8493061065673828,0.0,1.3327633142471311
2024-09-23 12:00:00,AL972024,11.0,2024-09-25 12:00:00,2 days 00:00:00,21.64,-85.81,984.5,64.4,72.05227661132812,178.51902770996094,157.0277557373047,107.5654525756836,145.9468536376953,82.44812774658203,72.51012420654297,54.1082649230957,67.53610229492188,29.497774124145508,24.995079040527344,19.74489021301269,24.090057373046875
2024-09-23 12:00:00,AL972024,11.0,2024-09-25 18:00:00,2 days 06:00:00,22.39,-85.58,973.1,76.4,24.49361991882324,217.89756774902344,189.13047790527344,143.85980224609375,180.6145782470703,107.64757537841795,96.04086303710938,73.29908752441406,90.8985824584961,42.52481460571289,36.364864349365234,29.45070457458496,35.28779983520508
2024-09-23 12:00:00,AL972024,11.0,2024-09-26 00:00:00,2 days 12:00:00,23.59,-85.6,975.6,74.4,30.698165893554688,153.75927734375,145.1108856201172,102.36910247802734,116.7846221923828,66.54907989501953,59.34689331054688,43.86050415039063,53.84952163696289,28.20196914672852,25.188810348510746,19.56550025939941,23.46814727783203
2024-09-23 12:00:00,AL972024,11.0,2024-09-26 06:00:00,2 days 18:00:00,24.48,-85.57,970.1,78.8,64.1580581665039,238.6499481201172,230.7706298828125,173.76602172851562,198.43804931640625,109.21375274658205,101.8051300048828,82.45293426513672,92.80786895751952,51.77210998535156,48.3316535949707,39.91183853149414,44.46474838256836
2024-09-23 12:00:00,AL972024,11.0,2024-09-26 12:00:00,3 days 00:00:00,26.35,-84.82,957.6,94.2,29.76559257507324,206.4334259033203,198.6690216064453,139.40512084960938,157.18968200683594,96.15290832519533,90.65528869628906,69.18938446044922,78.30752563476562,40.97016525268555,37.193660736083984,30.362775802612305,34.65143966674805
2024-09-23 12:00:00,AL972024,11.0,2024-09-26 18:00:00,3 days 06:00:00,28.24,-84.07,935.6,117.4,44.54676818847656,224.53009033203125,235.6917724609375,171.38844299316406,176.1260223388672,107.75926971435548,107.36180877685548,86.1535873413086,88.31829071044922,50.26123809814453,47.71048355102539,40.191436767578125,43.901668548583984
2024-09-23 12:00:00,AL972024,11.0,2024-09-27 00:00:00,3 days 12:00:00,30.73,-82.96,963.8,81.5,44.18873596191406,247.38665771484372,257.7812805175781,182.1428680419922,191.8111267089844,119.10631561279295,119.37752532958984,97.08919525146484,101.94573211669922,56.94013595581055,54.85671615600586,45.97640228271485,49.574832916259766
2024-09-23 12:00:00,AL972024,11.0,2024-09-27 06:00:00,3 days 18:00:00,33.44,-83.09,979.8,51.5,66.14913177490234,142.64218139648438,158.3227081298828,104.01624298095705,103.74725341796876,3.446596145629883,4.9217848777771,0.9323557615280152,0.4013067185878753,0.9051374197006226,0.5730612277984619,0.0,0.479868620634079
2024-09-23 12:00:00,AL972024,11.0,2024-09-27 12:00:00,4 days 00:00:00,35.0,-82.67,986.6,41.0,94.52023315429688,127.6565933227539,142.9759521484375,107.99727630615234,99.79840850830078,0.0,0.6903471350669861,0.0,0.0,0.6737694144248962,0.0386670343577861,0.0,0.1502150446176529
2024-09-23 12:00:00,AL972024,11.0,2024-09-27 18:00:00,4 days 06:00:00,36.81,-82.58,995.4,29.9,77.30774688720703,10.071334838867188,11.422739028930664,2.2722229957580566,0.0,0.7116550207138062,0.222622737288475,0.0,0.0,0.2934671938419342,0.1604766398668289,0.0504843369126319,0.2287502586841583
2024-09-23 12:00:00,AL972024,11.0,2024-09-28 00:00:00,4 days 12:00:00,36.73,-82.12,999.7,26.6,101.06958770751952,0.5962942242622375,0.6197035312652588,0.0,0.0,0.2147301733493805,0.0100835692137479,0.5963369607925415,0.0,0.0,0.1046346947550773,0.0,0.0
2024-09-23 12:00:00,AL972024,11.0,2024-09-28 06:00:00,4 days 18:00:00,37.98,-82.48,1003.2,21.6,93.13753509521484,0.0333670973777771,0.0,0.0,0.0,0.0,0.0,0.0,0.0,0.0237412210553884,0.1220557317137718,0.0781351774930954,0.0344087816774845
2024-09-23 12:00:00,EP102024,11.0,2024-09-23 12:00:00,0 days 00:00:00,14.6,-98.4,992.0,60.0,37.03998651744491,74.07997303488982,55.55997977616736,55.55997977616736,55.55997977616736,37.03998651744491,0.0,0.0,0.0,,,,
2024-09-23 12:00:00,EP102024,11.0,2024-09-23 18:00:00,0 days 06:00:00,15.01,-98.8,978.6,74.2,18.053611755371094,71.20664978027344,63.6209831237793,56.948917388916016,60.39448547363281,32.59583282470703,27.410076141357425,20.46395492553711,27.08262062072754,9.531846046447754,7.431976795196533,5.760707378387451,8.139738082885742
2024-09-23 12:00:00,EP102024,11.0,2024-09-24 00:00:00,0 days 12:00:00,15.64,-98.59,972.6,83.0,45.57735061645508,150.019775390625,144.7108154296875,123.09163665771484,131.56661987304688,54.92677688598633,48.95701599121094,40.74090194702149,48.35135269165039,30.370582580566406,27.528881072998047,23.20863342285156,26.69001007080078
2024-09-23 12:00:00,EP102024,11.0,2024-09-24 06:00:00,0 days 18:00:00,16.01,-99.37,984.7,63.4,37.91782379150391,82.90728759765625,79.71292877197266,67.55816650390625,66.2443618774414,29.851625442504883,27.518341064453125,22.44645500183105,25.751220703125,11.334773063659668,10.626144409179688,8.915114402770996,10.146336555480955
2024-09-23 12:00:00,EP102024,11.0,2024-09-24 12:00:00,1 days 00:00:00,16.43,-99.05,983.2,66.8,40.31205368041992,87.26195526123047,83.04898834228516,60.52071380615234,69.83182525634766,32.88685989379883,29.68865203857422,22.366226196289062,26.14838409423828,8.445953369140625,7.159351348876953,5.796351909637451,6.98282527923584
2024-09-23 12:00:00,EP102024,11.0,2024-09-24 18:00:00,1 days 06:00:00,16.93,-99.86,993.5,48.8,40.21926498413086,64.96671295166016,55.62615203857422,37.662086486816406,48.842098236083984,8.40709400177002,6.579476833343506,4.446664333343506,6.763875484466553,0.629119873046875,0.4848808944225311,0.2793976366519928,0.6309211850166321
2024-09-23 12:00:00,EP102024,11.0,2024-09-25 00:00:00,1 days 12:00:00,16.88,-100.37,993.5,49.3,44.51393508911133,62.24288558959961,61.07381057739258,49.32818603515625,50.78074264526367,16.41340446472168,13.80917263031006,9.795839309692385,12.95435619354248,1.5294349193572998,1.0174345970153809,0.6251276731491089,1.2857048511505127
2024-09-23 12:00:00,EP102024,11.0,2024-09-25 06:00:00,1 days 18:00:00,16.12,-101.01,997.8,42.9,51.72435760498047,53.82394027709961,41.99210357666016,24.601829528808597,38.95050048828125,7.5238037109375,6.464958667755127,4.703743934631348,5.23629903793335,0.0971315056085586,0.2552388310432434,0.4603759348392486,0.1383329927921295
2024-09-23 12:00:00,EP102024,11.0,2024-09-25 12:00:00,2 days 00:00:00,16.08,-100.75,997.6,44.6,101.50433349609376,57.74440002441406,53.075714111328125,34.935630798339844,45.18579864501953,7.151142120361328,6.548339366912842,4.582390785217285,4.64792013168335,0.8460512757301331,0.6782708764076233,0.5914633870124817,0.5557569861412048
2024-09-23 12:00:00,EP102024,11.0,2024-09-25 18:00:00,2 days 06:00:00,15.98,-101.43,994.3,48.7,40.2993049621582,107.32142639160156,103.90608215332033,90.48643493652344,91.05670928955078,15.05832290649414,13.744834899902344,10.504227638244627,11.803094863891602,0.0,0.0,0.0,0.0
2024-09-23 12:00:00,EP102024,11.0,2024-09-26 00:00:00,2 days 12:00:00,16.2,-100.68,988.0,61.9,37.11326599121094,157.7482452392578,148.2860565185547,121.19245910644533,136.8968963623047,76.65271759033203,70.38302612304688,59.438133239746094,67.55341339111328,33.661495208740234,31.90777969360352,26.146942138671875,29.70627212524414
2024-09-23 12:00:00,EP102024,11.0,2024-09-26 06:00:00,2 days 18:00:00,16.53,-100.76,989.6,56.2,62.21261978149414,129.0781707763672,118.6450424194336,96.49183654785156,107.64421844482422,52.16687774658203,47.90551376342773,37.77800750732422,43.43497085571289,11.996825218200684,10.717018127441406,8.742900848388672,10.306013107299805
2024-09-23 12:00:00,EP102024,11.0,2024-09-26 12:00:00,3 days 00:00:00,17.03,-101.03,987.6,59.3,48.09903717041016,128.70867919921875,115.6622543334961,86.87571716308594,102.72504425048828,45.350868225097656,40.33673858642578,30.2556266784668,36.446556091308594,7.144455909729004,5.742068290710449,4.511990547180176,5.850231170654297
2024-09-23 12:00:00,EP102024,11.0,2024-09-26 18:00:00,3 days 06:00:00,17.96,-100.98,993.9,51.1,68.94794464111328,60.77333068847656,54.45512771606445,32.47330474853516,44.20350646972656,6.830361366271973,5.976608276367188,3.5132265090942383,5.180905342102051,1.220717191696167,1.1022684574127195,0.9164460301399232,1.261427402496338
2024-09-23 12:00:00,EP102024,11.0,2024-09-27 00:00:00,3 days 12:00:00,17.74,-101.47,999.8,38.3,61.61508560180664,60.0982551574707,56.620338439941406,48.92272186279297,49.567501068115234,0.0,0.0,0.0,0.0,0.0710673183202743,0.2456556558609008,0.6101817488670349,0.0987321659922599
2024-09-23 12:00:00,EP102024,11.0,2024-09-27 06:00:00,3 days 18:00:00,17.84,-101.38,1002.7,30.0,60.8071403503418,1.3536065816879272,4.529809474945068,5.003563404083252,0.0,0.0,0.0,0.4355030059814453,0.0,0.0,0.4187348783016205,0.8153974413871765,0.0567071363329887
2024-09-23 12:00:00,AL972024,12.0,2024-09-23 12:00:00,0 days 00:00:00,17.2,-81.7,1004.0,30.0,185.1999325872245,,,,,,,,,,,,
2024-09-23 12:00:00,AL972024,12.0,2024-09-23 18:00:00,0 days 06:00:00,17.06,-82.4,1005.8,23.6,174.54339599609375,0.0,1.3543102741241455,0.0796742513775825,0.0,0.0,0.0,0.1744120419025421,0.0,0.0970525592565536,0.0829694122076034,0.1156956329941749,0.0
2024-09-23 12:00:00,AL972024,12.0,2024-09-24 00:00:00,0 days 12:00:00,18.01,-81.92,1003.5,28.2,103.76663970947266,16.10657501220703,13.96739387512207,10.20778751373291,12.79583740234375,0.0,0.0,0.0,0.2736271321773529,0.0353222116827964,0.0,0.0104147847741842,0.097978338599205
2024-09-23 12:00:00,AL972024,12.0,2024-09-24 06:00:00,0 days 18:00:00,18.28,-82.46,1001.3,35.6,125.58830261230467,47.27138900756836,36.57610702514648,22.949953079223636,33.21834945678711,0.2492326349020004,0.1597149521112442,0.0,0.023330233991146,0.035494290292263,0.0,0.0,0.0775077864527702
2024-09-23 12:00:00,AL972024,12.0,2024-09-24 12:00:00,1 days 00:00:00,18.68,-83.39,999.0,43.6,61.08526992797852,142.42996215820312,115.15424346923828,74.3325424194336,107.37078857421876,38.71471786499024,34.358158111572266,25.6297664642334,29.17286872863769,0.0,0.0,0.0,0.0
2024-09-23 12:00:00,AL972024,12.0,2024-09-24 18:00:00,1 days 06:00:00,18.89,-84.17,1002.4,40.8,122.55086517333984,115.09146118164062,84.70513153076172,39.66608810424805,85.25569915771484,18.81673240661621,15.598480224609377,11.15874481201172,13.034266471862791,0.0,0.0135824754834175,0.0792467221617698,0.0
2024-09-23 12:00:00,AL972024,12.0,2024-09-25 00:00:00,1 days 12:00:00,19.65,-84.38,992.5,52.6,71.90595245361328,157.1616668701172,139.12310791015625,92.90528869628906,120.0894012451172,21.70351219177246,18.94610595703125,12.895203590393066,14.742480278015137,0.0,0.0,0.0,0.0
2024-09-23 12:00:00,AL972024,12.0,2024-09-25 06:00:00,1 days 18:00:00,20.4,-85.38,991.6,54.3,87.4636001586914,165.32879638671875,141.15408325195312,100.27777099609376,136.03245544433594,64.84696960449219,55.80586242675781,38.51839447021485,50.934532165527344,9.723013877868652,5.978138446807861,4.06813383102417,6.684409141540527
2024-09-23 12:00:00,AL972024,12.0,2024-09-25 12:00:00,2 days 00:00:00,21.48,-85.7,982.3,64.9,72.19344329833984,182.7719268798828,160.49520874023438,105.72225189208984,141.9268035888672,67.8648452758789,58.557167053222656,39.13086700439453,51.88551712036133,8.103208541870117,4.661139488220215,2.6954503059387207,5.230464458465576
2024-09-23 12:00:00,AL972024,12.0,2024-09-25 18:00:00,2 days 06:00:00,22.11,-86.06,970.0,80.8,47.77444839477539,225.10302734375,202.48822021484372,153.69235229492188,190.27264404296875,115.79674530029295,104.40861511230467,86.4676284790039,101.21400451660156,56.21817779541016,51.81611633300781,42.80887985229492,49.11994552612305
2024-09-23 12:00:00,AL972024,12.0,2024-09-26 00:00:00,2 days 12:00:00,22.96,-86.08,963.6,85.5,65.04045104980469,223.3038024902344,217.06170654296875,168.7682647705078,178.80223083496094,78.62332153320312,73.83705139160156,54.19203186035156,61.68599319458008,21.34808349609375,18.41683006286621,15.08521842956543,17.146814346313477
2024-09-23 12:00:00,AL972024,12.0,2024-09-26 06:00:00,2 days 18:00:00,24.67,-85.57,952.8,101.5,38.71739959716797,221.25601196289065,209.61279296875,149.46714782714844,172.32318115234375,101.86930084228516,94.44700622558594,74.14527130126953,84.7034683227539,46.58925247192383,42.31829071044922,35.05691909790039,39.978126525878906
2024-09-23 12:00:00,AL972024,12.0,2024-09-26 12:00:00,3 days 00:00:00,26.6,-85.22,937.2,118.4,38.24382019042969,255.30926513671875,248.5566253662109,171.4271697998047,200.95773315429688,122.16312408447266,117.51984405517578,92.57061004638672,101.21907043457033,62.18827819824219,57.6595344543457,48.0321044921875,53.6489143371582
2024-09-23 12:00:00,AL972024,12.0,2024-09-26 18:00:00,3 days 06:00:00,29.14,-84.94,946.9,104.5,29.26872444152832,291.1770324707031,283.6855773925781,208.1458282470703,238.9293670654297,155.6613311767578,149.32833862304688,121.20983123779295,133.29312133789062,80.82461547851562,75.13970947265625,62.387325286865234,69.55004119873047
2024-09-23 12:00:00,AL972024,12.0,2024-09-27 00:00:00,3 days 12:00:00,28.97,-84.64,966.8,65.6,55.97583770751953,262.897705078125,268.194091796875,188.83323669433597,200.11192321777344,109.4896240234375,108.52262878417967,84.52975463867188,87.9566879272461,35.43621826171875,33.518707275390625,27.127273559570312,29.743541717529297
2024-09-23 12:00:00,AL972024,12.0,2024-09-27 06:00:00,3 days 18:00:00,33.79,-86.14,980.6,48.5,139.23916625976562,36.09053039550781,49.04730224609375,18.96696662902832,11.882583618164062,0.5544840693473816,2.07049298286438,0.0,0.0,1.2289185523986816,0.4296643137931824,0.0,0.5237820148468018
2024-09-23 12:00:00,AL972024,12.0,2024-09-27 12:00:00,4 days 00:00:00,36.18,-87.15,990.6,32.5,78.30253601074219,12.439571380615234,20.617774963378903,5.849644184112549,0.0,0.4615673124790191,1.2390553951263428,0.0995288118720054,0.0366602353751659,0.1188825517892837,0.0226002782583236,0.0072020404040813,0.1248358711600303
2024-09-23 12:00:00,AL972024,12.0,2024-09-27 18:00:00,4 days 06:00:00,37.41,-88.4,995.9,32.1,127.4998016357422,13.696864128112791,8.754037857055664,2.941415786743164,3.294654130935669,0.0707073509693145,0.0,0.0,0.4761702418327331,0.0310085415840148,0.1114899441599845,0.0774872228503227,0.2215490192174911
2024-09-23 12:00:00,AL972024,12.0,2024-09-28 00:00:00,4 days 12:00:00,38.27,-89.19,998.1,27.6,76.04711151123047,0.6707311272621155,2.3473060131073,0.0,0.0,0.0,0.0,0.0,0.0,0.0,0.215986430644989,0.1133938655257225,0.0336409695446491
2024-09-23 12:00:00,AL972024,12.0,2024-09-28 06:00:00,4 days 18:00:00,37.83,-92.11,999.8,25.3,220.7982635498047,0.0,0.0,0.0,0.0,0.0,0.0,0.0,0.2537140548229217,0.1841930598020553,0.1723498702049255,0.3098036646842956,0.5176076292991638
2024-09-23 12:00:00,EP102024,12.0,2024-09-23 12:00:00,0 days 00:00:00,14.6,-98.4,992.0,60.0,37.03998651744491,74.07997303488982,55.55997977616736,55.55997977616736,55.55997977616736,37.03998651744491,0.0,0.0,0.0,,,,
2024-09-23 12:00:00,EP102024,12.0,2024-09-23 18:00:00,0 days 06:00:00,15.06,-98.16,991.5,54.3,73.69829559326172,81.89835357666016,74.1524429321289,53.201053619384766,62.24187850952149,21.90437126159668,19.17748641967773,13.554437637329102,16.052745819091797,0.8038260340690613,0.3428785800933838,0.0075122523121535,0.547419011592865
2024-09-23 12:00:00,EP102024,12.0,2024-09-24 00:00:00,0 days 12:00:00,15.65,-98.25,987.6,62.1,29.638872146606445,111.31422424316406,106.83375549316406,90.0849380493164,96.3849868774414,32.06705093383789,27.519975662231445,20.420822143554688,25.5484561920166,7.459485054016113,5.768017292022705,4.505475521087647,6.143431663513184
2024-09-23 12:00:00,EP102024,12.0,2024-09-24 06:00:00,0 days 18:00:00,16.86,-99.05,988.4,57.6,50.53512573242188,52.28477096557617,45.82902908325195,33.21390151977539,37.27919769287109,10.696927070617676,10.56490421295166,7.700143337249756,8.661460876464844,1.2647229433059692,1.0541974306106567,1.0699758529663086,1.115246057510376
2024-09-23 12:00:00,EP102024,12.0,2024-09-24 12:00:00,1 days 00:00:00,17.19,-99.53,1000.5,37.1,44.956329345703125,11.672110557556152,11.119508743286133,6.495118141174316,5.909769535064697,0.0,0.5235753059387207,0.6967708468437195,0.0,0.0,0.4873703718185425,0.899283230304718,0.0290819704532623
2024-09-23 12:00:00,EP102024,12.0,2024-09-24 18:00:00,1 days 06:00:00,17.11,-100.39,1003.5,28.6,120.22974395751952,6.622296333312988,3.627213716506958,1.5896539688110352,3.549233675003052,0.0,0.0,0.0,0.5690896511077881,0.3631976544857025,0.2438260614871978,0.1199551820755004,0.3620119094848633
2024-09-23 12:00:00,EP102024,12.0,2024-09-25 00:00:00,1 days 12:00:00,15.74,-100.11,1002.0,33.7,78.23777770996094,42.056453704833984,40.36032104492188,33.07424545288086,34.183231353759766,0.2833371162414551,0.2202474921941757,0.0,0.1554483473300933,0.0533265471458435,0.107330173254013,0.162699282169342,0.0589347854256629
2024-09-23 12:00:00,EP102024,12.0,2024-09-25 06:00:00,1 days 18:00:00,16.46,-99.93,1000.6,34.7,96.28142547607422,7.078014373779297,6.207897663116455,2.267535448074341,3.650736570358277,0.0,0.0,0.0707450360059738,0.0,0.0980163291096687,0.3676585555076599,0.5916228890419006,0.1719754487276077
2024-09-23 12:00:00,EP102024,12.0,2024-09-25 12:00:00,2 days 00:00:00,16.79,-99.5,998.9,38.0,101.05545806884766,12.901853561401367,11.138257026672363,4.606283187866211,6.491854667663574,0.0,0.0485853105783462,0.0682477876543998,0.0,0.3444513380527496,0.5171124935150146,0.8232436180114746,0.283543974161148
2024-09-23 12:00:00,EP102024,12.0,2024-09-25 18:00:00,2 days 06:00:00,16.41,-101.14,1000.5,35.1,76.40454864501953,22.78644180297852,19.41250991821289,7.092923641204834,13.036527633666992,0.385841965675354,0.2883089184761047,0.0,0.5981791019439697,0.5170344710350037,0.4639693200588226,0.3808425664901733,0.4696211814880371
2024-09-23 12:00:00,EP102024,12.0,2024-09-26 00:00:00,2 days 12:00:00,17.03,-100.82,998.7,34.6,103.52901458740234,24.20685386657715,23.880056381225582,18.57366180419922,18.44963264465332,0.0,0.0864072665572166,0.0328442491590976,0.0,0.0286500491201877,0.3054195642471313,0.4992415606975555,0.0873288735747337
2024-09-23 12:00:00,EP102024,12.0,2024-09-26 06:00:00,2 days 18:00:00,16.61,-101.34,995.8,43.3,76.75770568847656,70.98470306396484,63.00775146484375,46.272796630859375,56.834110260009766,3.6175127029418954,4.146651744842529,3.649947881698608,2.722970724105835,0.079372301697731,0.3954530656337738,0.8282724022865295,0.3029473423957824
2024-09-23 12:00:00,EP102024,12.0,2024-09-26 12:00:00,3 days 00:00:00,17.17,-101.33,997.3,40.6,86.75257873535156,65.8971939086914,60.1506233215332,44.90104675292969,53.85523223876953,0.0,0.2300683408975601,0.021961448714137,0.0,0.2662806808948517,0.4150061905384063,0.6987987160682678,0.3361590504646301
2024-09-23 12:00:00,EP102024,12.0,2024-09-26 18:00:00,3 days 06:00:00,17.05,-101.33,998.7,41.5,48.36311721801758,81.61859130859375,75.56297302246094,60.80796432495117,66.37247467041016,0.5529500246047974,0.7884482741355896,0.4145303070545196,0.6594113111495972,0.2533529698848724,0.4914109706878662,0.4782818555831909,0.402150422334671
2024-09-23 12:00:00,EP102024,12.0,2024-09-27 00:00:00,3 days 12:00:00,17.66,-101.42,998.8,38.3,59.46916961669922,25.242095947265625,26.881755828857425,22.18075942993164,21.575796127319336,0.0,0.0,0.0,0.0,0.6213964819908142,0.5460689067840576,0.6758800745010376,0.3922144174575805
2024-09-23 12:00:00,EP102024,12.0,2024-09-27 06:00:00,3 days 18:00:00,17.72,-101.32,1001.3,30.4,115.39207458496094,6.789346694946289,4.778584957122803,2.2699637413024902,3.896707773208618,0.0,0.0,0.4431939721107483,0.0,0.016574976965785,0.576540470123291,1.1463520526885986,0.2292190790176391
2024-09-23 12:00:00,AL972024,13.0,2024-09-23 12:00:00,0 days 00:00:00,17.2,-81.7,1004.0,30.0,185.1999325872245,,,,,,,,,,,,
2024-09-23 12:00:00,AL972024,13.0,2024-09-23 18:00:00,0 days 06:00:00,17.48,-82.27,1004.9,24.8,134.98236083984375,30.63545799255371,25.960506439208984,15.429903984069824,20.82209014892578,0.0,0.0,0.1275355070829391,0.0,0.0,0.0013914998853579,0.0039420500397682,0.0
2024-09-23 12:00:00,AL972024,13.0,2024-09-24 00:00:00,0 days 12:00:00,17.16,-82.18,1001.0,35.4,143.5393524169922,151.0664825439453,142.2433624267578,111.66022491455078,120.6133804321289,0.0,0.0731059834361076,0.0,0.0,0.2307547926902771,0.231674924492836,0.0234441142529249,0.0781165957450866
2024-09-23 12:00:00,AL972024,13.0,2024-09-24 06:00:00,0 days 18:00:00,17.78,-82.58,1000.2,38.2,70.06114959716797,14.558050155639648,8.268877983093262,0.0,7.195462226867676,0.7820999622344971,0.4033637046813965,0.0,0.0,0.0,0.0,0.0,0.0
2024-09-23 12:00:00,AL972024,13.0,2024-09-24 12:00:00,1 days 00:00:00,18.34,-83.15,999.8,40.8,101.84207153320312,16.546098709106445,17.037399291992188,1.7450311183929443,8.032676696777344,1.9338136911392207,2.3383071422576904,0.8356947898864746,1.0222296714782717,0.0,0.0,0.0,0.0
2024-09-23 12:00:00,AL972024,13.0,2024-09-24 18:00:00,1 days 06:00:00,18.87,-84.15,997.5,42.2,123.1249542236328,211.06326293945312,195.0385589599609,150.2974395751953,170.3494110107422,1.002008318901062,0.0952145457267761,0.0,0.1168121322989463,0.0883795022964477,0.1281358897686004,0.0838844627141952,0.0891491919755935
2024-09-23 12:00:00,AL972024,13.0,2024-09-25 00:00:00,1 days 12:00:00,19.42,-84.44,994.6,51.4,75.6358871459961,129.28468322753906,114.21936798095705,78.42074584960938,97.13741302490234,7.04255485534668,4.291102886199951,0.1477515250444412,4.29456901550293,0.0,0.0,0.0,0.0
2024-09-23 12:00:00,AL972024,13.0,2024-09-25 06:00:00,1 days 18:00:00,20.29,-85.04,991.1,55.4,119.45185089111328,332.6258544921875,296.2185363769531,222.47576904296875,284.8439636230469,93.61180114746094,79.72113800048828,58.41398239135742,76.32176208496094,2.9617507457733154,1.2861740589141846,0.0,1.845664501190185
2024-09-23 12:00:00,AL972024,13.0,2024-09-25 12:00:00,2 days 00:00:00,21.33,-85.54,977.9,72.7,38.25215911865234,236.0762176513672,210.5486297607422,154.69798278808594,189.0187530517578,107.88385009765624,97.15748596191406,75.03071594238281,88.95198822021484,41.64671325683594,38.0389404296875,31.37378692626953,34.99631118774414
2024-09-23 12:00:00,AL972024,13.0,2024-09-25 18:00:00,2 days 06:00:00,21.86,-85.64,971.0,80.4,30.59086227416992,196.8986053466797,179.3821258544922,127.4755859375,155.7674560546875,81.31363677978516,72.08853912353516,53.39520263671875,63.99424362182617,25.271671295166016,22.670976638793945,17.77825927734375,20.441272735595703
2024-09-23 12:00:00,AL972024,13.0,2024-09-26 00:00:00,2 days 12:00:00,23.2,-85.53,957.8,94.5,53.97239303588867,206.55679321289065,201.1125640869141,147.80531311035156,167.19326782226562,92.55929565429688,86.21026611328125,66.78282928466797,75.76102447509766,41.988677978515625,38.32412338256836,31.42092704772949,35.154296875
2024-09-23 12:00:00,AL972024,13.0,2024-09-26 06:00:00,2 days 18:00:00,24.51,-85.21,935.7,121.4,43.08908081054688,192.8826904296875,190.48043823242188,139.59739685058594,157.77833557128906,87.69754028320312,81.02944946289062,64.16133117675781,72.4059066772461,43.63478469848633,39.523216247558594,32.42900085449219,37.32668685913086
2024-09-23 12:00:00,AL972024,13.0,2024-09-26 12:00:00,3 days 00:00:00,26.21,-84.74,940.7,114.5,36.40641021728516,273.4925537109375,272.3780212402344,201.7066650390625,228.38658142089844,136.35781860351562,131.36886596679688,107.21575927734376,115.58250427246094,72.9425048828125,69.64305114746094,57.79964065551758,62.29822540283203
2024-09-23 12:00:00,AL972024,13.0,2024-09-26 18:00:00,3 days 06:00:00,28.27,-83.93,931.6,122.0,16.673904418945312,248.58648681640625,248.1433563232422,186.96910095214844,205.07846069335935,125.9153289794922,123.8265380859375,101.1825180053711,106.54759979248048,69.19649505615234,67.26612854003906,55.16238021850586,58.99183654785156
2024-09-23 12:00:00,AL972024,13.0,2024-09-27 00:00:00,3 days 12:00:00,30.62,-83.03,942.5,103.3,60.19932174682617,258.499267578125,255.3662109375,188.23927307128903,204.80162048339844,123.92359924316406,126.0625228881836,103.6031494140625,108.02611541748048,69.3369369506836,68.4632797241211,56.36414337158203,59.60625076293945
2024-09-23 12:00:00,AL972024,13.0,2024-09-27 06:00:00,3 days 18:00:00,33.41,-83.14,975.4,59.7,39.51618194580078,163.13331604003906,163.1414337158203,118.7173309326172,122.2958984375,22.45297241210937,21.84339904785156,14.2349214553833,15.176499366760254,0.7289252281188965,0.9848649501800536,0.0441352389752864,0.2172293066978454
2024-09-23 12:00:00,AL972024,13.0,2024-09-27 12:00:00,4 days 00:00:00,34.78,-83.81,986.0,40.6,88.56501770019531,155.64366149902344,152.0366668701172,126.37525177001952,130.2239227294922,4.930371284484863,4.813992977142334,2.847355604171753,3.0750949382781982,0.0,0.0,0.0,0.0
2024-09-23 12:00:00,AL972024,13.0,2024-09-27 18:00:00,4 days 06:00:00,34.9,-84.69,991.5,30.9,80.27776336669922,13.315391540527344,11.821495056152344,7.714816093444824,8.185914039611816,0.0,0.0,0.0,0.0,0.0260584894567728,0.1555032432079315,0.0109132016077637,0.0
2024-09-23 12:00:00,AL972024,13.0,2024-09-28 00:00:00,4 days 12:00:00,34.94,-85.1,996.7,24.5,86.32395935058594,4.589491844177246,3.737015724182129,2.068080425262451,1.9100099802017207,0.2061261683702469,0.1705141961574554,0.0,0.0,0.0,0.0481014847755432,0.0,0.0
2024-09-23 12:00:00,AL972024,13.0,2024-09-28 06:00:00,4 days 18:00:00,34.26,-84.37,997.1,25.0,75.8924560546875,1.2164119482040403,2.6432909965515137,0.6397567987442017,0.0,0.0067062452435493,0.0,0.2637313306331634,0.0,0.0,0.036031674593687,0.0,0.0602662712335586
2024-09-23 12:00:00,AL972024,13.0,2024-09-28 12:00:00,5 days 00:00:00,35.12,-83.2,999.3,22.4,134.57691955566406,0.0,0.0,1.0214073657989502,0.0,0.0,0.0,0.0,0.0,0.0,0.0,0.0,0.0
2024-09-23 12:00:00,AL972024,13.0,2024-09-28 18:00:00,5 days 06:00:00,37.79,-80.74,1002.2,21.3,53.04575347900391,0.0,1.6906816959381104,0.0,0.0,0.0,0.0,0.0,0.0,0.0,0.0,0.0168463848531246,0.0
2024-09-23 12:00:00,EP102024,13.0,2024-09-23 12:00:00,0 days 00:00:00,14.6,-98.4,992.0,60.0,37.03998651744491,74.07997303488982,55.55997977616736,55.55997977616736,55.55997977616736,37.03998651744491,0.0,0.0,0.0,,,,
2024-09-23 12:00:00,EP102024,13.0,2024-09-23 18:00:00,0 days 06:00:00,14.95,-98.67,988.3,58.5,67.8880844116211,150.6722869873047,131.20114135742188,98.77411651611328,122.46144104003906,26.570945739746094,21.05503463745117,14.174872398376465,19.35955238342285,0.682888388633728,0.2002408653497696,0.0,0.1158612594008445
2024-09-23 12:00:00,EP102024,13.0,2024-09-24 00:00:00,0 days 12:00:00,15.62,-98.64,990.5,56.0,71.44740295410156,109.43928527832033,97.79922485351562,71.5001220703125,85.75714111328125,19.6427059173584,16.136064529418945,10.060235977172852,14.438881874084473,1.9126100540161133,1.1988881826400757,0.643825113773346,1.1451599597930908
2024-09-23 12:00:00,EP102024,13.0,2024-09-24 06:00:00,0 days 18:00:00,16.17,-99.0,990.3,57.4,40.720821380615234,73.47929382324219,64.10270690917969,39.85384750366211,58.09423065185547,22.110614776611328,17.89525032043457,11.962197303771973,15.500788688659668,3.1157920360565186,2.1604673862457275,1.2994595766067505,1.713869333267212
2024-09-23 12:00:00,EP102024,13.0,2024-09-24 12:00:00,1 days 00:00:00,16.67,-98.97,987.2,61.2,50.01732635498047,73.02732849121094,66.69149017333984,41.72517013549805,58.80484390258789,27.665966033935547,23.562854766845703,18.324966430664062,21.623876571655277,9.490724563598633,7.537875652313232,6.247321128845215,7.177839756011963
2024-09-23 12:00:00,EP102024,13.0,2024-09-24 18:00:00,1 days 06:00:00,17.13,-99.35,1000.2,36.7,89.7595443725586,46.80916595458984,41.22306823730469,28.223264694213867,33.18132019042969,4.881324291229248,4.503754138946533,1.6517069339752195,3.850732803344727,0.4668277502059936,0.4212812185287475,0.3836337924003601,0.3044575750827789
2024-09-23 12:00:00,EP102024,13.0,2024-09-25 00:00:00,1 days 12:00:00,16.17,-99.98,1005.0,28.9,71.03064727783203,0.0,0.0,0.1053565219044685,0.0,0.0,0.0,0.0,0.0,0.2540585100650787,0.221079021692276,0.3643146753311157,0.3316177725791931
2024-09-23 12:00:00,EP102024,13.0,2024-09-25 06:00:00,1 days 18:00:00,16.43,-101.76,1000.8,35.8,106.82230377197266,55.36949920654297,51.413333892822266,42.13572311401367,49.70867156982422,8.502947807312012,8.265192985534668,7.307943820953369,8.109450340270996,0.0944807901978492,0.1995802074670791,0.5432599186897278,0.3345177173614502
2024-09-23 12:00:00,EP102024,13.0,2024-09-25 12:00:00,2 days 00:00:00,15.55,-101.75,998.9,41.0,72.37178802490234,98.17214965820312,91.96949768066406,70.37804412841797,78.3539047241211,0.3266690075397491,0.0,0.0,0.0,0.3305329084396362,0.1554450541734695,0.0065979687497019,0.1818869560956955
2024-09-23 12:00:00,EP102024,13.0,2024-09-25 18:00:00,2 days 06:00:00,15.69,-101.22,998.3,39.7,64.8154067993164,6.120000839233398,8.943397521972656,3.732113838195801,2.4181876182556152,0.0,0.178115501999855,0.1608535647392273,0.0,0.1652553975582122,0.1670687794685363,0.1626546084880828,0.0647696703672409
2024-09-23 12:00:00,EP102024,13.0,2024-09-26 00:00:00,2 days 12:00:00,15.55,-101.53,997.2,45.8,79.60269927978516,124.11483764648438,117.5521011352539,88.46066284179688,99.0644073486328,11.230704307556152,9.370406150817873,5.237549304962158,7.539505958557129,0.0,0.0,0.0,0.0
2024-09-23 12:00:00,EP102024,13.0,2024-09-26 06:00:00,2 days 18:00:00,15.79,-101.1,996.4,45.2,82.27517700195312,124.45413208007812,118.77667999267578,90.81644439697266,100.9893569946289,2.182428359985352,0.6419318318367004,0.0,0.8115588426589966,0.2102516442537307,0.1746677011251449,0.2978864014148712,0.0824244394898414
2024-09-23 12:00:00,EP102024,13.0,2024-09-26 12:00:00,3 days 00:00:00,16.17,-100.96,991.5,52.7,64.79761505126953,114.35865020751952,104.27269744873048,82.13970184326172,95.2849349975586,33.21256637573242,28.722501754760746,20.6882266998291,24.775936126708984,1.5166934728622437,1.1313670873641968,0.4788034558296203,0.5911368727684021
2024-09-23 12:00:00,EP102024,13.0,2024-09-26 18:00:00,3 days 06:00:00,16.76,-101.12,983.9,65.8,22.8109188079834,119.09783935546876,109.49200439453124,86.33737182617188,100.50308990478516,47.92578506469727,42.089630126953125,32.368343353271484,37.83145904541016,11.543816566467283,10.460220336914062,8.311125755310059,9.434693336486816
2024-09-23 12:00:00,EP102024,13.0,2024-09-27 00:00:00,3 days 12:00:00,17.27,-101.34,988.3,55.5,68.16012573242188,122.18470764160156,111.76912689208984,86.10625457763672,98.77623748779295,23.30156898498535,19.59943389892578,13.42400074005127,17.339378356933594,1.9693349599838257,1.5482804775238037,0.9008690118789672,1.0025554895401
2024-09-23 12:00:00,EP102024,13.0,2024-09-27 06:00:00,3 days 18:00:00,17.9,-101.19,998.3,42.6,33.18436050415039,24.948326110839844,20.74222755432129,11.106060028076172,18.23856735229492,2.379216194152832,2.103593111038208,1.410333275794983,1.485685110092163,0.6109877228736877,0.6795844435691833,0.6938356757164001,0.6411766409873962
2024-09-23 12:00:00,EP102024,13.0,2024-09-27 12:00:00,4 days 00:00:00,17.91,-101.38,1002.3,31.0,61.74345016479492,5.551039695739746,3.176391124725342,1.4695249795913696,2.880820751190185,0.0,0.1801138967275619,0.0,0.0,0.2107254266738891,0.3891245722770691,0.3129333257675171,0.3164768517017364
2024-09-23 12:00:00,EP102024,13.0,2024-09-27 18:00:00,4 days 06:00:00,18.53,-101.75,1006.7,26.8,78.14241027832031,3.644009828567505,0.8630619645118713,5.967726230621338,1.5432405471801758,5.711246490478516,5.52994441986084,3.0846872329711914,6.075762271881104,0.927833616733551,0.8032010197639465,0.9384266138076782,1.0006532669067385
2024-09-23 12:00:00,AL972024,14.0,2024-09-23 12:00:00,0 days 00:00:00,17.2,-81.7,1004.0,30.0,185.1999325872245,,,,,,,,,,,,
2024-09-23 12:00:00,AL972024,14.0,2024-09-23 18:00:00,0 days 06:00:00,17.19,-82.04,1006.2,27.8,96.71954345703124,63.893741607666016,58.86845779418945,42.14583206176758,47.00305938720703,0.0,0.0961905494332313,0.0,0.0,0.0857527703046798,0.171725258231163,0.053938940167427,0.0
2024-09-23 12:00:00,AL972024,14.0,2024-09-24 00:00:00,0 days 12:00:00,17.82,-82.16,1002.8,35.1,69.61793518066406,26.774906158447266,21.722949981689453,11.67236042022705,16.844158172607422,0.20540751516819,0.0075529380701482,0.0,0.0,0.1257034540176391,0.0005883772973902,0.0313257798552513,0.0592979937791824
2024-09-23 12:00:00,AL972024,14.0,2024-09-24 06:00:00,0 days 18:00:00,17.69,-82.55,1002.2,32.9,80.69293212890625,2.939030170440674,1.874520301818848,0.0,0.0,0.1443677693605423,0.1317092180252075,0.0210545267909765,0.0,0.1310843974351883,0.1006502881646156,0.0162426643073558,0.0247064474970102
2024-09-23 12:00:00,AL972024,14.0,2024-09-24 12:00:00,1 days 00:00:00,18.39,-83.22,999.3,38.4,105.36071014404295,133.91172790527344,124.2816390991211,93.78343200683594,104.4644775390625,0.5243600010871887,0.0086604468524456,0.0,0.0,0.0282810498028993,0.1112613976001739,0.0551118031144142,0.0
2024-09-23 12:00:00,AL972024,14.0,2024-09-24 18:00:00,1 days 06:00:00,18.87,-83.98,997.6,43.5,117.39571380615234,179.05792236328125,152.47520446777344,111.47776794433594,147.7089385986328,40.2093391418457,33.92634963989258,24.481407165527344,32.58528518676758,0.2745879292488098,0.0,0.0,0.3011750280857086
2024-09-23 12:00:00,AL972024,14.0,2024-09-25 00:00:00,1 days 12:00:00,19.37,-84.77,995.0,48.6,117.78602600097656,179.25698852539062,164.0070343017578,120.34457397460938,139.692626953125,2.1271417140960693,0.8049037456512451,0.0,0.6720759868621826,0.1706584095954895,0.168415293097496,0.0135673889890313,0.1276546269655227
2024-09-23 12:00:00,AL972024,14.0,2024-09-25 06:00:00,1 days 18:00:00,19.93,-85.32,990.9,50.2,136.2468719482422,195.85052490234372,179.03173828125,140.3647918701172,156.69314575195312,1.0156697034835815,0.1538475006818771,0.0,0.5583091974258423,0.0838870331645011,0.0851827561855316,0.0,0.0720584467053413
2024-09-23 12:00:00,AL972024,14.0,2024-09-25 12:00:00,2 days 00:00:00,21.23,-85.87,983.0,62.5,82.85758209228516,180.86944580078125,160.07989501953125,106.43267822265624,140.9959716796875,60.103214263916016,49.95958709716797,32.78321838378906,44.31502532958984,3.912852287292481,2.3858959674835205,0.4278025031089782,1.818274974822998
2024-09-23 12:00:00,AL972024,14.0,2024-09-25 18:00:00,2 days 06:00:00,22.23,-85.98,978.7,66.1,62.757232666015625,221.32383728027344,197.5492706298828,140.73895263671875,177.76400756835938,90.38424682617188,77.5950698852539,56.469425201416016,68.25183868408203,13.902750968933104,11.840691566467283,7.716982841491699,9.743946075439451
2024-09-23 12:00:00,AL972024,14.0,2024-09-26 00:00:00,2 days 12:00:00,23.25,-86.05,973.2,75.7,29.14073181152344,193.336181640625,184.08151245117188,135.59938049316406,150.51068115234375,63.851688385009766,57.45158767700195,40.108497619628906,47.48436737060547,12.747735977172852,11.432539939880373,8.32829475402832,9.329800605773926
2024-09-23 12:00:00,AL972024,14.0,2024-09-26 06:00:00,2 days 18:00:00,24.44,-85.86,963.9,86.8,57.19089889526367,225.1248779296875,220.29969787597656,160.16014099121094,181.07669067382807,91.24473571777344,85.29706573486328,66.18377685546875,74.08452606201172,41.21104049682617,38.13714218139648,31.376724243164062,34.31892776489258
2024-09-23 12:00:00,AL972024,14.0,2024-09-26 12:00:00,3 days 00:00:00,25.78,-85.39,941.1,115.8,32.467796325683594,289.3925170898437,289.698974609375,216.3334808349609,239.6362762451172,129.4922332763672,124.3255386352539,98.46006774902344,106.52417755126952,62.419803619384766,59.09257507324219,48.15640258789063,52.53136444091797
2024-09-23 12:00:00,AL972024,14.0,2024-09-26 18:00:00,3 days 06:00:00,27.85,-84.52,945.7,108.4,16.746601104736328,261.8427734375,262.03955078125,195.88815307617188,206.7605438232422,102.87354278564452,98.908203125,74.96737670898438,81.23696899414062,39.67169570922852,38.17441177368164,29.863094329833984,32.46648025512695
2024-09-23 12:00:00,AL972024,14.0,2024-09-27 00:00:00,3 days 12:00:00,29.6,-83.87,934.5,115.6,26.01433753967285,304.4732666015625,294.8190612792969,227.26025390625,240.4524078369141,126.59833526611328,128.71005249023438,106.28842163085938,110.04904174804688,66.85247039794922,66.9673080444336,55.332481384277344,57.58790969848633
2024-09-23 12:00:00,AL972024,14.0,2024-09-27 06:00:00,3 days 18:00:00,32.45,-83.81,975.0,56.4,100.34534454345705,252.693603515625,234.9134063720703,167.6668243408203,204.7183837890625,83.12572479248047,75.78034210205078,54.239784240722656,65.56845092773438,7.266331672668457,5.443816661834717,2.15427565574646,4.807349681854248
2024-09-23 12:00:00,AL972024,14.0,2024-09-27 12:00:00,4 days 00:00:00,34.79,-84.05,981.5,45.7,51.05162048339844,127.86558532714844,125.39323425292967,98.65166473388672,99.05340576171876,3.769373178482056,4.962574005126953,2.6662325859069824,2.258134365081787,0.0,0.0,0.0,0.19423408806324
2024-09-23 12:00:00,AL972024,14.0,2024-09-27 18:00:00,4 days 06:00:00,36.32,-86.35,984.0,41.7,57.423282623291016,68.12104797363281,68.54981994628906,52.62425231933594,50.21010208129883,1.107181191444397,0.4975079596042633,0.0,0.0,0.0,0.0,0.0,0.0
2024-09-23 12:00:00,AL972024,14.0,2024-09-28 00:00:00,4 days 12:00:00,36.61,-86.69,990.3,33.3,94.54781341552734,99.09707641601562,96.8994140625,80.8787841796875,83.66085052490234,0.0,0.0,0.0,0.0,0.1443727910518646,0.0,0.0,0.0
2024-09-23 12:00:00,AL972024,14.0,2024-09-28 06:00:00,4 days 18:00:00,36.72,-86.73,993.8,26.6,137.7522430419922,0.4822807908058166,0.9056650996208192,0.0,0.0,0.399564266204834,0.7593926787376404,0.1179964989423751,0.0,0.3149483203887939,0.2977304458618164,0.0,0.1579456329345703
2024-09-23 12:00:00,AL972024,14.0,2024-09-28 12:00:00,5 days 00:00:00,36.97,-85.8,996.4,21.7,175.4066925048828,4.977670669555664,5.026731491088867,1.7349950075149536,0.2275293618440628,0.0,0.9981074929237366,0.0,0.1110249236226081,0.0,0.0195991769433021,0.0,0.0241209585219621
2024-09-23 12:00:00,AL972024,14.0,2024-09-28 18:00:00,5 days 06:00:00,37.47,-84.8,1000.3,23.0,75.28231048583984,0.0,0.0,0.0,0.0,0.0,0.0,0.0,0.0,0.0,0.1692979484796524,0.1413387954235077,0.0
2024-09-23 12:00:00,AL972024,14.0,2024-09-29 00:00:00,5 days 12:00:00,37.65,-84.89,1002.5,21.2,90.9931640625,0.0,0.2984100878238678,0.9450054168701172,2.4655117988586426,0.3216319978237152,0.0,0.2969617247581482,0.0,0.0,0.0,0.0327509641647338,0.0
2024-09-23 12:00:00,EP102024,14.0,2024-09-23 12:00:00,0 days 00:00:00,14.6,-98.4,992.0,60.0,37.03998651744491,74.07997303488982,55.55997977616736,55.55997977616736,55.55997977616736,37.03998651744491,0.0,0.0,0.0,,,,
2024-09-23 12:00:00,EP102024,14.0,2024-09-23 18:00:00,0 days 06:00:00,15.19,-98.84,985.6,65.0,31.687652587890625,134.8383026123047,116.12741088867188,88.98009490966797,112.171875,37.290863037109375,31.0020751953125,21.59168815612793,28.59639549255371,5.581510066986084,4.548649787902832,3.0203542709350586,4.3882036209106445
2024-09-23 12:00:00,EP102024,14.0,2024-09-24 00:00:00,0 days 12:00:00,16.05,-98.83,987.8,60.5,25.511947631835938,113.32025909423828,100.25003814697266,77.68744659423828,91.74793243408205,40.72160339355469,36.42049789428711,27.459238052368164,33.31533432006836,11.684247016906738,10.58657455444336,8.595754623413086,9.968582153320312
2024-09-23 12:00:00,EP102024,14.0,2024-09-24 06:00:00,0 days 18:00:00,16.58,-99.01,978.2,76.1,21.961360931396484,64.99190521240234,60.822513580322266,44.4177360534668,55.79905319213867,32.986968994140625,29.723047256469727,24.62616539001465,27.763206481933597,16.798568725585938,14.586403846740724,12.4684419631958,14.173903465270996
2024-09-23 12:00:00,EP102024,14.0,2024-09-24 12:00:00,1 days 00:00:00,17.06,-99.57,990.7,59.0,41.33325958251953,136.8559112548828,120.85609436035156,88.5426254272461,109.00467681884766,21.940940856933597,17.450927734375,11.175095558166504,16.438060760498047,2.4838085174560547,1.870513200759888,0.9027089476585388,1.6523581743240356
2024-09-23 12:00:00,EP102024,14.0,2024-09-24 18:00:00,1 days 06:00:00,17.03,-99.91,1000.2,33.6,100.22051239013672,48.7022819519043,43.94652557373047,30.8193302154541,36.52037811279297,4.539372444152832,4.045260429382324,1.952152729034424,3.66342043876648,0.0908787101507186,0.1334593743085861,0.245069071650505,0.0
2024-09-23 12:00:00,EP102024,14.0,2024-09-25 00:00:00,1 days 12:00:00,15.88,-99.61,1000.5,29.7,133.38507080078125,7.093838691711426,1.506181001663208,0.0,1.3744666576385498,0.0,0.0,0.0,0.0,0.1666533350944519,0.3720355033874511,0.0805421844124794,0.0957951173186302
2024-09-23 12:00:00,EP102024,14.0,2024-09-25 06:00:00,1 days 18:00:00,16.07,-100.09,1001.6,29.7,139.16412353515625,5.815521240234375,5.434199810028076,3.0693140029907227,2.19992470741272,0.9456730484962464,1.5044963359832764,1.3255157470703125,1.17355477809906,1.3550970554351809,1.219069480895996,1.2850316762924194,1.132383942604065
2024-09-23 12:00:00,EP102024,14.0,2024-09-25 12:00:00,2 days 00:00:00,15.86,-100.84,1000.4,28.8,132.5389404296875,1.8165302276611328,2.3234729766845703,0.4109086096286773,0.0,0.0,0.3735765218734741,0.1251669526100158,0.0,0.0854654982686042,0.1160840690135955,0.1230275109410286,0.0733589082956314
2024-09-23 12:00:00,EP102024,14.0,2024-09-25 18:00:00,2 days 06:00:00,16.13,-100.0,998.9,34.9,108.22156524658205,43.00714874267578,39.72732925415039,25.35064125061035,30.250486373901367,0.7422188520431519,0.3992667496204376,0.0,0.0,0.0556037798523902,0.1967176496982574,0.1991425305604934,0.043350301682949
2024-09-23 12:00:00,EP102024,14.0,2024-09-26 00:00:00,2 days 12:00:00,16.32,-99.71,999.7,35.3,44.25154876708984,3.778838396072388,4.072109699249268,0.6026712656021118,1.48048996925354,0.0,0.2144688069820404,0.2306587845087051,0.0,0.1936487406492233,0.1284774243831634,0.1831820607185363,0.0289251469075679
2024-09-23 12:00:00,EP102024,14.0,2024-09-26 06:00:00,2 days 18:00:00,17.86,-98.59,999.1,32.9,105.5396957397461,10.612895011901855,9.56983470916748,5.455301761627197,6.336482524871826,1.6789922714233398,2.3097074031829834,1.2929487228393557,1.4231425523757937,1.035198211669922,1.0726099014282229,1.209758996963501,0.9531049728393556
2024-09-23 12:00:00,EP102024,14.0,2024-09-26 12:00:00,3 days 00:00:00,16.83,-99.92,1003.5,29.2,83.20169067382812,3.8056464195251465,3.201221227645874,1.8577661514282229,1.0072252750396729,0.0,0.525796115398407,0.0189287867397069,0.0,1.076590657234192,0.9666545987129213,0.9258345365524292,0.8703023791313171
2024-09-23 12:00:00,EP102024,14.0,2024-09-26 18:00:00,3 days 06:00:00,16.17,-100.48,1004.0,30.7,52.92905044555664,2.119196653366089,4.5205254554748535,1.6012580394744873,0.0,1.224581241607666,1.9854151010513303,1.2022932767868042,1.1840680837631226,0.0841108039021492,0.0661155506968498,0.1800830513238906,0.1260752081871032
2024-09-23 12:00:00,EP102024,14.0,2024-09-27 00:00:00,3 days 12:00:00,16.93,-100.7,1001.2,33.9,59.263465881347656,20.4924430847168,17.99122428894043,13.194918632507324,14.501338005065918,0.4531211256980896,1.5893402099609375,1.1806845664978027,0.6395107507705688,0.0,0.0437121726572513,0.2155180424451828,0.0256385039538145
2024-09-23 12:00:00,EP102024,14.0,2024-09-27 06:00:00,3 days 18:00:00,16.84,-100.43,1001.1,30.8,104.8762664794922,9.338500022888184,8.311178207397461,6.645776748657227,7.474314212799072,0.8109312653541565,1.1468908786773682,0.8428671360015869,0.6320605874061584,0.8273180723190308,0.7197285890579224,0.8147234916687012,0.5193143486976624
2024-09-23 12:00:00,EP102024,14.0,2024-09-27 12:00:00,4 days 00:00:00,16.58,-100.2,1002.7,30.5,41.82274627685547,0.0,0.0,0.0,0.0,0.0,0.1215372011065483,0.0,0.0,0.4011156558990478,0.4441867470741272,0.6230775713920593,0.5916242599487305
2024-09-23 12:00:00,EP102024,14.0,2024-09-27 18:00:00,4 days 06:00:00,16.31,-99.52,1003.7,29.0,45.87540054321289,0.0,0.0,1.4978662729263306,0.0876523703336715,2.0493459701538086,2.667819023132324,1.545376539230347,2.0264129638671875,0.0,0.1438278406858444,0.3310616910457611,0.1466153860092163
2024-09-23 12:00:00,AL972024,15.0,2024-09-23 12:00:00,0 days 00:00:00,17.2,-81.7,1004.0,30.0,185.1999325872245,,,,,,,,,,,,
2024-09-23 12:00:00,AL972024,15.0,2024-09-23 18:00:00,0 days 06:00:00,17.2,-81.78,1004.8,28.5,67.77926635742188,1.1427295207977295,0.6988758444786072,0.0,0.0,0.0,0.0,0.0,0.0,0.0304530262947082,0.0,0.0,0.003689972218126
2024-09-23 12:00:00,AL972024,15.0,2024-09-24 00:00:00,0 days 12:00:00,17.52,-82.17,1003.5,29.8,115.3219985961914,46.56541442871094,39.74863052368164,23.34087562561035,32.98868942260742,0.2204845249652862,0.0,0.0,0.0,0.0235310271382331,0.0431635826826095,0.0002679601311683,0.0
2024-09-23 12:00:00,AL972024,15.0,2024-09-24 06:00:00,0 days 18:00:00,17.69,-82.85,1002.0,33.7,91.4506607055664,3.645749568939209,0.7090930342674255,0.0,0.0,0.0,0.0285588577389717,0.0,0.0,0.0295112486928701,0.0,0.0,0.0
2024-09-23 12:00:00,AL972024,15.0,2024-09-24 12:00:00,1 days 00:00:00,18.63,-82.99,999.6,37.9,54.16178512573242,4.280013561248779,1.3249613046646118,0.0,0.1241406798362732,0.0,0.0,0.0,0.0,0.0,0.0,0.0,0.0072288550436496
2024-09-23 12:00:00,AL972024,15.0,2024-09-24 18:00:00,1 days 06:00:00,18.98,-84.3,998.3,41.9,115.04158020019533,136.62193298339844,126.1024169921875,88.35650634765625,103.09571075439452,1.2696808576583862,0.0661617666482925,0.0,0.0,0.0,0.1158478856086731,0.0410499982535839,0.0
2024-09-23 12:00:00,AL972024,15.0,2024-09-25 00:00:00,1 days 12:00:00,19.48,-85.22,997.1,46.3,88.55889892578125,209.7930908203125,196.5705718994141,155.0823516845703,167.86692810058594,0.4548214375972748,0.0,0.0,0.0,0.2643813192844391,0.2420198023319244,0.1206045448780059,0.1461067646741867
2024-09-23 12:00:00,AL972024,15.0,2024-09-25 06:00:00,1 days 18:00:00,20.6,-85.51,994.9,46.1,128.10696411132812,209.7547607421875,189.5323181152344,138.5931396484375,169.6223907470703,31.55919075012207,25.572904586791992,16.46466827392578,24.000036239624023,0.7946483492851257,0.0219653714448213,0.0,0.5278393030166626
2024-09-23 12:00:00,AL972024,15.0,2024-09-25 12:00:00,2 days 00:00:00,21.55,-85.73,985.8,59.5,99.45852661132812,251.28024291992188,227.52671813964844,164.89260864257812,199.34918212890625,52.41570663452149,43.23146438598633,28.199615478515625,38.98554611206055,2.0302813053131104,0.7204620838165283,0.0,0.6112497448921204
2024-09-23 12:00:00,AL972024,15.0,2024-09-25 18:00:00,2 days 06:00:00,22.39,-85.82,975.3,73.0,65.51802825927734,222.1233367919922,193.94308471679688,139.10223388671875,179.7809600830078,105.9611358642578,94.08880615234376,72.61907958984375,86.78916931152344,41.0609130859375,37.01350021362305,30.193588256835938,34.4055290222168
2024-09-23 12:00:00,AL972024,15.0,2024-09-26 00:00:00,2 days 12:00:00,23.43,-86.09,974.3,72.6,28.634824752807617,202.9734039306641,191.3775634765625,148.72157287597656,162.18418884277344,94.1476821899414,88.68289184570312,68.3731918334961,76.63817596435547,35.57404708862305,33.344444274902344,27.564529418945312,29.763442993164062
2024-09-23 12:00:00,AL972024,15.0,2024-09-26 06:00:00,2 days 18:00:00,24.55,-85.82,958.7,94.6,38.19958114624024,216.93028259277344,213.17922973632807,159.60345458984375,177.58567810058594,99.49556732177734,94.11090850830078,74.56999206542969,83.53372955322266,51.026702880859375,47.31303024291992,39.65791320800781,43.36515808105469
2024-09-23 12:00:00,AL972024,15.0,2024-09-26 12:00:00,3 days 00:00:00,25.7,-85.2,951.3,102.0,52.63626480102539,228.0928955078125,228.7563934326172,167.487060546875,185.1699066162109,112.470947265625,110.26849365234376,89.01728057861328,94.81546020507812,64.88671875,61.9719123840332,51.9503288269043,55.423465728759766
2024-09-23 12:00:00,AL972024,15.0,2024-09-26 18:00:00,3 days 06:00:00,28.1,-84.6,938.9,112.4,47.89131164550781,299.2225952148437,291.095703125,216.93234252929688,252.4438934326172,148.70101928710938,142.4115447998047,116.53386688232422,126.16312408447266,80.52357482910156,77.39535522460938,63.84351348876953,69.01363372802734
2024-09-23 12:00:00,AL972024,15.0,2024-09-27 00:00:00,3 days 12:00:00,30.97,-83.87,955.9,88.4,35.93501663208008,282.6185913085937,278.81658935546875,206.12893676757807,219.276123046875,136.3095703125,137.6392364501953,111.9214096069336,115.53456115722656,61.3482551574707,61.244266510009766,50.3817253112793,51.78411102294922
2024-09-23 12:00:00,AL972024,15.0,2024-09-27 06:00:00,3 days 18:00:00,34.14,-84.99,982.3,48.5,54.23064422607422,30.929990768432617,42.81341171264648,25.22362327575684,14.888575553894045,2.4653329849243164,4.902393817901611,1.5576471090316772,0.0,0.2319324910640716,0.6089863777160645,0.0,0.0
2024-09-23 12:00:00,AL972024,15.0,2024-09-27 12:00:00,4 days 00:00:00,36.66,-86.3,984.9,36.6,65.54324340820312,73.7739486694336,74.33950805664062,62.019344329833984,57.107120513916016,0.0,1.1293015480041504,0.6022167205810547,0.2748139202594757,0.0,0.0,0.0380653627216815,0.0
2024-09-23 12:00:00,AL972024,15.0,2024-09-27 18:00:00,4 days 06:00:00,36.91,-89.18,987.5,32.6,68.06062316894531,6.273160457611084,5.704683303833008,1.2575786113739014,3.4831695556640625,0.2575014233589172,0.0589290522038936,0.0,0.1102447733283042,0.0730751827359199,0.0,0.0919376984238624,0.0
2024-09-23 12:00:00,AL972024,15.0,2024-09-28 00:00:00,4 days 12:00:00,36.82,-90.03,992.5,27.8,137.05264282226562,6.6870293617248535,7.384035110473633,2.484344005584717,3.770859479904175,0.0,0.3908702433109283,0.0,0.0,0.2313904017210006,0.091089554131031,0.0,0.0609063692390918
2024-09-23 12:00:00,AL972024,15.0,2024-09-28 06:00:00,4 days 18:00:00,36.34,-90.72,994.0,23.6,137.21714782714844,1.91021192073822,2.6713240146636963,0.1159686148166656,0.0,0.239182710647583,0.0,0.0,0.0,0.3526781499385834,0.0527782961726188,0.0,0.1206642910838127
2024-09-23 12:00:00,AL972024,15.0,2024-09-28 12:00:00,5 days 00:00:00,36.44,-90.35,995.0,22.9,143.86822509765625,1.5318715572357178,1.7378185987472534,0.0,0.0,0.0,0.0,0.0,0.0,0.2444900125265121,0.1205708608031272,0.0,0.0208459459245204
2024-09-23 12:00:00,AL972024,15.0,2024-09-28 18:00:00,5 days 06:00:00,36.89,-90.93,1000.7,21.1,66.5284194946289,0.9793042540550232,0.0,0.0,0.0,0.1703766584396362,0.0,0.0,0.0,0.1568424850702285,0.2152800410985946,0.0,0.0
2024-09-23 12:00:00,AL972024,15.0,2024-09-29 00:00:00,5 days 12:00:00,36.98,-90.83,1002.9,19.9,93.53211975097656,2.359536647796631,3.3084511756896973,2.465385675430298,2.062487363815308,0.2802706956863403,0.0,0.2582036852836609,0.0,0.0,0.0,0.0,0.0
2024-09-23 12:00:00,AL972024,15.0,2024-09-29 06:00:00,5 days 18:00:00,37.91,-90.31,1003.6,19.4,132.64808654785156,3.638563394546509,4.072246074676514,3.356162548065185,1.9789859056472776,0.5660992860794067,0.9259977340698242,0.4519128799438476,0.7558843493461609,0.1405906528234481,0.0,0.0,0.0
2024-09-23 12:00:00,AL972024,15.0,2024-09-29 12:00:00,6 days 00:00:00,38.85,-89.87,1003.3,15.4,159.6469268798828,1.9591755867004397,1.4957348108291626,2.079042911529541,1.4882630109786987,0.1172606572508812,0.5956710577011108,0.8696337342262268,0.6749181747436523,0.0,0.0,0.0,0.0
2024-09-23 12:00:00,AL972024,15.0,2024-09-29 18:00:00,6 days 06:00:00,39.09,-89.48,1006.8,17.7,59.28014755249024,0.0,0.0,0.0,0.0,0.0,0.2250863909721374,0.1264665871858596,0.0,0.0,0.0149718448519706,0.1153831332921981,0.0
2024-09-23 12:00:00,EP102024,15.0,2024-09-23 12:00:00,0 days 00:00:00,14.6,-98.4,992.0,60.0,37.03998651744491,74.07997303488982,55.55997977616736,55.55997977616736,55.55997977616736,37.03998651744491,0.0,0.0,0.0,,,,
2024-09-23 12:00:00,EP102024,15.0,2024-09-23 18:00:00,0 days 06:00:00,15.04,-98.64,984.9,66.7,29.330039978027344,97.46021270751952,85.37313842773438,64.7950668334961,78.91928100585938,34.41944122314453,29.497169494628903,20.83706283569336,25.875593185424805,4.106960296630859,3.614516735076904,2.481462240219116,3.186115264892578
2024-09-23 12:00:00,EP102024,15.0,2024-09-24 00:00:00,0 days 12:00:00,15.75,-98.77,982.0,71.7,51.14446258544922,111.73348236083984,102.51595306396484,79.21121978759766,93.17345428466795,36.65388870239258,32.26948165893555,24.85901641845703,29.75874328613281,13.268362998962402,11.48439121246338,9.54531478881836,10.971102714538574
2024-09-23 12:00:00,EP102024,15.0,2024-09-24 06:00:00,0 days 18:00:00,16.08,-99.14,982.0,71.4,35.56964492797852,74.83292388916016,68.44717407226562,50.22506332397461,63.55817794799805,30.64728355407715,26.202861785888672,20.61374282836914,25.37359619140625,11.23814868927002,9.339181900024414,7.73258638381958,9.478940963745115
2024-09-23 12:00:00,EP102024,15.0,2024-09-24 12:00:00,1 days 00:00:00,16.37,-99.5,988.6,59.7,31.49542236328125,88.97895812988281,81.75166320800781,59.66457748413086,70.78035736083984,17.89433479309082,14.965527534484863,9.727730751037598,12.960739135742188,1.6176568269729614,1.469732642173767,0.7835558652877808,1.171611785888672
2024-09-23 12:00:00,EP102024,15.0,2024-09-24 18:00:00,1 days 06:00:00,16.93,-100.55,986.8,60.3,72.86073303222656,182.26109313964844,162.45738220214844,127.8687744140625,152.94662475585938,31.83871841430664,25.698974609375,17.843992233276367,24.363584518432617,1.5116759538650513,0.8129546642303467,0.0170878563076257,0.6647859215736389
2024-09-23 12:00:00,EP102024,15.0,2024-09-25 00:00:00,1 days 12:00:00,16.27,-101.29,994.6,47.2,65.64434814453125,129.41676330566406,128.51597595214844,102.4842529296875,102.50699615478516,0.217596560716629,0.4638063311576843,0.0,0.1463626027107238,0.2137116491794586,0.2122886925935745,0.0480219163000583,0.2388344854116439
2024-09-23 12:00:00,EP102024,15.0,2024-09-25 06:00:00,1 days 18:00:00,16.39,-101.52,998.2,42.1,97.51757049560548,129.14117431640625,119.01082611083984,91.77999114990234,107.45863342285156,4.383227348327637,3.0846617221832275,1.6409505605697632,2.997658491134644,0.3144388794898987,0.4639020562171936,0.7203848958015442,0.4030147194862366
2024-09-23 12:00:00,EP102024,15.0,2024-09-25 12:00:00,2 days 00:00:00,15.92,-101.52,994.5,48.5,109.46585845947266,180.3948974609375,170.535888671875,135.33834838867188,150.43234252929688,7.678610324859619,5.756078720092773,3.336575746536255,5.311460971832275,0.0,0.0,0.1229389980435371,0.0310003608465194
2024-09-23 12:00:00,EP102024,15.0,2024-09-25 18:00:00,2 days 06:00:00,16.05,-101.24,997.3,40.3,109.01995849609376,163.51429748535156,158.68212890625,124.61927032470705,134.06491088867188,10.05906105041504,9.07101345062256,5.698058128356934,7.552775859832764,0.0,0.0927103608846664,0.1529177129268646,0.0
2024-09-23 12:00:00,EP102024,15.0,2024-09-26 00:00:00,2 days 12:00:00,16.6,-101.24,990.5,55.0,35.452354431152344,96.35852813720705,88.36885833740234,66.7892074584961,75.28490447998047,20.18684196472168,17.510448455810547,10.90247917175293,14.471816062927246,0.0,0.0,0.0,0.0
2024-09-23 12:00:00,EP102024,15.0,2024-09-26 06:00:00,2 days 18:00:00,17.3,-101.32,990.5,57.1,41.03400802612305,145.58750915527344,132.86524963378906,104.94793701171876,122.0861587524414,36.17949295043945,30.715272903442383,22.787368774414062,27.49229049682617,4.715673923492432,3.8455543518066406,2.9036715030670166,3.0808544158935547
2024-09-23 12:00:00,EP102024,15.0,2024-09-26 12:00:00,3 days 00:00:00,17.09,-102.08,985.4,59.4,59.863372802734375,141.4783477783203,126.55128479003906,98.67644500732422,119.72581481933594,54.61455154418945,46.67732238769531,36.13713455200195,43.17977523803711,11.600444793701172,9.578815460205078,7.555268287658691,8.558302879333496
2024-09-23 12:00:00,EP102024,15.0,2024-09-26 18:00:00,3 days 06:00:00,17.34,-101.32,990.3,52.1,67.75752258300781,84.16078186035156,79.02804565429688,61.93406677246094,66.33464050292969,22.87586212158203,21.616962432861328,14.846163749694824,17.774518966674805,2.208810806274414,1.9644677639007568,1.4882752895355225,1.462603211402893
2024-09-23 12:00:00,EP102024,15.0,2024-09-27 00:00:00,3 days 12:00:00,18.35,-101.86,996.5,44.1,46.72353363037109,90.05037689208984,80.85108947753906,62.7590217590332,70.02330017089844,5.959553718566895,5.634629249572754,3.4035980701446533,4.652468681335449,0.1841917634010315,0.4019720554351806,0.4413856863975525,0.3535506129264831
2024-09-23 12:00:00,EP102024,15.0,2024-09-27 06:00:00,3 days 18:00:00,18.64,-101.45,1000.4,35.9,47.09791946411133,11.152565002441406,8.729254722595215,4.222012996673584,7.9636030197143555,0.3330021798610687,0.834061324596405,0.189677894115448,0.4089124500751495,0.5936097502708435,0.6422386169433594,0.631248950958252,0.6683586835861206
2024-09-23 12:00:00,EP102024,15.0,2024-09-27 12:00:00,4 days 00:00:00,17.4,-101.43,1002.2,30.2,58.16636657714844,3.024484872817993,0.7998808026313782,0.536247730255127,1.2893246412277222,0.0,0.4012110233306885,0.0,0.0,0.2022293508052826,0.3834095597267151,0.4161428809165954,0.3766898512840271
2024-09-23 12:00:00,EP102024,15.0,2024-09-27 18:00:00,4 days 06:00:00,17.66,-101.36,1004.9,27.6,61.47702407836914,2.542381048202514,2.7951037883758545,3.6871955394744873,1.0500611066818235,2.559610605239868,2.870190382003784,1.921093225479126,2.4781205654144287,0.0,0.0,0.1432512998580932,0.0
2024-09-23 12:00:00,AL972024,16.0,2024-09-23 12:00:00,0 days 00:00:00,17.2,-81.7,1004.0,30.0,185.1999325872245,,,,,,,,,,,,
2024-09-23 12:00:00,AL972024,16.0,2024-09-23 18:00:00,0 days 06:00:00,17.02,-82.01,1006.0,27.1,126.1436004638672,5.459670066833496,3.951421022415161,0.0,1.1207741498947144,0.0521569550037384,0.0918578431010246,0.0,0.0,0.1408824622631073,0.0655533596873283,0.0,0.0366990454494953
2024-09-23 12:00:00,AL972024,16.0,2024-09-24 00:00:00,0 days 12:00:00,17.58,-82.05,1003.2,32.1,67.8553237915039,6.206015110015869,2.182171583175659,0.0,2.0646040439605717,0.228332445025444,0.0,0.0,0.0,0.1658003181219101,0.0087138190865516,0.0319089442491531,0.0745199397206306
2024-09-23 12:00:00,AL972024,16.0,2024-09-24 06:00:00,0 days 18:00:00,17.95,-83.03,1001.5,30.8,133.64166259765625,34.917049407958984,28.2649040222168,17.17766761779785,24.340465545654297,0.0,0.0,0.0,0.0,0.0,0.0328122191131114,0.0,0.0
2024-09-23 12:00:00,AL972024,16.0,2024-09-24 12:00:00,1 days 00:00:00,18.63,-83.56,999.6,38.1,147.25401306152344,80.93342590332031,72.93013000488281,48.43739700317383,59.47629928588867,0.2612876296043396,0.2275104820728302,0.0,0.1113238558173179,0.1376611888408661,0.1914297938346862,0.1569026112556457,0.1857692003250122
2024-09-23 12:00:00,AL972024,16.0,2024-09-24 18:00:00,1 days 06:00:00,19.02,-84.22,996.8,41.6,133.572998046875,236.04019165039065,218.46241760253903,171.77749633789062,191.22726440429688,12.001173973083496,10.077394485473633,6.498235702514648,8.930122375488281,0.0,0.0,0.0511528104543685,0.0
2024-09-23 12:00:00,AL972024,16.0,2024-09-25 00:00:00,1 days 12:00:00,19.48,-85.0,992.5,47.1,65.17549896240234,70.91393280029297,62.86253356933594,42.14522171020508,52.66109848022461,1.0827984809875488,0.0,0.0,0.1162617653608322,0.0747382715344429,0.0096287271007895,0.0,0.002876992104575
2024-09-23 12:00:00,AL972024,16.0,2024-09-25 06:00:00,1 days 18:00:00,20.59,-85.55,995.2,44.9,89.00940704345703,37.44817733764648,27.79490852355957,9.397945404052734,25.63743782043457,2.93243408203125,1.6058425903320312,0.0,1.504453420639038,0.0,0.0,0.0,0.0
2024-09-23 12:00:00,AL972024,16.0,2024-09-25 12:00:00,2 days 00:00:00,21.49,-85.56,983.7,61.1,73.16461181640625,146.88331604003906,135.28395080566406,94.97028350830078,116.40741729736328,24.179855346679688,19.529130935668945,10.552031517028809,16.240266799926758,0.4094254374504089,0.0,0.0,0.0
2024-09-23 12:00:00,AL972024,16.0,2024-09-25 18:00:00,2 days 06:00:00,22.42,-86.23,978.3,69.2,63.16023254394531,186.942138671875,162.31253051757812,114.72999572753906,151.4665069580078,77.95590209960938,65.67940521240234,48.39981460571289,60.68339538574219,21.424779891967773,18.16095733642578,14.06808090209961,16.946809768676758
2024-09-23 12:00:00,AL972024,16.0,2024-09-26 00:00:00,2 days 12:00:00,23.36,-86.25,975.8,72.6,36.35492706298828,198.57464599609372,191.8584442138672,141.7578887939453,151.07562255859375,35.48045349121094,32.478084564208984,19.262882232666016,24.02494239807129,0.6334878206253052,0.5564379692077637,0.0,0.0
2024-09-23 12:00:00,AL972024,16.0,2024-09-26 06:00:00,2 days 18:00:00,24.63,-85.96,962.0,91.4,24.85564613342285,247.67417907714844,236.35958862304688,181.0095367431641,199.17044067382807,74.45917510986328,67.31382751464844,48.34601593017578,57.90629959106445,22.711410522460938,20.36128807067871,16.061086654663086,18.173952102661133
2024-09-23 12:00:00,AL972024,16.0,2024-09-26 12:00:00,3 days 00:00:00,25.75,-85.59,964.7,85.5,34.371150970458984,254.7763519287109,260.1517028808594,197.09312438964844,201.3737030029297,104.8444595336914,103.25376892089844,79.497314453125,82.96404266357422,38.3482780456543,37.48068618774414,30.36916160583496,31.37848663330078
2024-09-23 12:00:00,AL972024,16.0,2024-09-26 18:00:00,3 days 06:00:00,27.47,-84.65,944.0,111.4,42.13579177856445,260.5089416503906,267.4620361328125,185.7118377685547,207.60325622558597,117.00753021240234,114.5849838256836,90.23374938964844,95.83041381835938,59.54308319091797,56.88806915283203,46.52083206176758,49.85984802246094
2024-09-23 12:00:00,AL972024,16.0,2024-09-27 00:00:00,3 days 12:00:00,29.36,-83.55,947.4,104.3,21.81213760375977,254.6073303222656,252.76182556152344,178.3953094482422,190.2771453857422,100.0915298461914,99.76154327392578,76.88348388671875,80.91537475585938,45.77131652832031,45.20505905151367,35.937957763671875,38.266483306884766
2024-09-23 12:00:00,AL972024,16.0,2024-09-27 06:00:00,3 days 18:00:00,32.44,-82.44,971.0,63.0,84.5329818725586,166.03231811523438,166.81723022460938,117.39966583251952,124.46905517578124,45.13214111328125,44.0805778503418,28.93580818176269,32.65858459472656,2.7323668003082275,2.218161106109619,0.0,0.6649861931800842
2024-09-23 12:00:00,AL972024,16.0,2024-09-27 12:00:00,4 days 00:00:00,35.48,-81.91,982.2,42.9,111.20233154296876,97.65601348876952,105.82020568847656,77.40994262695312,72.77943420410156,14.182955741882324,15.8951997756958,10.829188346862791,10.26481819152832,1.2560724020004272,1.3236595392227173,0.3720240294933319,0.5881260633468628
2024-09-23 12:00:00,AL972024,16.0,2024-09-27 18:00:00,4 days 06:00:00,37.78,-82.09,990.3,35.9,54.94614791870117,16.02956199645996,24.880882263183597,15.200718879699709,10.374279022216797,0.0,1.2569221258163452,0.1331153362989425,0.0,0.0,0.3217414021492004,0.0386725328862667,0.0
2024-09-23 12:00:00,AL972024,16.0,2024-09-28 00:00:00,4 days 12:00:00,38.79,-85.12,991.6,31.7,77.77964782714844,16.317785263061523,14.174802780151367,8.21540355682373,11.977931022644045,0.0,0.0,0.0,0.0,0.138825312256813,0.1847806423902511,0.0584011375904083,0.0
2024-09-23 12:00:00,AL972024,16.0,2024-09-28 06:00:00,4 days 18:00:00,38.18,-87.57,991.8,27.9,148.32376098632812,7.95736837387085,6.646051406860352,6.242379188537598,7.515876770019531,0.0,0.0,0.0,0.1948065757751464,0.3441253900527954,0.0,0.0,0.1254696547985077
2024-09-23 12:00:00,AL972024,16.0,2024-09-28 12:00:00,5 days 00:00:00,36.97,-88.31,996.4,20.9,164.2421417236328,5.319741249084473,1.3230814933776855,0.0,0.797845721244812,0.2630755305290222,0.2579455375671386,0.0,0.5143629312515259,0.1455595940351486,0.0016038626199588,0.0,0.0427056774497032
2024-09-23 12:00:00,AL972024,16.0,2024-09-28 18:00:00,5 days 06:00:00,37.58,-86.71,997.0,24.2,136.9484100341797,4.84823751449585,6.444903373718262,0.4572415947914123,1.5715397596359253,0.4022137522697449,0.3120468854904175,0.0,0.106043666601181,0.116669051349163,0.0648799911141395,0.0,0.0
2024-09-23 12:00:00,EP102024,16.0,2024-09-23 12:00:00,0 days 00:00:00,14.6,-98.4,992.0,60.0,37.03998651744491,74.07997303488982,55.55997977616736,55.55997977616736,55.55997977616736,37.03998651744491,0.0,0.0,0.0,,,,
2024-09-23 12:00:00,EP102024,16.0,2024-09-23 18:00:00,0 days 06:00:00,15.17,-98.67,993.1,52.6,54.66225051879883,100.37266540527344,86.77357482910156,62.43086624145508,80.10647583007812,20.23939323425293,16.575557708740234,10.81919288635254,14.494542121887209,0.1479284763336181,0.0,0.0,0.0
2024-09-23 12:00:00,EP102024,16.0,2024-09-24 00:00:00,0 days 12:00:00,15.53,-98.59,993.7,50.6,42.24241638183594,91.6100845336914,85.25601959228516,64.62965393066406,73.283935546875,5.751475811004639,4.438502788543701,2.060180425643921,3.4380624294281006,0.0,0.0,0.0,0.0
2024-09-23 12:00:00,EP102024,16.0,2024-09-24 06:00:00,0 days 18:00:00,16.22,-98.76,982.0,67.4,59.036720275878906,82.21419525146484,73.11568450927734,51.91860961914063,69.93401336669922,33.90977096557617,29.137603759765625,23.984394073486328,28.4580020904541,15.370384216308594,13.24421215057373,11.12963581085205,13.068857192993164
2024-09-23 12:00:00,EP102024,16.0,2024-09-24 12:00:00,1 days 00:00:00,16.82,-99.2,986.9,58.7,66.3367691040039,118.63235473632812,107.93829345703124,79.23316955566406,98.7220458984375,26.43551254272461,21.566694259643555,15.22580909729004,19.639066696166992,2.843481540679932,1.887482523918152,1.0104553699493408,1.568082571029663
2024-09-23 12:00:00,EP102024,16.0,2024-09-24 18:00:00,1 days 06:00:00,16.88,-100.11,997.4,43.1,90.33314514160156,153.23516845703125,136.08802795410156,105.27596282958984,122.88619995117188,22.35187721252441,18.55506896972656,12.819931983947754,17.063785552978516,0.7127465605735779,0.5152621269226074,0.0862293988466262,0.3008287250995636
2024-09-23 12:00:00,EP102024,16.0,2024-09-25 00:00:00,1 days 12:00:00,16.8,-101.09,999.1,38.7,52.06312942504883,8.23752498626709,7.171876430511475,1.032090187072754,4.040399074554443,0.8440385460853577,1.0445047616958618,0.1873435080051422,0.2059304118156433,0.4900082051753998,0.3694713711738586,0.2783029675483703,0.274131566286087
2024-09-23 12:00:00,EP102024,16.0,2024-09-25 06:00:00,1 days 18:00:00,16.5,-101.71,1000.4,31.7,123.6426773071289,0.468850702047348,0.674575924873352,1.880291223526001,0.6738389134407043,0.0,0.4828004240989685,0.621661901473999,0.0328204520046711,0.6203860640525818,0.6172419786453247,0.6017717123031616,0.4801534116268158
2024-09-23 12:00:00,EP102024,16.0,2024-09-25 12:00:00,2 days 00:00:00,16.43,-103.27,1000.4,31.7,113.4255828857422,3.4688680171966557,5.295780658721924,2.224569320678711,0.647773265838623,0.0,0.4511714577674866,0.2428739517927169,0.0,0.2108450531959533,0.3028178215026855,0.1944221407175064,0.1503766179084777
2024-09-23 12:00:00,EP102024,16.0,2024-09-25 18:00:00,2 days 06:00:00,16.3,-101.86,998.2,35.6,101.24227905273438,17.22344398498535,18.224084854125977,11.600529670715332,11.357144355773926,1.7414865493774414,1.8118977546691892,1.046518087387085,1.1296615600585938,0.0,0.110342152416706,0.1248801127076149,0.0
2024-09-23 12:00:00,EP102024,16.0,2024-09-26 00:00:00,2 days 12:00:00,16.3,-101.53,994.2,46.1,38.82255935668945,55.97234344482422,50.36288070678711,34.960975646972656,41.56756591796875,2.4087026119232178,1.9377530813217163,0.4695035815238952,1.1151812076568604,0.1508973836898803,0.1884922385215759,0.1697772890329361,0.0313189923763275
2024-09-23 12:00:00,EP102024,16.0,2024-09-26 06:00:00,2 days 18:00:00,16.66,-101.69,998.1,41.0,55.07392883300781,143.51512145996094,133.60585021972656,106.67925262451172,115.94178009033205,0.1786500811576843,0.0,0.0,0.2112611979246139,0.1290481388568878,0.3874818086624145,0.3004728853702545,0.2711539268493652
2024-09-23 12:00:00,EP102024,16.0,2024-09-26 12:00:00,3 days 00:00:00,17.34,-101.93,997.0,41.9,63.955665588378906,98.7193832397461,90.73894500732422,71.56953430175781,78.09561157226562,1.434355616569519,1.294826626777649,0.0,0.8360608816146851,0.5438290238380432,0.603545606136322,0.4344443678855896,0.4858583807945251
2024-09-23 12:00:00,EP102024,16.0,2024-09-26 18:00:00,3 days 06:00:00,17.36,-101.3,997.7,37.3,99.47332000732422,61.102027893066406,56.695613861083984,43.418853759765625,46.1536979675293,3.797986268997192,3.5090174674987797,1.8477288484573364,2.613382339477539,0.0,0.1046272590756416,0.193795621395111,0.0
2024-09-23 12:00:00,EP102024,16.0,2024-09-27 00:00:00,3 days 12:00:00,17.98,-101.62,1002.4,31.5,43.94733428955078,17.471004486083984,15.187835693359377,10.360652923583984,11.696599960327148,0.0505444966256618,0.9788299202919006,0.3794152736663818,0.1546682715415954,0.0,0.0,0.2607098817825317,0.0424330160021781
2024-09-23 12:00:00,EP102024,16.0,2024-09-27 06:00:00,3 days 18:00:00,18.4,-101.17,1002.5,28.2,113.27972412109376,12.491981506347656,9.421881675720217,4.503994464874268,7.168416976928711,0.3252174854278564,0.3939023017883301,0.0,0.0,0.3544576466083526,0.2098418623208999,0.3414459228515625,0.2714503705501556
2024-09-23 12:00:00,AL972024,17.0,2024-09-23 12:00:00,0 days 00:00:00,17.2,-81.7,1004.0,30.0,185.1999325872245,,,,,,,,,,,,
2024-09-23 12:00:00,AL972024,17.0,2024-09-23 18:00:00,0 days 06:00:00,17.13,-82.28,1006.4,25.3,88.72431182861328,1.2228156328201294,0.7001376748085022,0.0,0.0,0.0,0.0461285449564456,0.0407694950699806,0.0,0.0625823661684989,0.061445765197277,0.0578550994396209,0.0321366935968399
2024-09-23 12:00:00,AL972024,17.0,2024-09-24 00:00:00,0 days 12:00:00,17.62,-82.19,1003.8,30.0,62.99360656738281,6.29226541519165,2.275845050811768,0.0,1.8166251182556152,0.0,0.0,0.0,0.0,0.1425520330667495,0.0,0.0,0.0417240150272846
2024-09-23 12:00:00,AL972024,17.0,2024-09-24 06:00:00,0 days 18:00:00,18.56,-83.3,1004.7,27.2,152.84197998046875,5.882315635681152,3.097032070159912,0.0,1.24700665473938,0.1185727566480636,0.1460353434085846,0.0,0.0563428327441215,0.0454998947679996,0.027111068367958,0.0,0.0149937337264418
2024-09-23 12:00:00,AL972024,17.0,2024-09-24 12:00:00,1 days 00:00:00,18.32,-83.75,1002.0,31.6,121.40938568115234,6.7758965492248535,5.855205535888672,0.0,1.303988695144653,0.0956818982958793,0.2860321402549743,0.1717924177646637,0.0783987715840339,0.1058915108442306,0.1116483435034751,0.0610939338803291,0.0484273545444011
2024-09-23 12:00:00,AL972024,17.0,2024-09-24 18:00:00,1 days 06:00:00,19.03,-84.36,997.9,40.7,149.57763671875,208.38722229003903,193.32765197753903,149.55189514160156,165.52305603027344,0.4359082579612732,0.1348833441734314,0.0,0.0,0.0502117723226547,0.4466473758220672,0.2784459292888641,0.1148894950747489
2024-09-23 12:00:00,AL972024,17.0,2024-09-25 00:00:00,1 days 12:00:00,19.45,-84.99,996.5,47.7,111.01448822021484,212.10073852539065,197.20413208007807,151.90589904785156,168.3932342529297,1.033126950263977,0.0711746737360954,0.0,0.1877570748329162,0.206850528717041,0.3262044787406921,0.1389933377504348,0.1640329360961914
2024-09-23 12:00:00,AL972024,17.0,2024-09-25 06:00:00,1 days 18:00:00,20.64,-85.61,994.9,47.1,103.00296783447266,119.87935638427734,99.98104858398438,65.49785614013672,92.53721618652344,20.220020294189453,15.69208526611328,9.11974811553955,14.714027404785156,0.3322863578796386,0.0,0.0,0.1505071818828582
2024-09-23 12:00:00,AL972024,17.0,2024-09-25 12:00:00,2 days 00:00:00,21.85,-86.06,985.5,61.6,65.64520263671875,157.1910858154297,146.5364990234375,104.13937377929688,119.95148468017578,2.500062227249145,0.6422691941261292,0.0,0.3199510276317596,0.237928956747055,0.0421586446464061,0.0,0.12582828104496
2024-09-23 12:00:00,AL972024,17.0,2024-09-25 18:00:00,2 days 06:00:00,22.83,-86.61,984.2,63.1,43.08027648925781,202.40219116210935,177.65696716308594,129.28257751464844,160.46128845214844,59.36182403564453,50.05155563354492,33.671669006347656,42.67406463623047,2.3134350776672363,1.4308937788009644,0.0,0.1838220059871673
2024-09-23 12:00:00,AL972024,17.0,2024-09-26 00:00:00,2 days 12:00:00,23.51,-86.98,982.3,62.1,58.211307525634766,241.30862426757807,224.03289794921875,166.2459716796875,193.86029052734372,86.40296936035156,76.1605453491211,54.12315368652344,65.19419860839844,10.107528686523438,8.33759880065918,5.339701652526856,6.144942760467529
2024-09-23 12:00:00,AL972024,17.0,2024-09-26 06:00:00,2 days 18:00:00,24.49,-86.76,971.4,75.1,68.77718353271484,231.26138305664065,222.1035919189453,174.50668334960938,190.16346740722656,126.28658294677734,121.1507339477539,98.59602355957033,105.98405456542967,55.97272872924805,53.26369857788086,45.03563690185547,47.33308410644531
2024-09-23 12:00:00,AL972024,17.0,2024-09-26 12:00:00,3 days 00:00:00,25.95,-85.77,958.6,92.8,56.23463439941406,217.6380157470703,231.1464691162109,174.6109619140625,176.17996215820312,110.7027587890625,113.61046600341795,94.87782287597656,92.03458404541016,55.87617111206055,55.58464813232422,46.67454147338867,47.201908111572266
2024-09-23 12:00:00,AL972024,17.0,2024-09-26 18:00:00,3 days 06:00:00,27.81,-84.57,952.5,100.4,38.02108001708984,293.27105712890625,307.9276123046875,224.29415893554688,234.01031494140625,149.38682556152344,150.49853515625,123.41973114013672,124.28944396972656,81.25804901123047,80.58660888671875,67.16626739501953,68.65105438232422
2024-09-23 12:00:00,AL972024,17.0,2024-09-27 00:00:00,3 days 12:00:00,30.17,-83.9,946.5,99.6,39.96714401245117,278.0413818359375,276.233642578125,194.14138793945312,219.4752960205078,120.85980987548828,119.87433624267578,94.88948822021484,101.4371337890625,61.08108901977539,59.55709838867188,47.72929763793945,51.14461898803711
2024-09-23 12:00:00,AL972024,17.0,2024-09-27 06:00:00,3 days 18:00:00,33.39,-84.11,969.5,67.0,53.04874038696289,247.36135864257807,235.22792053222656,176.40338134765625,200.56350708007807,125.33885955810548,122.87681579589844,98.5915756225586,105.50772857666016,45.49715423583984,44.23173522949219,34.98234558105469,37.71824264526367
2024-09-23 12:00:00,AL972024,17.0,2024-09-27 12:00:00,4 days 00:00:00,35.68,-83.52,983.7,43.8,111.53897857666016,193.98876953125,186.18609619140625,139.44683837890625,155.9618682861328,42.79509353637695,40.77918243408203,27.232540130615234,32.63791275024414,2.157403945922852,1.691281795501709,0.0,1.0602457523345947
2024-09-23 12:00:00,AL972024,17.0,2024-09-27 18:00:00,4 days 06:00:00,36.39,-84.52,990.9,31.8,125.83020782470705,41.670692443847656,41.21623611450195,30.017547607421875,30.95782470703125,0.0,1.064563870429993,0.1795022785663604,0.2941521406173706,0.312690258026123,0.101419098675251,0.0,0.3166828453540802
2024-09-23 12:00:00,AL972024,17.0,2024-09-28 00:00:00,4 days 12:00:00,37.23,-84.91,997.6,24.7,79.91752624511719,7.288189888000488,5.355018138885498,3.985514879226685,0.4497963190078735,0.0,0.0,0.0,0.1202583760023117,0.2817037105560303,0.1486772447824478,0.0,0.1925418674945831
2024-09-23 12:00:00,AL972024,17.0,2024-09-28 06:00:00,4 days 18:00:00,37.82,-86.48,996.2,24.8,150.45643615722656,12.301420211791992,9.11879825592041,6.628602981567383,6.499745845794678,0.2625612616539001,1.2742021083831787,0.8028032779693604,1.200096607208252,0.0905733257532119,0.0,0.1722065955400467,0.125830590724945
2024-09-23 12:00:00,EP102024,17.0,2024-09-23 12:00:00,0 days 00:00:00,14.6,-98.4,992.0,60.0,37.03998651744491,74.07997303488982,55.55997977616736,55.55997977616736,55.55997977616736,37.03998651744491,0.0,0.0,0.0,,,,
2024-09-23 12:00:00,EP102024,17.0,2024-09-23 18:00:00,0 days 06:00:00,15.37,-98.57,992.3,56.4,36.71171951293945,86.46898651123047,77.13663482666016,54.89177322387695,67.6379165649414,14.89202880859375,11.933626174926758,6.845796585083008,10.084985733032228,0.0548559240996837,0.0,0.0,0.0
2024-09-23 12:00:00,EP102024,17.0,2024-09-24 00:00:00,0 days 12:00:00,15.61,-98.59,981.2,70.5,25.707332611083984,87.21945190429688,78.28060913085938,59.30504989624024,70.9442367553711,28.87835121154785,26.04070854187012,19.698469161987305,23.212974548339844,9.024374961853027,8.126104354858398,6.687723636627197,7.724606037139893
2024-09-23 12:00:00,EP102024,17.0,2024-09-24 06:00:00,0 days 18:00:00,16.19,-98.96,985.9,64.6,52.64793395996094,80.55551147460938,67.90957641601562,49.81353759765625,69.06510162353516,35.84614181518555,30.120229721069336,23.688316345214844,29.37586212158203,11.51719570159912,9.557085990905762,8.10120677947998,9.400721549987791
2024-09-23 12:00:00,EP102024,17.0,2024-09-24 12:00:00,1 days 00:00:00,16.32,-99.23,996.1,44.9,67.58163452148438,79.82105255126953,74.14024353027344,55.07614135742188,66.32122039794922,10.530455589294434,8.675661087036133,6.499723434448242,7.542374134063721,0.8417006731033325,0.8543533086776733,0.5462817549705505,0.6581669449806213
2024-09-23 12:00:00,EP102024,17.0,2024-09-24 18:00:00,1 days 06:00:00,16.21,-100.17,1000.8,37.6,120.82561492919922,183.67181396484372,173.20480346679688,134.43287658691406,146.93264770507812,3.902297973632813,2.977713823318481,0.6845700144767761,2.482721328735352,0.3420526385307312,0.3883717656135559,0.3599798679351806,0.1897097676992416
2024-09-23 12:00:00,EP102024,17.0,2024-09-25 00:00:00,1 days 12:00:00,15.9,-100.13,1002.6,33.9,85.5182876586914,30.53201484680176,27.14314079284668,19.90921211242676,21.998933792114254,0.0,0.0,0.0,0.0,0.4870823621749878,0.5173338055610657,0.4251559376716614,0.3149049878120422
2024-09-23 12:00:00,EP102024,17.0,2024-09-25 06:00:00,1 days 18:00:00,16.16,-100.41,999.0,36.9,109.66497039794922,55.91251373291016,51.85614776611328,37.96818923950195,43.75201034545898,1.4966731071472168,0.9939448833465576,0.3177158236503601,1.12834894657135,0.7253603339195251,0.6075183749198914,0.7757303714752197,0.4030762016773224
2024-09-23 12:00:00,EP102024,17.0,2024-09-25 12:00:00,2 days 00:00:00,16.12,-100.7,997.5,42.9,70.12785339355469,53.98883438110352,46.54783248901367,33.42532730102539,41.15850067138672,0.59834885597229,0.3428381979465484,0.0,0.4190079271793365,0.9303228259086608,0.7775943875312805,0.5334672927856445,0.6763067245483398
2024-09-23 12:00:00,EP102024,17.0,2024-09-25 18:00:00,2 days 06:00:00,15.93,-100.71,996.4,45.0,44.78211975097656,78.27320861816406,73.11540985107422,50.16001129150391,59.39091873168945,4.559225082397461,2.9995360374450684,1.1483030319213867,2.312617778778076,0.0,0.0190450102090835,0.1174293085932731,0.0
2024-09-23 12:00:00,EP102024,17.0,2024-09-26 00:00:00,2 days 12:00:00,16.82,-100.91,989.1,56.2,43.39493179321289,139.2742156982422,121.55326080322266,92.60850524902344,114.26065063476562,48.509864807128906,41.88262939453125,30.21160125732422,37.50128173828125,5.870856761932373,4.881279468536377,3.3981196880340576,4.05819845199585
2024-09-23 12:00:00,EP102024,17.0,2024-09-26 06:00:00,2 days 18:00:00,17.39,-101.18,992.2,50.7,73.04138946533203,94.00765991210938,82.86434936523438,61.15704727172852,78.02720642089844,37.877708435058594,32.80289459228516,25.460119247436523,30.05888557434082,7.226086616516113,5.918003559112549,4.3631463050842285,5.4426679611206055
2024-09-23 12:00:00,EP102024,17.0,2024-09-26 12:00:00,3 days 00:00:00,17.74,-101.0,992.0,50.3,78.84294891357422,118.9016342163086,110.1908950805664,84.50071716308594,96.87259674072266,30.78495407104492,26.731300354003903,19.65105438232422,23.472312927246094,2.987733602523804,2.1870760917663574,1.380081295967102,1.7443736791610718
2024-09-23 12:00:00,EP102024,17.0,2024-09-26 18:00:00,3 days 06:00:00,18.41,-102.12,1002.4,32.1,74.1611557006836,9.32339572906494,8.19972038269043,4.395349502563477,4.677978038787842,2.432983160018921,2.55324649810791,0.5574678182601929,2.0745553970336914,0.3825356960296631,0.4478835165500641,0.4555594325065613,0.4178959131240845
2024-09-23 12:00:00,EP102024,17.0,2024-09-27 00:00:00,3 days 12:00:00,18.18,-101.7,1001.2,28.0,104.29730224609376,6.633659839630127,6.768113136291504,4.871400833129883,2.691631555557251,0.2464635670185089,0.950470209121704,0.5921393632888794,0.3274280130863189,0.0,0.0,0.1263671219348907,0.0
2024-09-23 12:00:00,AL972024,18.0,2024-09-23 12:00:00,0 days 00:00:00,17.2,-81.7,1004.0,30.0,185.1999325872245,,,,,,,,,,,,
2024-09-23 12:00:00,AL972024,18.0,2024-09-23 18:00:00,0 days 06:00:00,17.48,-81.69,1003.8,32.0,62.42073822021485,8.145004272460938,5.739493370056152,0.0,1.340021014213562,0.2908847332000732,0.251067042350769,0.0,0.0,0.0553508587181568,0.0,0.0,0.0
2024-09-23 12:00:00,AL972024,18.0,2024-09-24 00:00:00,0 days 12:00:00,17.67,-81.69,1002.5,35.8,56.56855010986328,10.203685760498049,6.7524094581604,0.0,2.960740566253662,0.0,0.0,0.0,0.0,0.0954412221908569,0.0038754758425056,0.0,0.0133547047153115
2024-09-23 12:00:00,AL972024,18.0,2024-09-24 06:00:00,0 days 18:00:00,18.07,-82.91,1001.7,29.6,125.64682006835938,1.3495702743530271,0.2646553814411163,0.0,0.0,0.0,0.0,0.0,0.0,0.0,0.0,0.0,0.0553964227437973
2024-09-23 12:00:00,AL972024,18.0,2024-09-24 12:00:00,1 days 00:00:00,18.6,-82.37,1000.2,35.5,119.542724609375,7.726630687713623,6.9598774909973145,0.0,1.478690266609192,0.0,0.1623164266347885,0.0,0.0,0.0,0.0,0.0486602857708931,0.0
2024-09-23 12:00:00,AL972024,18.0,2024-09-24 18:00:00,1 days 06:00:00,18.99,-84.25,998.0,39.0,140.70082092285156,159.0601806640625,145.55035400390625,109.3368682861328,125.1185302734375,0.7753512263298035,0.1998449862003326,0.0,0.4172271192073822,0.169218361377716,0.2557190954685211,0.1201078221201896,0.1668540388345718
2024-09-23 12:00:00,AL972024,18.0,2024-09-25 00:00:00,1 days 12:00:00,19.84,-84.7,994.2,53.9,77.90274810791016,164.8013458251953,143.8039093017578,105.56552124023438,128.50184631347656,12.038653373718262,8.640544891357422,3.955637454986572,8.211478233337402,0.0,0.0,0.0,0.0
2024-09-23 12:00:00,AL972024,18.0,2024-09-25 06:00:00,1 days 18:00:00,20.31,-85.36,991.7,51.5,81.552001953125,75.51121520996094,66.12550354003906,39.36056900024414,52.52069854736328,1.350578784942627,0.0,0.0,0.0,0.1936036646366119,0.0524876005947589,0.0,0.0587926656007766
2024-09-23 12:00:00,AL972024,18.0,2024-09-25 12:00:00,2 days 00:00:00,21.98,-86.01,984.4,63.6,69.1270523071289,294.8789978027344,258.0949401855469,178.5430145263672,251.7744598388672,138.98634338378906,119.85647583007812,93.10537719726562,112.71656799316406,31.941530227661133,28.26339340209961,21.695831298828125,25.656105041503903
2024-09-23 12:00:00,AL972024,18.0,2024-09-25 18:00:00,2 days 06:00:00,22.72,-86.38,979.6,69.1,54.24480819702149,218.7957305908203,187.6773376464844,133.95516967773438,179.14239501953125,85.0465316772461,70.93927764892578,51.96038818359375,66.06200408935547,21.18927383422852,17.717302322387695,13.462835311889648,16.71634864807129
2024-09-23 12:00:00,AL972024,18.0,2024-09-26 00:00:00,2 days 12:00:00,23.49,-86.49,972.5,80.3,49.81447982788086,202.2545928955078,188.65325927734372,142.39431762695312,165.6200408935547,86.70051574707031,79.4176254272461,62.252906799316406,72.42832946777344,38.33721923828125,34.62871170043945,28.701658248901367,32.4753303527832
2024-09-23 12:00:00,AL972024,18.0,2024-09-26 06:00:00,2 days 18:00:00,24.14,-86.08,957.5,94.4,48.5824089050293,209.03579711914065,206.18844604492188,154.14047241210938,172.7016143798828,92.24918365478516,87.06929779052734,69.49333190917969,76.88417053222656,44.72715759277344,41.493988037109375,34.31583786010742,38.04186630249024
2024-09-23 12:00:00,AL972024,18.0,2024-09-26 12:00:00,3 days 00:00:00,24.95,-85.26,950.1,104.7,29.004859924316406,192.8102569580078,204.85581970214844,159.7418975830078,155.10577392578125,95.90086364746094,97.30335235595705,79.16889190673828,78.61251068115234,49.95329284667969,48.79899978637695,40.90668487548828,42.21544647216797
2024-09-23 12:00:00,AL972024,18.0,2024-09-26 18:00:00,3 days 06:00:00,27.29,-84.23,944.4,108.7,24.579917907714844,195.1732635498047,208.0599670410156,157.21630859375,154.09429931640625,84.620361328125,86.71796417236328,67.2226333618164,66.61851501464844,37.07845306396485,37.40567398071289,30.26564598083496,30.93112564086914
2024-09-23 12:00:00,AL972024,18.0,2024-09-27 00:00:00,3 days 12:00:00,29.49,-83.1,939.8,109.7,49.35538482666016,227.7573699951172,222.91021728515625,154.84902954101562,177.663330078125,107.34019470214844,104.81427001953124,82.99890899658203,89.7181396484375,59.962310791015625,57.597694396972656,47.06779479980469,50.773956298828125
2024-09-23 12:00:00,AL972024,18.0,2024-09-27 06:00:00,3 days 18:00:00,33.12,-83.14,966.4,73.1,42.349098205566406,230.8607635498047,225.5437164306641,163.13963317871094,179.9062042236328,86.52672576904297,81.2756118774414,61.48566818237305,67.4715576171875,22.946882247924805,21.729610443115234,15.735278129577637,17.66805076599121
2024-09-23 12:00:00,AL972024,18.0,2024-09-27 12:00:00,4 days 00:00:00,35.42,-83.84,985.7,37.3,136.0095977783203,14.936691284179688,17.045270919799805,5.6581621170043945,5.512208938598633,1.7441242933273315,2.084102869033813,0.3171656727790832,0.0,0.2107139080762863,0.2591345310211181,0.0,0.1327471733093261
2024-09-23 12:00:00,AL972024,18.0,2024-09-27 18:00:00,4 days 06:00:00,36.67,-85.65,991.3,32.9,64.79060363769531,7.167080879211426,4.434674263000488,2.5510284900665283,5.260964870452881,0.3575904667377472,0.2519868612289428,0.2658782303333282,0.0,0.173088863492012,0.0326467156410217,0.1646105498075485,0.2011667937040329
2024-09-23 12:00:00,EP102024,18.0,2024-09-23 12:00:00,0 days 00:00:00,14.6,-98.4,992.0,60.0,37.03998651744491,74.07997303488982,55.55997977616736,55.55997977616736,55.55997977616736,37.03998651744491,0.0,0.0,0.0,,,,
2024-09-23 12:00:00,EP102024,18.0,2024-09-23 18:00:00,0 days 06:00:00,15.29,-98.72,996.3,49.0,39.44914245605469,74.83128356933594,66.30743408203125,47.45001220703125,58.19699478149414,2.8318541049957275,1.4772324562072754,0.2245008051395416,1.190983533859253,0.0,0.0269142258912324,0.0428401008248329,0.0659757405519485
2024-09-23 12:00:00,EP102024,18.0,2024-09-24 00:00:00,0 days 12:00:00,15.5,-98.72,985.2,63.7,24.39086151123047,79.93871307373047,73.18362426757812,56.88660430908203,63.82503890991211,20.05394172668457,17.780988693237305,11.673429489135742,14.843125343322754,1.4425112009048462,1.1762945652008057,0.7765219211578369,0.9013843536376952
2024-09-23 12:00:00,EP102024,18.0,2024-09-24 06:00:00,0 days 18:00:00,15.9,-98.64,990.7,52.7,63.35902404785156,56.24044418334961,51.42612457275391,37.32237243652344,46.74238204956055,16.23647689819336,14.358200073242188,11.071063041687012,12.418994903564451,2.5672647953033447,2.306800127029419,1.7117122411727903,1.9003782272338867
2024-09-23 12:00:00,EP102024,18.0,2024-09-24 12:00:00,1 days 00:00:00,16.33,-98.71,993.9,48.8,63.78121948242188,77.52975463867188,69.14096069335938,47.37757110595703,61.93386459350586,14.721136093139648,12.159194946289062,8.021631240844727,10.481973648071287,0.8695384860038757,0.6156700849533081,0.2298823893070221,0.2644410133361816
2024-09-23 12:00:00,EP102024,18.0,2024-09-24 18:00:00,1 days 06:00:00,16.71,-98.99,998.5,37.5,101.89618682861328,77.23626708984375,68.43518829345703,50.562110900878906,60.79978561401367,6.85324239730835,6.073513031005859,3.863358736038208,5.203555583953857,0.1181325539946556,0.0837219581007957,0.175864428281784,0.0383730493485927
2024-09-23 12:00:00,EP102024,18.0,2024-09-25 00:00:00,1 days 12:00:00,15.98,-100.9,1003.2,29.1,79.13180541992188,3.4194819927215576,1.2571600675582886,0.0,0.0,0.0246020779013633,0.0877075120806694,0.0,0.0,0.3155239820480346,0.1774673759937286,0.0395113863050937,0.1502109318971634
2024-09-23 12:00:00,EP102024,18.0,2024-09-25 06:00:00,1 days 18:00:00,15.63,-100.23,1001.5,35.1,80.1678466796875,4.37452507019043,2.6928038597106934,0.0,2.719536066055298,0.0307396296411752,0.3895560204982757,0.4204587638378143,0.1991344988346099,0.4597333371639251,0.4425159692764282,0.4183537065982818,0.3208535611629486
2024-09-23 12:00:00,EP102024,18.0,2024-09-25 12:00:00,2 days 00:00:00,16.04,-100.71,1001.7,32.3,148.53765869140625,63.776329040527344,61.5349006652832,45.8306884765625,47.624942779541016,0.0,0.4859136641025543,0.0232426971197128,0.0,0.491275429725647,0.4670510590076446,0.3841131329536438,0.3556607365608215
2024-09-23 12:00:00,EP102024,18.0,2024-09-25 18:00:00,2 days 06:00:00,15.7,-100.53,999.6,38.1,72.81298828125,19.1669921875,14.417529106140137,9.448162078857422,13.277539253234863,0.111937403678894,0.341936856508255,0.0,0.0979450941085815,0.0949587225914001,0.1214846968650817,0.0878665521740913,0.041362065821886
2024-09-23 12:00:00,EP102024,18.0,2024-09-26 00:00:00,2 days 12:00:00,16.1,-100.77,999.6,36.9,67.50167846679688,38.773216247558594,34.09561920166016,22.153793334960938,26.97627067565918,0.9923459887504578,1.3885442018508911,0.0237457957118749,0.502943217754364,0.1806685775518417,0.3045642375946045,0.2969424426555633,0.109687402844429
2024-09-23 12:00:00,EP102024,18.0,2024-09-26 06:00:00,2 days 18:00:00,16.73,-100.56,997.8,41.5,78.37734985351562,78.70423889160156,73.28003692626953,53.63544845581055,62.32969665527344,3.4356939792633057,2.329208850860596,0.8727840781211853,2.219254732131958,0.4821601808071136,0.4238607287406921,0.497309535741806,0.2977082729339599
2024-09-23 12:00:00,EP102024,18.0,2024-09-26 12:00:00,3 days 00:00:00,16.97,-100.68,996.8,44.2,45.34103775024414,86.46485137939453,77.26950073242188,56.97314834594727,67.81697845458984,3.315403461456299,2.0451977252960205,0.2666985094547272,2.20881724357605,0.2295849025249481,0.3962679207324981,0.251103401184082,0.3666069507598877
2024-09-23 12:00:00,EP102024,18.0,2024-09-26 18:00:00,3 days 06:00:00,17.14,-100.7,999.3,36.8,38.187129974365234,13.448878288269045,13.07880973815918,4.758873462677002,7.675174713134766,1.863834023475647,2.565720558166504,1.0540556907653809,1.3718901872634888,0.0515289455652236,0.1438540369272232,0.241592988371849,0.1336895227432251
2024-09-23 12:00:00,EP102024,18.0,2024-09-27 00:00:00,3 days 12:00:00,17.82,-101.54,999.0,36.1,93.9032745361328,25.173498153686523,21.499422073364254,16.243854522705078,15.688028335571287,1.8647329807281492,2.4480907917022705,1.5052835941314695,1.3213582038879397,0.4284703135490417,0.4294017851352691,0.380498319864273,0.3355295062065124
2024-09-23 12:00:00,EP102024,18.0,2024-09-27 06:00:00,3 days 18:00:00,17.8,-102.08,1002.4,31.0,56.518314361572266,8.658791542053223,4.782022476196289,2.2643184661865234,5.569524765014648,0.0,0.0609537959098815,0.0,0.0,0.3525054454803467,0.4824363887310028,0.4885644018650055,0.4448713362216949
2024-09-23 12:00:00,EP102024,18.0,2024-09-27 12:00:00,4 days 00:00:00,18.26,-102.1,1001.6,29.9,102.7275619506836,2.034337043762207,1.3194478750228882,0.166780486702919,0.6552776098251343,0.2382166087627411,0.7962723970413208,1.0078775882720947,0.4593930840492248,1.737869381904602,1.6548892259597778,1.6135350465774536,1.3974202871322632
2024-09-23 12:00:00,EP102024,18.0,2024-09-27 18:00:00,4 days 06:00:00,18.52,-102.14,1005.0,27.6,54.00421142578125,4.721127986907959,4.603208065032959,2.7209115028381348,1.446422100067139,2.58442759513855,3.4472014904022217,1.6577956676483154,2.34088134765625,0.100391112267971,0.1953382790088653,0.2779237627983093,0.069760151207447
2024-09-23 12:00:00,EP102024,18.0,2024-09-28 00:00:00,4 days 12:00:00,17.96,-103.06,1005.7,26.9,62.64213180541992,0.0954081788659095,0.1177387908101081,1.1861220598220823,0.3317026793956756,0.0505458861589431,0.6908227801322937,0.611526608467102,0.2819772064685821,0.1352610141038894,0.2894396781921386,0.3597384989261627,0.1960657089948654
2024-09-23 12:00:00,EP102024,18.0,2024-09-28 06:00:00,4 days 18:00:00,17.73,-103.02,1002.4,30.1,92.73606872558594,11.281331062316896,10.164565086364746,7.159780502319336,8.37159538269043,0.6778376698493958,1.126353144645691,0.5146945118904114,0.2820421159267425,0.2057665437459945,0.1982505172491073,0.2180350720882415,0.1045654267072677
2024-09-23 12:00:00,EP102024,18.0,2024-09-28 12:00:00,5 days 00:00:00,18.19,-104.1,1002.8,30.8,98.3794403076172,20.33384704589844,16.16807746887207,11.07485294342041,15.0400390625,0.1259214431047439,0.9043204188346864,0.6107441186904907,0.1186738237738609,0.0,0.1480327099561691,0.2065550535917282,0.0
2024-09-23 12:00:00,EP102024,18.0,2024-09-28 18:00:00,5 days 06:00:00,18.41,-105.71,1005.0,22.9,116.8748550415039,0.2367177903652191,2.001033306121826,3.043631792068481,0.3551742136478424,1.0820471048355105,1.5369635820388794,0.8170899152755737,1.3993474245071411,0.0599979981780052,0.1134867370128631,0.20710389316082,0.1533260643482208
2024-09-23 12:00:00,EP102024,18.0,2024-09-29 00:00:00,5 days 12:00:00,19.04,-106.16,1004.9,25.7,115.7888412475586,2.4175384044647217,1.0334879159927368,0.4823427498340606,0.5312235951423645,0.1060003116726875,0.6218596696853638,0.7527908086776733,0.1990991532802581,0.091648519039154,0.2807816565036773,0.1983087360858917,0.1185700148344039
2024-09-23 12:00:00,AL972024,19.0,2024-09-23 12:00:00,0 days 00:00:00,17.2,-81.7,1004.0,30.0,185.1999325872245,,,,,,,,,,,,
2024-09-23 12:00:00,AL972024,19.0,2024-09-23 18:00:00,0 days 06:00:00,16.77,-82.18,1005.9,28.6,83.91305541992188,2.213793992996216,1.642762303352356,0.0,0.0,0.0765693262219429,0.2110960483551025,0.004869938828051,0.0,0.086413986980915,0.0653936117887497,0.0805116966366767,0.0599048323929309
2024-09-23 12:00:00,AL972024,19.0,2024-09-24 00:00:00,0 days 12:00:00,17.56,-82.1,1003.6,34.7,85.0811767578125,90.5693130493164,81.38117980957031,57.44368362426758,68.26324462890625,0.1865156292915344,0.0,0.0,0.0,0.142262801527977,0.183100938796997,0.0641431212425232,0.0
2024-09-23 12:00:00,AL972024,19.0,2024-09-24 06:00:00,0 days 18:00:00,17.93,-83.08,1002.8,32.9,85.0181655883789,5.079103469848633,2.7502150535583496,0.0,0.076438270509243,0.0,0.0,0.0,0.0,0.0,0.0224534496665,0.0595662333071231,0.011620407924056
2024-09-23 12:00:00,AL972024,19.0,2024-09-24 12:00:00,1 days 00:00:00,17.92,-83.48,999.9,37.5,66.101318359375,3.972386121749878,2.344990968704224,0.0,0.0,0.0,0.1104645431041717,0.1782178580760955,0.0,0.0920520722866058,0.0366229116916656,0.0621395967900753,0.028526684269309
2024-09-23 12:00:00,AL972024,19.0,2024-09-24 18:00:00,1 days 06:00:00,18.46,-84.25,1000.6,37.9,135.05166625976562,66.05062103271484,56.299930572509766,33.05429458618164,47.63655853271485,1.1543515920639038,0.6642022728919983,0.0,0.5626011490821838,0.0629131495952606,0.173584908246994,0.1223734766244888,0.145206868648529
2024-09-23 12:00:00,AL972024,19.0,2024-09-25 00:00:00,1 days 12:00:00,18.99,-85.29,996.5,43.2,74.37557220458984,114.37027740478516,105.6169662475586,82.2667007446289,88.69117736816406,0.0514238327741622,0.0,0.0,0.0,0.1988658159971237,0.1515486240386963,0.0260172355920076,0.0848697572946548
2024-09-23 12:00:00,AL972024,19.0,2024-09-25 06:00:00,1 days 18:00:00,20.3,-86.24,995.4,43.3,110.38417053222656,93.12787628173828,79.41943359375,53.37464141845703,71.32567596435547,2.1000003814697266,0.9106274247169496,0.0,1.128231406211853,0.0374934375286102,0.0017550447955727,0.0,0.01377066783607
2024-09-23 12:00:00,AL972024,19.0,2024-09-25 12:00:00,2 days 00:00:00,20.75,-86.29,991.1,49.8,101.87174224853516,136.34104919433594,123.82878112792967,87.16709899902344,104.125244140625,2.3341257572174072,0.5918989777565002,0.0,0.657636821269989,0.0,0.0,0.0,0.0
2024-09-23 12:00:00,AL972024,19.0,2024-09-25 18:00:00,2 days 06:00:00,21.62,-86.94,981.3,65.4,66.3966064453125,207.9420928955078,178.57472229003906,124.57929229736328,169.43414306640625,95.41291809082033,81.6219711303711,61.47768020629883,75.68657684326172,24.404211044311523,20.90358543395996,16.246782302856445,19.230287551879883
2024-09-23 12:00:00,AL972024,19.0,2024-09-26 00:00:00,2 days 12:00:00,22.35,-87.05,981.8,64.3,43.51436233520508,166.13523864746094,158.350341796875,117.8135986328125,129.2322998046875,15.28059196472168,12.487289428710938,5.576934337615967,9.757397651672363,0.3628029227256775,0.0649943277239799,0.0,0.0
2024-09-23 12:00:00,AL972024,19.0,2024-09-26 06:00:00,2 days 18:00:00,23.29,-87.22,980.0,64.1,53.48225784301758,198.8777008056641,186.7764129638672,141.63497924804688,162.16390991210938,66.56980895996094,59.86774826049805,43.01614761352539,51.09874725341797,11.486265182495115,9.90016269683838,7.256593704223633,8.346484184265137
2024-09-23 12:00:00,AL972024,19.0,2024-09-26 12:00:00,3 days 00:00:00,24.06,-86.89,975.5,70.5,65.30461120605469,228.2047271728516,222.1661529541016,172.1053009033203,191.0182342529297,114.56266784667967,109.77751159667967,88.85430145263672,95.09071350097656,45.89340591430664,43.69392776489258,36.4428939819336,38.89580535888672
2024-09-23 12:00:00,AL972024,19.0,2024-09-26 18:00:00,3 days 06:00:00,24.85,-85.84,964.8,84.7,34.436458587646484,204.05029296875,222.23226928710935,178.4176025390625,164.23150634765625,102.4354476928711,108.2071762084961,90.35198211669922,85.81172943115234,53.4453353881836,53.9116439819336,45.94124603271485,45.6912727355957
2024-09-23 12:00:00,AL972024,19.0,2024-09-27 00:00:00,3 days 12:00:00,26.89,-84.88,955.9,91.7,53.6573600769043,217.260009765625,232.81593322753903,176.5508575439453,177.0718994140625,97.78668212890624,98.73699951171876,77.70259094238281,79.05909729003906,48.00921249389648,45.80222702026367,38.11842727661133,40.20599365234375
2024-09-23 12:00:00,AL972024,19.0,2024-09-27 06:00:00,3 days 18:00:00,28.67,-84.03,948.2,104.1,22.76758575439453,218.2761383056641,225.58380126953125,167.65611267089844,173.49758911132812,104.96827697753906,104.16768646240234,82.44386291503906,85.50160217285156,49.65665054321289,48.00919723510742,38.830360412597656,41.197784423828125
2024-09-23 12:00:00,AL972024,19.0,2024-09-27 12:00:00,4 days 00:00:00,31.68,-83.2,960.8,74.4,73.28997802734375,256.3385009765625,260.4640197753906,187.6927795410156,206.0351104736328,121.07852935791016,120.7221908569336,95.4255828857422,100.00198364257812,43.33066940307617,42.769004821777344,34.09404373168945,35.304962158203125
2024-09-23 12:00:00,AL972024,19.0,2024-09-27 18:00:00,4 days 06:00:00,35.05,-83.54,975.8,49.8,109.16584777832033,173.49391174316406,185.3218994140625,142.72093200683594,132.24105834960938,51.381439208984375,54.09159851074219,40.173789978027344,39.61321640014648,6.859806060791016,8.094518661499023,5.314813137054443,4.846999645233154
2024-09-23 12:00:00,AL972024,19.0,2024-09-28 00:00:00,4 days 12:00:00,37.51,-84.85,984.7,40.9,55.72745895385742,75.22308349609375,79.78330993652344,64.6702651977539,61.1264762878418,0.1697325259447097,2.5131964683532715,2.3906469345092773,0.3758302927017212,0.0,0.2865409851074219,0.0,0.0173194110393524
2024-09-23 12:00:00,AL972024,19.0,2024-09-28 06:00:00,4 days 18:00:00,38.89,-86.69,985.3,32.9,138.84153747558594,12.51875114440918,10.388086318969728,6.3809661865234375,7.304100513458252,0.0,0.0,0.0,0.1893466711044311,0.3503541946411133,0.0,0.0,0.1664690822362899
2024-09-23 12:00:00,AL972024,19.0,2024-09-28 12:00:00,5 days 00:00:00,38.08,-88.56,991.3,31.2,91.74226379394533,2.041511058807373,2.428104877471924,0.0,0.9964842200279236,0.1959855854511261,0.0366398990154266,0.0,0.0,0.401479572057724,0.1854710578918457,0.0488784238696098,0.0
2024-09-23 12:00:00,AL972024,19.0,2024-09-28 18:00:00,5 days 06:00:00,38.1,-88.23,993.4,31.0,64.0062026977539,11.488319396972656,14.722121238708496,4.029359817504883,7.901819229125977,1.2942990064620972,0.7281357645988464,0.0,0.0,0.3088248074054718,0.3093088567256927,0.0,0.0711757540702819
2024-09-23 12:00:00,AL972024,19.0,2024-09-29 00:00:00,5 days 12:00:00,38.69,-86.62,996.5,23.0,65.80172729492188,1.6033979654312134,7.104531288146973,0.0892042964696884,0.0,0.8260657787322998,0.2773473560810089,0.4822936654090881,0.0,0.0795381218194961,0.2701998353004455,0.0,0.0
2024-09-23 12:00:00,AL972024,19.0,2024-09-29 06:00:00,5 days 18:00:00,39.46,-86.42,999.4,22.9,89.98432159423828,2.864784002304077,4.467668056488037,0.7731558084487915,0.9036574959754944,0.4257136583328247,0.0,0.4136065244674682,0.2099470347166061,0.136384978890419,0.0,0.0,0.0036820478271692
2024-09-23 12:00:00,AL972024,19.0,2024-09-29 12:00:00,6 days 00:00:00,40.61,-84.31,998.9,21.4,137.0951690673828,0.158689945936203,1.5922036170959473,0.0,0.0,0.3996394872665405,0.0122518148273229,0.1714352965354919,0.0672632604837417,0.1513738185167312,0.0151739995926618,0.0,0.0011614297982305
2024-09-23 12:00:00,AL972024,19.0,2024-09-29 18:00:00,6 days 06:00:00,41.51,-84.07,1000.8,24.1,81.96411895751953,1.2441256046295166,2.6873815059661865,1.974534034729004,0.6405212879180908,0.0,0.0,0.2691853940486908,0.0,0.0,0.0,0.1542717814445495,0.0
2024-09-23 12:00:00,EP102024,19.0,2024-09-23 12:00:00,0 days 00:00:00,14.6,-98.4,992.0,60.0,37.03998651744491,74.07997303488982,55.55997977616736,55.55997977616736,55.55997977616736,37.03998651744491,0.0,0.0,0.0,,,,
2024-09-23 12:00:00,EP102024,19.0,2024-09-23 18:00:00,0 days 06:00:00,15.25,-98.63,996.5,48.4,40.84039688110352,107.3521728515625,98.28643798828124,71.88592529296875,84.24623107910156,8.839658737182617,6.417162895202637,3.207660675048828,5.47258996963501,0.0,0.0,0.0,0.0
2024-09-23 12:00:00,EP102024,19.0,2024-09-24 00:00:00,0 days 12:00:00,15.49,-98.68,993.8,53.4,46.68085479736328,145.10145568847656,131.80557250976562,103.03802490234376,117.24207305908205,9.623645782470703,7.824350357055664,4.308859348297119,6.67528772354126,0.1753123849630355,0.207716554403305,0.0839946568012237,0.0795832276344299
2024-09-23 12:00:00,EP102024,19.0,2024-09-24 06:00:00,0 days 18:00:00,15.67,-98.59,987.2,61.3,35.11282730102539,49.93697738647461,44.18442535400391,31.06683158874512,41.64851379394531,19.40968894958496,17.02121925354004,13.845322608947754,16.048301696777344,7.566642761230469,6.683492183685303,5.637637615203857,6.494487285614014
2024-09-23 12:00:00,EP102024,19.0,2024-09-24 12:00:00,1 days 00:00:00,16.38,-99.31,999.1,39.6,42.773712158203125,23.629125595092773,22.33041763305664,11.958081245422363,17.018041610717773,1.401631236076355,1.4469232559204102,0.5340274572372437,0.7163510918617249,0.4881384670734405,0.476949542760849,0.4448678195476532,0.4004099369049072
2024-09-23 12:00:00,EP102024,19.0,2024-09-24 18:00:00,1 days 06:00:00,16.77,-98.82,1001.4,34.0,114.46026611328124,16.299009323120117,15.898098945617676,7.36848258972168,9.401629447937012,3.864521980285645,4.262059688568115,1.640830159187317,3.1660897731781006,0.1571723967790603,0.0,0.0774238780140876,0.0020532016642391
2024-09-23 12:00:00,EP102024,19.0,2024-09-25 00:00:00,1 days 12:00:00,15.8,-100.37,1001.9,31.0,49.20610427856445,3.314128160476685,1.1140846014022827,0.5195907950401306,1.254452347755432,0.0,0.0,0.0634998977184295,0.0,0.1224625259637832,0.0481732785701751,0.1318718343973159,0.1119229421019554
2024-09-23 12:00:00,EP102024,19.0,2024-09-25 06:00:00,1 days 18:00:00,16.34,-100.72,1002.7,28.8,125.5870361328125,6.885397911071777,4.30003023147583,2.036334276199341,3.595269203186035,0.0,0.6245866417884827,0.35727658867836,0.0,1.0394048690795898,0.9018629193305968,0.8431712985038757,0.7060463428497314
2024-09-23 12:00:00,EP102024,19.0,2024-09-25 12:00:00,2 days 00:00:00,16.06,-102.0,1002.0,30.0,122.49110412597656,3.685387134552002,4.650416851043701,2.0467474460601807,0.9955890774726868,0.0,0.5140132904052734,0.5893144607543945,0.0,0.0710925832390785,0.2328643798828125,0.2267216444015503,0.1043450534343719
2024-09-23 12:00:00,EP102024,19.0,2024-09-25 18:00:00,2 days 06:00:00,16.0,-102.57,1000.2,34.3,98.4958267211914,33.88317108154297,32.61137008666992,22.8266658782959,25.946657180786133,1.312988519668579,1.661664605140686,0.8495014309883118,0.8879997134208679,0.0221775937825441,0.0241992399096488,0.1026174426078796,0.0
2024-09-23 12:00:00,EP102024,19.0,2024-09-26 00:00:00,2 days 12:00:00,16.09,-102.11,1000.4,36.9,56.7065544128418,34.767147064208984,29.25493431091309,22.48824882507324,25.473323822021484,0.0,0.1086197569966316,0.0173983108252286,0.0,0.0416296385228633,0.0177203714847564,0.0049915947020053,0.0103542562574148
2024-09-23 12:00:00,EP102024,19.0,2024-09-26 06:00:00,2 days 18:00:00,16.13,-101.87,996.8,45.0,62.22762298583984,88.61077880859375,81.02664947509766,58.618289947509766,69.86253356933594,1.9433337450027464,0.7926366329193115,0.0,0.9642730951309204,0.1537143886089325,0.182721197605133,0.3197667896747589,0.1967000663280487
2024-09-23 12:00:00,EP102024,19.0,2024-09-26 12:00:00,3 days 00:00:00,16.24,-102.44,990.7,56.1,60.73679733276367,107.3590850830078,99.31473541259766,77.62794494628906,87.63221740722656,25.58332633972168,21.424400329589844,14.877100944519045,18.7685604095459,0.4621159732341766,0.0,0.0,0.0
2024-09-23 12:00:00,EP102024,19.0,2024-09-26 18:00:00,3 days 06:00:00,16.29,-102.57,984.2,65.3,32.04108047485352,108.73970794677734,101.5574722290039,83.67549896240234,94.29724884033205,51.94409942626953,47.46866989135742,38.08066940307617,43.353816986083984,17.217248916625977,16.175153732299805,13.383748054504396,14.991426467895508
2024-09-23 12:00:00,EP102024,19.0,2024-09-27 00:00:00,3 days 12:00:00,17.14,-102.92,975.0,78.3,36.17666244506836,124.83377838134766,121.41031646728516,96.83401489257812,108.73090362548828,55.1334114074707,49.43954849243164,39.96984100341797,47.2696418762207,28.75807762145996,25.07270622253418,21.52432632446289,24.48611259460449
2024-09-23 12:00:00,EP102024,19.0,2024-09-27 06:00:00,3 days 18:00:00,18.31,-102.58,967.8,87.4,21.211957931518555,115.2580795288086,108.6132583618164,89.5456314086914,100.7394027709961,49.73377227783203,44.39393615722656,37.93650436401367,43.21278381347656,26.41046524047852,23.580554962158203,20.267295837402344,23.16974639892578
2024-09-23 12:00:00,EP102024,19.0,2024-09-27 12:00:00,4 days 00:00:00,17.96,-103.58,979.8,69.4,49.5986442565918,146.51095581054688,136.28057861328125,110.67535400390624,125.52925872802734,59.42313766479492,53.19521331787109,42.17496871948242,50.98457336425781,23.308168411254883,20.682552337646484,17.366674423217773,20.08005142211914
2024-09-23 12:00:00,EP102024,19.0,2024-09-27 18:00:00,4 days 06:00:00,18.92,-104.3,984.0,64.8,49.640098571777344,120.06063079833984,106.8039321899414,82.2470474243164,100.53411865234376,46.01280975341797,40.07548522949219,31.45256805419922,38.02117156982422,15.527385711669922,14.038249969482422,11.636109352111816,13.086804389953612
2024-09-23 12:00:00,EP102024,19.0,2024-09-28 00:00:00,4 days 12:00:00,19.06,-104.49,998.1,39.8,30.78520965576172,28.636213302612305,25.39245986938477,17.889202117919922,22.30518341064453,2.425960063934326,2.5110158920288086,1.6245689392089844,1.965998649597168,0.0,0.1143546402454376,0.0930512845516204,0.1104186847805976
2024-09-23 12:00:00,EP102024,19.0,2024-09-28 06:00:00,4 days 18:00:00,19.59,-105.1,1000.7,31.5,99.08666229248048,18.420917510986328,13.992560386657717,5.669902324676514,12.100139617919922,0.4545103013515472,0.6110602021217346,0.1941487491130828,0.0,0.0493038035929203,0.308893471956253,0.1190314590930938,0.0375322662293911
2024-09-23 12:00:00,EP102024,19.0,2024-09-28 12:00:00,5 days 00:00:00,20.3,-105.72,1005.7,23.4,66.2842025756836,1.596264123916626,0.7734306454658508,0.8057164549827576,0.5443856716156006,0.0,0.1527625918388366,0.0,0.0,0.1377424299716949,0.2547734379768371,0.1823208630084991,0.2061924785375595
2024-09-23 12:00:00,EP102024,19.0,2024-09-28 18:00:00,5 days 06:00:00,20.51,-105.95,1003.9,29.8,48.89972305297852,2.7723073959350586,2.9050467014312744,0.882336437702179,0.2448518425226211,1.318476915359497,1.3929641246795654,1.2021054029464722,1.12037456035614,0.0164383444935083,0.0529477931559085,0.2062671482563018,0.0801760628819465
2024-09-23 12:00:00,AL972024,20.0,2024-09-23 12:00:00,0 days 00:00:00,17.2,-81.7,1004.0,30.0,185.1999325872245,,,,,,,,,,,,
2024-09-23 12:00:00,AL972024,20.0,2024-09-23 18:00:00,0 days 06:00:00,16.93,-81.95,1004.1,31.5,81.96109771728516,5.10029935836792,3.4596211910247803,0.0,0.6096227169036865,0.0679115056991577,0.1338740438222885,0.0,0.0,0.1186470314860344,0.077805258333683,0.0693196207284927,0.0741632878780365
2024-09-23 12:00:00,AL972024,20.0,2024-09-24 00:00:00,0 days 12:00:00,17.49,-81.74,1002.7,33.6,73.03384399414062,24.802101135253903,23.705995559692383,13.99216079711914,17.50934600830078,0.2325578331947326,0.3624232411384582,0.1034647226333618,0.0,0.1241761520504951,0.1677363067865371,0.1499326378107071,0.1365164220333099
2024-09-23 12:00:00,AL972024,20.0,2024-09-24 06:00:00,0 days 18:00:00,18.16,-82.52,1003.7,31.6,90.8870620727539,11.175641059875488,7.709425449371338,0.791090190410614,4.6490559577941895,0.0,0.0,0.0,0.0,0.0648098662495613,0.0637420490384101,0.0437837988138198,0.0130719542503356
2024-09-23 12:00:00,AL972024,20.0,2024-09-24 12:00:00,1 days 00:00:00,17.83,-83.46,1001.1,34.8,114.15895080566406,21.358625411987305,16.6380615234375,6.3520355224609375,12.883400917053224,0.0,0.0,0.0,0.0,0.096388429403305,0.0799973607063293,0.0319543592631816,0.029880641028285
2024-09-23 12:00:00,AL972024,20.0,2024-09-24 18:00:00,1 days 06:00:00,18.83,-84.79,1003.0,33.3,92.72025299072266,25.870441436767575,20.268701553344727,9.715625762939451,15.223101615905762,0.2425422668457031,0.1601601690053939,0.0824332386255264,0.0,0.1514218151569366,0.2069545239210128,0.0420699082314968,0.0362070463597774
2024-09-23 12:00:00,AL972024,20.0,2024-09-25 00:00:00,1 days 12:00:00,19.49,-85.31,996.5,41.8,67.64913177490234,7.95904016494751,5.211791038513184,0.0,2.2297091484069824,0.164694458246231,0.1564162671566009,0.0,0.0,0.0546544753015041,0.0,0.0,0.0
2024-09-23 12:00:00,AL972024,20.0,2024-09-25 06:00:00,1 days 18:00:00,20.3,-86.27,994.4,45.5,84.75089263916016,70.919921875,62.446739196777344,43.07357025146485,54.45335006713867,0.5035374760627747,0.0,0.0,0.3204740881919861,0.206670343875885,0.0370758362114429,0.0,0.0245812162756919
2024-09-23 12:00:00,AL972024,20.0,2024-09-25 12:00:00,2 days 00:00:00,21.08,-86.57,992.1,44.9,94.80306243896484,10.972620010375977,9.09880828857422,0.2219542860984802,5.0255656242370605,0.4217665791511535,0.4985083341598511,0.0,0.0752677172422409,0.1206160858273506,0.0,0.0,0.0441408790647983
2024-09-23 12:00:00,AL972024,20.0,2024-09-25 18:00:00,2 days 06:00:00,21.83,-86.98,989.6,50.9,97.37285614013672,127.22193145751952,119.43497467041016,86.32498168945312,97.9137725830078,3.3707363605499268,2.5878705978393555,0.0,1.617893934249878,0.1359845101833343,0.0,0.0,0.0422254055738449
2024-09-23 12:00:00,AL972024,20.0,2024-09-26 00:00:00,2 days 12:00:00,22.84,-86.75,991.6,50.5,64.99806213378906,214.47689819335935,202.88449096679688,158.30859375,169.0464630126953,19.42107391357422,17.273635864257812,10.669809341430664,14.20058250427246,0.0,0.0,0.0,0.0
2024-09-23 12:00:00,AL972024,20.0,2024-09-26 06:00:00,2 days 18:00:00,23.79,-86.27,986.6,57.2,56.94839477539063,149.67208862304688,136.1587677001953,98.59562683105467,117.32720184326172,39.759037017822266,35.3680534362793,23.10877227783203,28.886564254760746,0.450038194656372,0.265175998210907,0.0,0.0
2024-09-23 12:00:00,AL972024,20.0,2024-09-26 12:00:00,3 days 00:00:00,24.59,-85.84,975.1,72.7,47.11019134521485,191.47010803222656,194.03245544433597,147.6539764404297,150.11849975585938,50.79645156860352,48.163330078125,32.7701530456543,35.54490661621094,3.969209671020508,3.6810731887817374,1.7654834985733032,1.4594428539276123
2024-09-23 12:00:00,AL972024,20.0,2024-09-26 18:00:00,3 days 06:00:00,25.47,-85.01,971.1,80.0,36.18954849243164,213.6075897216797,221.9806060791016,171.3875732421875,172.69126892089844,110.88087463378906,112.79904174804688,93.93917083740234,94.16334533691406,55.06290054321289,54.56377029418945,46.445556640625,46.83273315429688
2024-09-23 12:00:00,AL972024,20.0,2024-09-27 00:00:00,3 days 12:00:00,26.99,-84.16,949.5,104.7,45.81353759765625,214.8085784912109,225.8389587402344,170.1624755859375,176.5677490234375,99.27032470703124,99.1282730102539,78.92606353759766,81.91397857666016,48.390655517578125,46.11017227172852,38.09748458862305,41.05414581298828
2024-09-23 12:00:00,AL972024,20.0,2024-09-27 06:00:00,3 days 18:00:00,28.79,-83.16,938.6,116.4,9.319184303283691,184.1403045654297,186.9172821044922,132.4694366455078,143.45187377929688,77.36490631103516,73.81470489501953,56.66341781616211,63.237937927246094,37.753116607666016,34.991703033447266,27.739795684814453,31.893922805786133
2024-09-23 12:00:00,AL972024,20.0,2024-09-27 12:00:00,4 days 00:00:00,30.67,-82.64,964.4,78.2,31.91730117797852,231.37744140625,228.8790435791016,167.4714813232422,181.4619903564453,94.49787139892578,91.97900390625,70.24882507324219,76.16294860839844,28.247838973999023,26.731029510498047,20.91335868835449,22.665834426879883
2024-09-23 12:00:00,AL972024,20.0,2024-09-27 18:00:00,4 days 06:00:00,32.0,-82.04,973.2,65.0,107.97264099121094,283.7562255859375,275.0118713378906,205.28021240234372,227.47544860839844,95.3397216796875,92.42383575439452,68.58424377441406,76.03557586669922,10.751108169555664,10.02824878692627,6.707036018371582,7.846057891845703
2024-09-23 12:00:00,AL972024,20.0,2024-09-28 00:00:00,4 days 12:00:00,33.26,-80.84,984.8,47.9,41.52301788330078,111.89830017089844,118.22467803955078,87.07674407958984,84.38150787353516,4.037169456481934,5.527878761291504,3.370717763900757,1.8443294763565063,0.0,0.0,0.1471060663461685,0.0
2024-09-23 12:00:00,AL972024,20.0,2024-09-28 06:00:00,4 days 18:00:00,34.13,-79.32,983.2,46.5,42.37045669555664,53.49415588378906,62.2651252746582,45.21122741699219,39.89856719970703,0.0,0.0,0.0,0.0,0.3311830759048462,0.1463447213172912,0.0241276398301124,0.3326006829738617
2024-09-23 12:00:00,AL972024,20.0,2024-09-28 12:00:00,5 days 00:00:00,34.86,-77.56,987.4,47.9,118.64615631103516,369.5509338378906,379.91021728515625,322.6238708496094,312.8534851074219,1.5819014310836792,6.132925510406494,4.580812454223633,3.5400643348693848,0.0,0.0,0.0,0.0
2024-09-23 12:00:00,AL972024,20.0,2024-09-28 18:00:00,5 days 06:00:00,36.33,-73.83,992.3,42.9,194.6773681640625,372.2150573730469,373.80853271484375,315.7806091308594,330.8969116210937,67.9260025024414,72.43279266357422,57.2179069519043,62.80833435058594,0.0,0.4562948048114776,0.6538492441177368,0.0612692572176456
2024-09-23 12:00:00,AL972024,20.0,2024-09-29 00:00:00,5 days 12:00:00,36.99,-71.45,987.5,38.7,155.9056396484375,16.4454345703125,23.536731719970703,21.65350151062012,13.86103630065918,0.0,0.4828276038169861,0.600936770439148,0.0,0.1252352446317672,0.4112602770328522,0.2683073282241821,0.1103953495621681
2024-09-23 12:00:00,AL972024,20.0,2024-09-29 06:00:00,5 days 18:00:00,38.12,-68.1,989.1,45.6,115.6812744140625,274.9491882324219,285.0805053710937,246.3925323486328,234.92340087890625,2.200855255126953,6.227931022644043,4.43736743927002,4.176797389984131,0.0,0.0,0.1091130301356315,0.0
2024-09-23 12:00:00,EP102024,20.0,2024-09-23 12:00:00,0 days 00:00:00,14.6,-98.4,992.0,60.0,37.03998651744491,74.07997303488982,55.55997977616736,55.55997977616736,55.55997977616736,37.03998651744491,0.0,0.0,0.0,,,,
2024-09-23 12:00:00,EP102024,20.0,2024-09-23 18:00:00,0 days 06:00:00,15.12,-98.83,995.9,49.2,43.56369400024414,80.8182373046875,70.82616424560547,50.27580261230469,63.468994140625,16.436037063598633,13.003212928771973,7.9496846199035645,11.524353981018066,0.0,0.0,0.0,0.0
2024-09-23 12:00:00,EP102024,20.0,2024-09-24 00:00:00,0 days 12:00:00,15.4,-99.14,991.0,54.9,39.596458435058594,73.89009094238281,71.07219696044922,53.94364929199219,59.99899291992188,22.284698486328125,20.658130645751957,15.705536842346191,17.303131103515625,4.045433521270752,4.024996757507324,3.221006155014038,3.184847354888916
2024-09-23 12:00:00,EP102024,20.0,2024-09-24 06:00:00,0 days 18:00:00,15.86,-99.0,997.5,44.1,52.971710205078125,52.76358413696289,47.07979965209961,29.70569610595703,40.31396484375,2.2422361373901367,1.3189491033554075,0.0,1.074103593826294,0.3860611021518707,0.3718012273311615,0.4246914386749267,0.2720478177070617
2024-09-23 12:00:00,EP102024,20.0,2024-09-24 12:00:00,1 days 00:00:00,16.54,-99.17,991.9,54.2,58.33828353881836,104.1422119140625,93.10466766357422,67.7686767578125,82.2934341430664,17.31798553466797,14.153857231140137,8.912495613098145,11.997343063354492,1.345839023590088,0.9715901613235474,0.4842851161956787,0.5850403904914856
2024-09-23 12:00:00,EP102024,20.0,2024-09-24 18:00:00,1 days 06:00:00,16.69,-99.84,995.8,47.9,45.470176696777344,75.97669219970703,65.90742492675781,46.86200714111328,58.74933624267578,7.149100303649902,5.43966007232666,2.6433472633361816,5.0382080078125,0.2834756076335907,0.1486126780509948,0.1324748247861862,0.1587005853652954
2024-09-23 12:00:00,EP102024,20.0,2024-09-25 00:00:00,1 days 12:00:00,16.9,-100.34,998.0,39.6,56.97622299194336,3.223642587661743,4.013574123382568,0.0,0.8378587961196899,0.0,0.0,0.0,0.0,0.3177213668823242,0.1904884725809097,0.1661981791257858,0.2485935389995575
2024-09-23 12:00:00,EP102024,20.0,2024-09-25 06:00:00,1 days 18:00:00,17.3,-101.18,998.3,40.1,71.94116973876953,49.73469543457031,44.95950698852539,35.24317932128906,39.6674690246582,0.0,0.4373387098312378,0.1717059016227722,0.2736859023571014,0.5175626873970032,0.5631715655326843,0.6540530920028687,0.4775014519691467
2024-09-23 12:00:00,EP102024,20.0,2024-09-25 12:00:00,2 days 00:00:00,16.43,-101.37,998.8,33.9,108.4754867553711,0.0,1.4946646690368652,1.7593259811401367,0.0,0.0,0.1374930590391159,0.8272745013237,0.0,0.8306543827056885,0.792352557182312,0.714256227016449,0.636062741279602
2024-09-23 12:00:00,EP102024,20.0,2024-09-25 18:00:00,2 days 06:00:00,16.36,-101.82,995.6,42.1,102.79544067382812,70.8758544921875,67.43023681640625,53.662384033203125,56.28540802001953,2.0588467121124268,2.135141372680664,1.078365445137024,1.677874207496643,0.0537684485316276,0.0877773389220237,0.3477831184864044,0.1120687127113342
2024-09-23 12:00:00,EP102024,20.0,2024-09-26 00:00:00,2 days 12:00:00,16.31,-101.94,993.7,52.0,41.089054107666016,172.77915954589844,153.87973022460938,125.81428527832033,140.76947021484375,30.051708221435547,25.65550994873047,17.66080093383789,22.80442237854004,0.0,0.0,0.0,0.0
2024-09-23 12:00:00,EP102024,20.0,2024-09-26 06:00:00,2 days 18:00:00,16.63,-101.63,992.9,49.1,48.22241973876953,94.7635726928711,86.84040069580078,66.02108764648438,76.70001983642578,11.473807334899902,9.173909187316896,6.062592029571533,8.148578643798828,0.375969260931015,0.3682991564273834,0.3555799126625061,0.2624631822109222
2024-09-23 12:00:00,EP102024,20.0,2024-09-26 12:00:00,3 days 00:00:00,16.88,-102.05,996.2,43.3,57.55805969238281,28.64363670349121,27.89506149291992,19.736875534057617,21.61257553100586,0.4759207665920257,0.3837078213691711,0.0,0.4476658701896667,0.4313117563724518,0.3663810491561889,0.2027090936899185,0.3189319670200348
2024-09-23 12:00:00,EP102024,20.0,2024-09-26 18:00:00,3 days 06:00:00,17.37,-102.06,991.7,51.8,43.11105346679688,81.11983489990234,70.02438354492188,54.1833610534668,67.00631713867188,28.118009567260746,24.222620010375977,17.32091522216797,21.66147994995117,2.889538526535034,2.355421543121338,1.4930840730667114,1.8679667711257932
2024-09-23 12:00:00,EP102024,20.0,2024-09-27 00:00:00,3 days 12:00:00,18.01,-101.61,994.2,44.0,69.26019287109375,80.3405990600586,72.35203552246094,53.73410034179688,63.18278884887695,18.580835342407227,16.35093879699707,11.36672592163086,13.182372093200684,1.1451605558395386,1.1091524362564087,0.5109888911247253,0.4406884908676147
2024-09-23 12:00:00,EP102024,20.0,2024-09-27 06:00:00,3 days 18:00:00,18.39,-101.92,1002.0,32.4,53.8806266784668,4.326718330383301,2.1823208332061768,0.9423263669013976,0.6850106716156006,0.0,0.2878169417381286,0.0,0.0,0.2555684745311737,0.2705203294754028,0.4159607589244842,0.3934924304485321
2024-09-23 12:00:00,EP102024,20.0,2024-09-27 12:00:00,4 days 00:00:00,18.6,-102.23,1002.6,31.5,60.83478546142578,5.645672798156738,4.361043930053711,1.596970558166504,3.761914014816284,0.0,0.5239158868789673,0.0,0.0,0.4792850315570831,0.6250884532928467,0.5632197856903076,0.4877122044563293
2024-09-23 12:00:00,AL972024,21.0,2024-09-23 12:00:00,0 days 00:00:00,17.2,-81.7,1004.0,30.0,185.1999325872245,,,,,,,,,,,,
2024-09-23 12:00:00,AL972024,21.0,2024-09-23 18:00:00,0 days 06:00:00,17.55,-81.56,1003.8,30.7,125.71778869628906,10.799421310424805,8.096450805664062,0.0,3.7264564037323,0.0857616066932678,0.0789267867803573,0.099097765982151,0.0,0.0347207747399807,0.0729261934757232,0.0469787679612636,0.022884065285325
2024-09-23 12:00:00,AL972024,21.0,2024-09-24 00:00:00,0 days 12:00:00,17.97,-81.94,1001.9,33.0,123.22014617919922,8.297294616699219,4.311802864074707,0.0,4.231293201446533,0.1976545006036758,0.0,0.0,0.1082091256976127,0.0183267276734113,0.015003427863121,0.0032293808180838,0.0856512412428855
2024-09-23 12:00:00,AL972024,21.0,2024-09-24 06:00:00,0 days 18:00:00,18.05,-82.42,1000.2,38.1,77.44043731689453,10.1097412109375,6.7916364669799805,0.0,3.1525862216949463,0.312788188457489,0.0,0.0,0.0970538482069969,0.2158678621053695,0.0,0.0,0.0654402896761894
2024-09-23 12:00:00,AL972024,21.0,2024-09-24 12:00:00,1 days 00:00:00,19.07,-82.75,999.0,39.7,59.60966110229492,15.984844207763672,13.103999137878418,3.772206068038941,7.618545055389404,0.1177120134234428,0.1383277326822281,0.0,0.0,0.1256391108036041,0.0589120239019393,0.0063539468683302,0.0021299032960087
2024-09-23 12:00:00,AL972024,21.0,2024-09-24 18:00:00,1 days 06:00:00,19.49,-83.92,999.7,42.9,146.5568389892578,196.90768432617188,179.91024780273438,134.39913940429688,156.92013549804688,4.445044994354248,2.76331639289856,0.9200537204742432,2.86940860748291,0.0,0.0,0.1380247324705124,0.0
2024-09-23 12:00:00,AL972024,21.0,2024-09-25 00:00:00,1 days 12:00:00,20.24,-84.73,995.9,50.5,113.75177001953124,247.6584014892578,209.78973388671875,141.84556579589844,215.24351501464844,107.3532943725586,90.97640228271484,67.87256622314453,86.43611145019531,6.396725654602051,4.288151741027832,1.494788646697998,4.344969749450684
2024-09-23 12:00:00,AL972024,21.0,2024-09-25 06:00:00,1 days 18:00:00,20.95,-85.37,986.9,58.7,58.69965362548828,230.1909942626953,196.39886474609372,141.927001953125,187.81314086914065,83.95548248291016,69.73030853271484,48.48239135742188,63.690650939941406,4.634860038757324,2.4796931743621826,0.0,1.8619940280914309
2024-09-23 12:00:00,AL972024,21.0,2024-09-25 12:00:00,2 days 00:00:00,21.8,-86.15,980.1,69.1,41.69809722900391,223.15858459472656,192.35818481445312,140.125244140625,181.0183258056641,85.09378051757812,71.16626739501953,50.59727478027344,65.22440338134766,12.611198425292969,9.846283912658691,6.662758827209473,8.9871187210083
2024-09-23 12:00:00,AL972024,21.0,2024-09-25 18:00:00,2 days 06:00:00,22.52,-86.58,960.5,93.4,62.16438674926758,232.1376037597656,205.6136474609375,143.1245574951172,189.4072723388672,83.26860046386719,70.51026153564453,51.00024032592773,66.59163665771484,26.87135505676269,22.59045791625977,17.354887008666992,21.724624633789062
2024-09-23 12:00:00,AL972024,21.0,2024-09-26 00:00:00,2 days 12:00:00,23.49,-86.73,969.2,80.3,28.101327896118164,206.3062286376953,194.66925048828125,146.86163330078125,166.06602478027344,77.7724380493164,70.5564956665039,52.146854400634766,61.630279541015625,24.886890411376957,22.38684844970703,17.63326072692871,20.371776580810547
2024-09-23 12:00:00,AL972024,21.0,2024-09-26 06:00:00,2 days 18:00:00,24.45,-86.86,948.3,106.6,42.59445190429688,264.8598022460937,251.5044860839844,174.73837280273438,220.22561645507807,130.4397430419922,118.53105926513672,95.51285552978516,110.9862823486328,70.01414489746094,64.18230438232422,53.15939712524414,59.77674865722656
2024-09-23 12:00:00,AL972024,21.0,2024-09-26 12:00:00,3 days 00:00:00,25.99,-86.21,949.9,106.3,23.724380493164062,208.00379943847656,211.6161193847656,156.6300506591797,167.8348388671875,95.62366485595705,92.48983764648438,73.04415130615234,77.31410217285156,45.44059753417969,43.37166213989258,35.503536224365234,38.08974075317383
2024-09-23 12:00:00,AL972024,21.0,2024-09-26 18:00:00,3 days 06:00:00,27.51,-85.46,931.3,121.3,39.28141021728516,330.27569580078125,334.808349609375,244.85255432128903,270.47149658203125,136.45216369628906,131.69735717773438,102.97254180908205,110.9857177734375,60.95733642578125,58.92435073852539,47.16962814331055,50.9987907409668
2024-09-23 12:00:00,AL972024,21.0,2024-09-27 00:00:00,3 days 12:00:00,30.13,-84.93,937.8,108.6,47.14444732666016,275.6314697265625,278.5799255371094,200.54249572753903,219.3857421875,112.38114166259766,110.04379272460938,86.17386627197266,91.4957046508789,52.569366455078125,50.76111602783203,39.683204650878906,43.82277297973633
2024-09-23 12:00:00,AL972024,21.0,2024-09-27 06:00:00,3 days 18:00:00,33.06,-84.91,973.3,58.5,85.33255004882812,46.59981918334961,56.24258804321289,30.723621368408203,22.791770935058597,8.710469245910645,9.876333236694336,3.816740512847901,3.741699934005737,0.8059837222099304,0.5637804269790649,0.0,0.1792408972978592
2024-09-23 12:00:00,AL972024,21.0,2024-09-27 12:00:00,4 days 00:00:00,35.54,-85.6,982.2,45.8,86.45616912841797,269.9410705566406,263.9658508300781,213.3422698974609,219.4286346435547,33.60020065307617,34.231075286865234,22.99890899658203,27.239192962646484,0.0,0.0,0.0,0.0
2024-09-23 12:00:00,AL972024,21.0,2024-09-27 18:00:00,4 days 06:00:00,37.11,-86.88,988.4,34.7,118.32600402832033,20.17469024658203,21.372114181518555,9.12453556060791,8.751307487487793,0.0264631044119596,0.69001305103302,0.0,0.0,0.0234328266233205,0.0649178624153137,0.0,0.0
2024-09-23 12:00:00,AL972024,21.0,2024-09-28 00:00:00,4 days 12:00:00,37.75,-89.01,996.1,28.3,77.26615905761719,0.0,0.0,0.0,0.0,0.0,0.0,0.0801603123545646,0.0,0.0897507220506668,0.0,0.0,0.2979037165641784
2024-09-23 12:00:00,AL972024,21.0,2024-09-28 06:00:00,4 days 18:00:00,38.24,-92.3,999.7,23.8,82.08989715576172,4.2036333084106445,6.182730674743652,1.955338716506958,1.251969337463379,0.6990117430686951,0.0858933627605438,0.0,0.0,0.3465636968612671,0.1077399179339408,0.0846856459975242,0.0326007343828678
2024-09-23 12:00:00,AL972024,21.0,2024-09-28 12:00:00,5 days 00:00:00,37.76,-92.97,1003.4,23.9,92.38197326660156,3.187299489974976,3.89714241027832,0.0,0.4219797253608703,1.1629105806350708,0.0,0.0,0.0,0.261959046125412,0.1759087592363357,0.0,0.0455361492931842
2024-09-23 12:00:00,AL972024,21.0,2024-09-28 18:00:00,5 days 06:00:00,35.89,-90.8,1000.7,21.9,165.9180908203125,11.977922439575195,10.39828872680664,10.3334321975708,10.063834190368652,0.0186964068561792,0.9267404079437256,0.4021211564540863,0.7531465291976929,0.0,0.0,0.0,0.0
2024-09-23 12:00:00,EP102024,21.0,2024-09-23 12:00:00,0 days 00:00:00,14.6,-98.4,992.0,60.0,37.03998651744491,74.07997303488982,55.55997977616736,55.55997977616736,55.55997977616736,37.03998651744491,0.0,0.0,0.0,,,,
2024-09-23 12:00:00,EP102024,21.0,2024-09-23 18:00:00,0 days 06:00:00,15.36,-98.8,989.3,58.9,52.302833557128906,105.19859313964844,85.14089965820312,66.6778793334961,89.13052368164062,46.67607498168945,39.80549240112305,29.95713233947754,36.84228515625,6.2007365226745605,5.43851900100708,3.8674919605255127,5.048797607421875
2024-09-23 12:00:00,EP102024,21.0,2024-09-24 00:00:00,0 days 12:00:00,15.61,-98.66,980.8,70.1,39.80450820922852,108.30414581298828,100.16730499267578,74.14512634277344,90.9399185180664,49.43574905395508,44.2772102355957,35.3197021484375,41.163848876953125,19.565828323364254,17.02599334716797,14.389127731323242,16.373180389404297
2024-09-23 12:00:00,EP102024,21.0,2024-09-24 06:00:00,0 days 18:00:00,16.32,-99.2,988.3,59.9,41.2922477722168,63.99650955200195,52.28076934814453,32.77983093261719,51.79450988769531,22.34054946899414,18.04497528076172,13.029760360717772,16.741579055786133,4.872567653656006,3.944199562072754,2.8724920749664307,3.5501997470855717
2024-09-23 12:00:00,EP102024,21.0,2024-09-24 12:00:00,1 days 00:00:00,16.71,-99.62,980.3,72.0,23.366701126098636,81.48258972167969,71.00509643554688,51.56306457519531,64.80514526367188,21.32624053955078,17.7110538482666,12.208495140075684,16.213857650756836,5.045905113220215,4.208278179168701,3.145782470703125,4.079131603240967
2024-09-23 12:00:00,EP102024,21.0,2024-09-24 18:00:00,1 days 06:00:00,17.02,-100.44,990.0,55.4,67.17112731933594,114.68418884277344,99.21070098876952,73.00638580322266,95.61750030517578,39.18189239501953,32.6479377746582,23.69320678710937,30.88513565063477,5.186417102813721,4.119874477386475,2.758354902267456,3.86983323097229
2024-09-23 12:00:00,EP102024,21.0,2024-09-25 00:00:00,1 days 12:00:00,17.0,-100.95,988.2,58.0,56.39455032348633,161.65420532226562,142.6847686767578,110.60916137695312,140.34295654296875,78.4947738647461,69.67693328857422,57.79737854003906,66.1905746459961,25.217042922973636,22.112781524658203,18.447410583496094,20.64576530456543
2024-09-23 12:00:00,EP102024,21.0,2024-09-25 06:00:00,1 days 18:00:00,16.39,-101.85,996.6,46.7,55.54574203491211,86.35843658447266,76.11942291259766,58.01847457885742,69.25762939453125,8.809770584106445,7.050925254821777,4.356266021728516,6.653107643127441,0.874155580997467,0.6532704830169678,0.6235336065292358,0.5988944172859192
2024-09-23 12:00:00,EP102024,21.0,2024-09-25 12:00:00,2 days 00:00:00,16.01,-101.3,995.7,46.4,54.198768615722656,89.77059936523438,81.94715118408203,62.30998229980469,71.66658020019531,6.711284160614014,4.971409320831299,2.046791315078736,4.458558559417725,0.0,0.0,0.0707911774516105,0.0
2024-09-23 12:00:00,EP102024,21.0,2024-09-25 18:00:00,2 days 06:00:00,15.71,-101.4,994.4,48.2,92.97511291503906,119.2616195678711,112.63502502441406,86.72698974609375,97.43717956542967,6.740610122680664,5.321934223175049,3.428971767425537,4.68187427520752,0.0,0.0153718199580907,0.1745342910289764,0.018629053607583
2024-09-23 12:00:00,EP102024,21.0,2024-09-26 00:00:00,2 days 12:00:00,16.2,-100.92,988.3,57.4,34.66544342041016,110.66590881347656,105.16172790527344,82.39376068115234,89.19206237792969,25.16194725036621,22.553640365600582,14.867798805236816,18.039478302001957,0.8443648219108582,0.6324717998504639,0.183473452925682,0.0958434045314788
2024-09-23 12:00:00,EP102024,21.0,2024-09-26 06:00:00,2 days 18:00:00,16.84,-101.21,985.2,63.3,55.06959915161133,125.98030853271484,113.04016876220705,84.33213806152344,105.6668472290039,53.0117416381836,46.81575775146485,37.501590728759766,43.94854736328125,19.10005187988281,17.0880126953125,14.42604160308838,15.808472633361816
2024-09-23 12:00:00,EP102024,21.0,2024-09-26 12:00:00,3 days 00:00:00,17.48,-101.4,987.2,60.0,32.52910232543945,82.48418426513672,76.87299346923828,56.60401153564453,65.36654663085938,14.063989639282228,11.91556453704834,7.860967636108398,10.361539840698242,1.521108865737915,1.2403998374938965,0.8081473112106323,1.025426149368286
2024-09-23 12:00:00,EP102024,21.0,2024-09-26 18:00:00,3 days 06:00:00,17.73,-101.59,997.5,35.2,96.49149322509766,18.72100067138672,18.14470100402832,16.064695358276367,11.763397216796877,3.896841764450073,4.071756839752197,2.176037073135376,3.1140835285186768,0.1069732010364532,0.2689249813556671,0.2904351353645324,0.1327898651361465
2024-09-23 12:00:00,AL972024,22.0,2024-09-23 12:00:00,0 days 00:00:00,17.2,-81.7,1004.0,30.0,185.1999325872245,,,,,,,,,,,,
2024-09-23 12:00:00,AL972024,22.0,2024-09-23 18:00:00,0 days 06:00:00,17.46,-82.07,1005.3,27.6,68.62959289550781,7.3829026222229,5.321267604827881,0.0,2.2272419929504395,0.0,0.0501002967357635,0.0290524922311306,0.0,0.0916629135608673,0.0145653132349252,0.0,0.0
2024-09-23 12:00:00,AL972024,22.0,2024-09-24 00:00:00,0 days 12:00:00,17.89,-82.25,1003.2,34.0,89.86386108398438,71.25701141357422,63.56902313232422,44.23900985717773,52.935245513916016,0.306068480014801,0.0,0.0,0.0,0.0713735520839691,0.0619826540350914,0.0,0.0
2024-09-23 12:00:00,AL972024,22.0,2024-09-24 06:00:00,0 days 18:00:00,17.98,-82.95,1002.4,34.6,70.66728973388672,9.392739295959473,4.835934638977051,0.0,3.358909845352173,0.0016774223186075,0.0,0.0,0.0,0.0320558696985244,0.0438720472157001,0.0709619000554084,0.0323698855936527
2024-09-23 12:00:00,AL972024,22.0,2024-09-24 12:00:00,1 days 00:00:00,18.4,-83.32,997.6,42.5,63.32491683959961,21.81500244140625,16.635883331298828,5.456209182739258,13.15580940246582,0.0988468080759048,0.0,0.0,0.0,0.0981978476047515,0.0326510891318321,0.0,0.0150578944012522
2024-09-23 12:00:00,AL972024,22.0,2024-09-24 18:00:00,1 days 06:00:00,18.9,-84.53,1001.4,35.8,84.17351531982422,39.259159088134766,32.252655029296875,17.68511962890625,25.432832717895508,0.484949380159378,0.0,0.0,0.0,0.0,0.0153666641563177,0.028801079839468,0.0
2024-09-23 12:00:00,AL972024,22.0,2024-09-25 00:00:00,1 days 12:00:00,19.64,-85.51,996.7,46.6,114.16033935546876,151.3090362548828,128.94656372070312,87.11853790283203,118.68267059326172,17.924762725830078,13.924362182617188,7.356691837310791,12.763468742370604,0.1239647567272186,0.0,0.0,0.1484270244836807
2024-09-23 12:00:00,AL972024,22.0,2024-09-25 06:00:00,1 days 18:00:00,20.22,-85.86,992.8,52.6,66.05623626708984,127.25277709960938,110.05298614501952,75.58243560791016,96.54208374023438,7.027094841003418,3.8758044242858887,0.0,3.919931650161743,0.051392063498497,0.0,0.0,0.0
2024-09-23 12:00:00,AL972024,22.0,2024-09-25 12:00:00,2 days 00:00:00,21.1,-86.21,977.8,72.0,38.60723114013672,159.3583526611328,138.821044921875,99.88439178466795,128.65109252929688,70.0789566040039,60.36572647094727,43.976505279541016,54.93524169921875,21.37687873840332,18.453113555908203,14.755816459655762,17.30242156982422
2024-09-23 12:00:00,AL972024,22.0,2024-09-25 18:00:00,2 days 06:00:00,22.02,-86.51,982.5,63.7,71.40006256103516,179.88345336914062,160.17605590820312,110.57073974609376,138.87924194335938,42.174560546875,35.09380340576172,21.60161399841309,29.623998641967773,1.0557494163513184,0.2370426505804062,0.0,0.0
2024-09-23 12:00:00,AL972024,22.0,2024-09-26 00:00:00,2 days 12:00:00,22.92,-86.38,981.1,64.9,72.89029693603516,214.3208465576172,198.8748321533203,140.13063049316406,168.8270721435547,80.00856018066406,70.52539825439453,50.33091735839844,60.489990234375,13.55130672454834,11.60329246520996,7.852662563323975,9.32408046722412
2024-09-23 12:00:00,AL972024,22.0,2024-09-26 06:00:00,2 days 18:00:00,24.0,-86.56,972.3,76.8,32.464019775390625,254.05032348632807,243.5588836669922,189.56105041503903,208.40933227539065,117.41019439697266,109.87005615234376,86.74433135986328,96.43655395507812,46.86189651489258,43.78955841064453,36.47819900512695,39.13672256469727
2024-09-23 12:00:00,AL972024,22.0,2024-09-26 12:00:00,3 days 00:00:00,25.63,-86.04,936.9,120.8,16.920515060424805,248.0991973876953,250.27159118652344,183.5534820556641,197.88104248046875,115.60843658447266,112.64954376220705,89.04258728027344,94.31085205078124,56.07227325439453,53.83896255493164,44.13679504394531,46.992454528808594
2024-09-23 12:00:00,AL972024,22.0,2024-09-26 18:00:00,3 days 06:00:00,27.26,-85.57,929.3,124.9,47.79674911499024,302.1460266113281,304.7204895019531,219.2818145751953,242.2934112548828,126.70802307128906,121.15592956542967,93.76258850097656,103.07515716552734,60.97254180908203,57.724342346191406,46.48332595825195,51.21540069580078
2024-09-23 12:00:00,AL972024,22.0,2024-09-27 00:00:00,3 days 12:00:00,29.41,-84.83,928.8,121.5,38.05735397338867,360.122802734375,350.7171325683594,253.33038330078125,296.4349365234375,155.21206665039062,148.73428344726562,118.44649505615234,130.18792724609375,79.54766845703125,76.62523651123047,61.39015579223633,67.32750701904297
2024-09-23 12:00:00,AL972024,22.0,2024-09-27 06:00:00,3 days 18:00:00,32.51,-84.52,965.8,73.0,36.85145950317383,174.87892150878906,181.21499633789065,130.26058959960938,131.97642517089844,29.374046325683597,28.7863883972168,18.18080139160156,19.521697998046875,1.7503021955490112,1.8156652450561523,0.0,0.5865544080734253
2024-09-23 12:00:00,AL972024,22.0,2024-09-27 12:00:00,4 days 00:00:00,34.36,-85.14,990.0,33.7,132.32972717285156,57.32160186767578,61.5119743347168,42.77812957763672,41.21678161621094,3.4869792461395264,5.262719631195068,1.2476993799209597,1.0055500268936155,0.3528302013874054,0.127108946442604,0.0,0.1489725410938263
2024-09-23 12:00:00,AL972024,22.0,2024-09-27 18:00:00,4 days 06:00:00,36.15,-85.18,989.3,34.3,107.23497772216795,16.82002830505371,18.660654067993164,8.887374877929688,9.041269302368164,0.6172288060188293,0.8543038964271545,0.0,0.7155172228813171,0.1598203033208847,0.0999054163694381,0.0,0.2347084283828735
2024-09-23 12:00:00,EP102024,22.0,2024-09-23 12:00:00,0 days 00:00:00,14.6,-98.4,992.0,60.0,37.03998651744491,74.07997303488982,55.55997977616736,55.55997977616736,55.55997977616736,37.03998651744491,0.0,0.0,0.0,,,,
2024-09-23 12:00:00,EP102024,22.0,2024-09-23 18:00:00,0 days 06:00:00,15.31,-98.57,997.1,46.6,34.757808685302734,64.55464935302734,55.04067993164063,39.742164611816406,50.33333969116211,5.807570934295654,4.172760963439941,2.4822888374328613,3.714553117752075,0.0,0.0,0.0532553121447563,0.0
2024-09-23 12:00:00,EP102024,22.0,2024-09-24 00:00:00,0 days 12:00:00,15.75,-98.78,984.3,68.0,33.25550079345703,116.61279296875,101.27265167236328,78.39532470703125,94.73920440673828,42.21331024169922,36.98668670654297,27.44795036315918,34.93563461303711,15.774358749389648,13.886510848999023,11.531947135925291,13.672374725341797
2024-09-23 12:00:00,EP102024,22.0,2024-09-24 06:00:00,0 days 18:00:00,15.83,-98.92,993.8,50.3,40.90778732299805,44.11432647705078,40.11960983276367,23.622913360595703,34.686466217041016,7.341235160827637,5.621353149414063,3.7833034992218018,4.908693790435791,1.505986571311951,1.115309238433838,0.83405601978302,0.9339916110038756
2024-09-23 12:00:00,EP102024,22.0,2024-09-24 12:00:00,1 days 00:00:00,16.47,-99.74,993.2,51.6,34.04216384887695,60.48150253295898,54.93117904663086,37.49169158935547,48.14872741699219,7.546559810638428,5.8047637939453125,2.8893611431121826,5.17294454574585,0.5801397562026978,0.3733557462692261,0.1865715086460113,0.3071483671665191
2024-09-23 12:00:00,EP102024,22.0,2024-09-24 18:00:00,1 days 06:00:00,16.83,-100.2,999.0,41.0,57.38445281982422,68.02601623535156,63.559200286865234,45.062530517578125,52.09559631347656,2.4459047317504883,1.9355970621109009,0.7468886971473694,1.489356279373169,0.2168955951929092,0.1045169904828071,0.1201697289943695,0.0807001590728759
2024-09-23 12:00:00,EP102024,22.0,2024-09-25 00:00:00,1 days 12:00:00,16.63,-100.78,993.9,51.3,76.47399139404297,158.38558959960938,142.03530883789062,109.41270446777344,133.73464965820312,39.43351364135742,33.46537780761719,24.522958755493164,30.393096923828125,2.308880090713501,1.6872073411941528,0.7599243521690369,1.2077826261520386
2024-09-23 12:00:00,EP102024,22.0,2024-09-25 06:00:00,1 days 18:00:00,16.39,-100.76,998.6,43.5,60.65544128417969,53.72834014892578,47.29722213745117,34.33769989013672,42.61880111694336,0.3288179934024811,0.0163851268589496,0.0,0.1597040593624115,0.7990449666976929,0.7308610081672668,0.599187433719635,0.6610587239265442
2024-09-23 12:00:00,EP102024,22.0,2024-09-25 12:00:00,2 days 00:00:00,16.12,-101.39,994.9,49.1,55.26015090942383,98.68482971191406,95.81645965576172,72.9161376953125,79.66377258300781,5.860592842102051,4.828190326690674,2.669466018676758,4.037798881530762,0.3534169793128967,0.159922644495964,0.3927797377109527,0.2721421420574188
2024-09-23 12:00:00,EP102024,22.0,2024-09-25 18:00:00,2 days 06:00:00,16.26,-101.22,992.6,51.5,69.91412353515625,126.37509155273438,117.41663360595705,86.66327667236328,101.8966293334961,22.190088272094727,18.506711959838867,12.389381408691406,16.007896423339844,0.5879719257354736,0.3613363206386566,0.0830998793244361,0.1130808591842651
2024-09-23 12:00:00,EP102024,22.0,2024-09-26 00:00:00,2 days 12:00:00,16.73,-101.12,989.0,55.8,59.90668487548828,144.72784423828125,133.40902709960938,100.9585952758789,116.50458526611328,32.83417892456055,29.12564468383789,19.3588809967041,24.369125366210938,1.47998046875,1.3031765222549438,0.423592746257782,0.4113827049732208
2024-09-23 12:00:00,EP102024,22.0,2024-09-26 06:00:00,2 days 18:00:00,17.4,-101.68,996.7,44.7,48.99985504150391,86.13040924072266,76.7835693359375,59.64928817749024,69.30558776855469,2.7321696281433105,2.1574716567993164,1.0018088817596436,1.761423110961914,0.3398328125476837,0.4950769245624542,0.443226546049118,0.2931559085845947
2024-09-23 12:00:00,EP102024,22.0,2024-09-26 12:00:00,3 days 00:00:00,17.78,-101.8,998.1,39.8,44.08353042602539,15.18044376373291,14.402644157409668,8.768823623657227,10.123252868652344,1.0502678155899048,1.4836403131484983,1.0102744102478027,0.8034051060676575,0.3637037277221679,0.5453065633773804,0.3878079950809479,0.4356287121772766
2024-09-23 12:00:00,EP102024,22.0,2024-09-26 18:00:00,3 days 06:00:00,17.65,-101.93,999.0,33.8,95.29898071289062,11.072028160095217,10.610861778259276,6.791314125061035,6.975213050842285,1.2941733598709106,1.3330094814300537,0.5865235924720764,1.0474011898040771,0.044675201177597,0.0414225459098815,0.1331465393304824,0.0377371311187744
2024-09-23 12:00:00,AL972024,23.0,2024-09-23 12:00:00,0 days 00:00:00,17.2,-81.7,1004.0,30.0,185.1999325872245,,,,,,,,,,,,
2024-09-23 12:00:00,EP102024,23.0,2024-09-23 12:00:00,0 days 00:00:00,14.6,-98.4,992.0,60.0,37.03998651744491,74.07997303488982,55.55997977616736,55.55997977616736,55.55997977616736,37.03998651744491,0.0,0.0,0.0,,,,
2024-09-23 12:00:00,EP102024,23.0,2024-09-23 18:00:00,0 days 06:00:00,15.41,-98.23,996.6,42.8,82.29460144042969,17.207544326782227,19.45232391357422,16.59893798828125,15.00367832183838,5.368680477142334,5.583085060119629,5.193327903747559,4.047597885131836,0.0,0.0,0.3423163294792175,0.2169598937034607
2024-09-23 12:00:00,EP102024,23.0,2024-09-24 00:00:00,0 days 12:00:00,15.42,-98.53,992.9,55.1,60.616310119628906,130.01654052734375,120.71438598632812,90.32722473144533,102.6317138671875,18.14183235168457,15.482977867126465,9.50230598449707,12.862174034118652,0.5082653760910034,0.1728589236736297,0.0,0.0392496585845947
2024-09-23 12:00:00,EP102024,23.0,2024-09-24 06:00:00,0 days 18:00:00,16.11,-98.7,981.8,69.8,36.24175262451172,101.45886993408205,93.8570327758789,65.09465026855469,85.49787902832031,49.87403869628906,43.36442947387695,34.36217498779297,40.361961364746094,18.404428482055664,15.724076271057127,12.980048179626465,15.234914779663086
2024-09-23 12:00:00,EP102024,23.0,2024-09-24 12:00:00,1 days 00:00:00,16.74,-98.76,988.2,55.4,68.70612335205078,128.04989624023438,117.7008285522461,86.67628479003906,103.80960083007812,40.34650802612305,34.61967849731445,25.76799774169922,30.44928741455078,6.304747581481934,5.1275811195373535,3.4001054763793945,4.127310752868652
2024-09-23 12:00:00,EP102024,23.0,2024-09-24 18:00:00,1 days 06:00:00,17.22,-99.63,998.2,39.9,74.80914306640625,30.5835018157959,25.509077072143555,15.101139068603516,21.803726196289062,3.571621894836426,2.88179349899292,0.9451153874397278,2.696579694747925,0.5626005530357361,0.4129452705383301,0.2827761471271515,0.2938893139362335
2024-09-23 12:00:00,EP102024,23.0,2024-09-25 00:00:00,1 days 12:00:00,16.87,-100.08,1002.6,31.2,71.32518005371094,28.44186782836914,23.756446838378903,16.501203536987305,20.14388656616211,0.0,0.0,0.0,0.0,0.4149865210056305,0.5324331521987915,0.4467333555221557,0.4040178656578064
2024-09-23 12:00:00,EP102024,23.0,2024-09-25 06:00:00,1 days 18:00:00,16.65,-100.52,1000.6,36.5,75.55339050292969,29.90605354309082,29.110864639282227,20.896862030029297,22.12411880493164,0.2707395255565643,0.5521416068077087,0.5526060461997986,0.3618860840797424,0.6778143048286438,0.602977454662323,0.6794136166572571,0.530878484249115
2024-09-23 12:00:00,EP102024,23.0,2024-09-25 12:00:00,2 days 00:00:00,15.99,-101.46,994.5,45.1,88.89727020263672,56.4375114440918,54.18561935424805,42.02058792114258,45.817413330078125,0.3362091481685638,0.5500873923301697,0.2198098003864288,0.0614091306924819,0.1134692654013633,0.4420882165431976,0.4021450579166412,0.2423891127109527
2024-09-23 12:00:00,EP102024,23.0,2024-09-25 18:00:00,2 days 06:00:00,16.41,-100.43,998.0,39.5,93.79248809814452,57.69257354736328,56.96924209594727,39.28450775146485,44.89723205566406,2.37434196472168,2.172014713287353,0.9391038417816162,1.1078718900680542,0.0264902152121067,0.0056266314350068,0.1376872211694717,0.0
2024-09-23 12:00:00,EP102024,23.0,2024-09-26 00:00:00,2 days 12:00:00,16.67,-100.54,999.5,36.7,60.509986877441406,36.07135009765625,32.059844970703125,20.83870506286621,25.613752365112305,0.0,0.0,0.0,0.0,0.6376379132270813,0.5395029783248901,0.5712376832962036,0.4725416004657745
2024-09-23 12:00:00,EP102024,23.0,2024-09-26 06:00:00,2 days 18:00:00,16.88,-100.68,996.3,41.3,56.73257064819336,61.13467788696289,53.40339660644531,39.349700927734375,48.38787841796875,1.4763669967651367,0.909021019935608,0.0936619341373443,0.927090048789978,0.6092738509178162,0.6939287781715393,0.5577132105827332,0.4475869536399841
2024-09-23 12:00:00,EP102024,23.0,2024-09-26 12:00:00,3 days 00:00:00,17.62,-100.83,995.7,40.7,87.78714752197266,53.14987564086914,50.34521484375,38.51298522949219,41.47163009643555,2.42481541633606,2.1888442039489746,0.6459317207336426,1.6966147422790527,0.3734516203403473,0.3418076336383819,0.3685927987098694,0.2623864114284515
2024-09-23 12:00:00,EP102024,23.0,2024-09-26 18:00:00,3 days 06:00:00,17.42,-100.75,998.5,36.5,88.12704467773438,107.13504791259766,100.94799041748048,79.67256927490234,85.70454406738281,5.0388264656066895,4.0755462646484375,2.00449800491333,3.404793739318848,0.0,0.0718063190579414,0.2139280140399933,0.0
2024-09-23 12:00:00,EP102024,23.0,2024-09-27 00:00:00,3 days 12:00:00,17.73,-101.29,998.5,31.6,84.07613372802734,20.24286651611328,19.427265167236328,15.75163459777832,14.731539726257324,1.7532004117965698,2.6164793968200684,1.351525068283081,1.418126344680786,0.2987235784530639,0.4431935846805572,0.4298879504203796,0.2343726754188537
2024-09-23 12:00:00,EP102024,23.0,2024-09-27 06:00:00,3 days 18:00:00,18.37,-101.38,1000.9,29.4,108.95941925048828,9.591365814208984,6.423056125640869,6.272815227508545,6.66454029083252,0.4238050878047943,1.2448500394821167,1.027642846107483,0.5016943216323853,0.7165677547454834,1.0230475664138794,1.164211988449097,0.7992650866508484
2024-09-23 12:00:00,EP102024,23.0,2024-09-27 12:00:00,4 days 00:00:00,16.84,-102.4,1003.1,31.5,114.57740020751952,2.7347934246063232,6.968814373016357,3.9781899452209473,0.0,0.0,0.8075034022331238,0.7211500406265259,0.130601480603218,0.3419730067253113,0.4144856035709381,0.3027137517929077,0.4638598561286926
2024-09-23 12:00:00,AL972024,24.0,2024-09-23 12:00:00,0 days 00:00:00,17.2,-81.7,1004.0,30.0,185.1999325872245,,,,,,,,,,,,
2024-09-23 12:00:00,AL972024,24.0,2024-09-23 18:00:00,0 days 06:00:00,16.92,-82.25,1006.0,24.2,143.8173065185547,73.50340270996094,69.28392028808594,50.99956512451172,56.91791915893555,0.0,0.3044832944869995,0.4748111665248871,0.0,0.0562323071062564,0.205257162451744,0.1159831881523132,0.0
2024-09-23 12:00:00,AL972024,24.0,2024-09-24 00:00:00,0 days 12:00:00,17.76,-81.78,1001.6,35.8,75.48954772949219,6.179435729980469,2.068877935409546,0.0,1.1650971174240112,0.0,0.0,0.0,0.0,0.0828869417309761,0.006750981323421,0.0222657099366188,0.024399034678936
2024-09-23 12:00:00,AL972024,24.0,2024-09-24 06:00:00,0 days 18:00:00,18.01,-82.41,1001.7,36.2,86.43733215332031,78.31612396240234,69.08036041259766,47.16236114501953,58.170841217041016,0.2816380858421325,0.0,0.0,0.0,0.010245269164443,0.1266051828861236,0.0,0.0
2024-09-23 12:00:00,AL972024,24.0,2024-09-24 12:00:00,1 days 00:00:00,18.85,-83.35,1003.1,37.2,138.7213592529297,161.01458740234375,144.0311279296875,104.11959075927734,130.7091064453125,14.786001205444336,12.351502418518066,8.373332023620605,11.871031761169434,0.0,0.0,0.0417347401380538,0.1673635989427566
2024-09-23 12:00:00,AL972024,24.0,2024-09-24 18:00:00,1 days 06:00:00,19.22,-84.5,998.8,41.6,87.62007141113281,102.5107192993164,91.69476318359376,61.56257629394531,77.4963607788086,1.1094144582748413,0.0,0.0,0.0,0.2678798735141754,0.1306843310594558,0.0,0.0405183024704456
2024-09-23 12:00:00,AL972024,24.0,2024-09-25 00:00:00,1 days 12:00:00,19.64,-85.23,994.9,47.5,93.92371368408205,151.6207733154297,140.4027557373047,104.1761474609375,117.20629119873048,0.4874201416969299,0.0,0.0,0.0,0.2759292423725128,0.1647871881723404,0.0,0.1298880279064178
2024-09-23 12:00:00,AL972024,24.0,2024-09-25 06:00:00,1 days 18:00:00,20.4,-85.91,992.3,47.5,72.13924407958984,55.75701904296875,48.320899963378906,30.51732635498047,40.68302917480469,0.948961079120636,0.0572788119316101,0.0,0.4630015194416046,0.1242116466164588,0.0,0.0,0.0068470435217022
2024-09-23 12:00:00,AL972024,24.0,2024-09-25 12:00:00,2 days 00:00:00,21.16,-86.5,987.0,56.3,93.42886352539062,100.10906982421876,88.61611938476562,61.48890686035156,76.68714904785156,1.983522653579712,0.5297583937644958,0.0,0.7544552087783813,0.0,0.0,0.0,0.1005185544490814
2024-09-23 12:00:00,AL972024,24.0,2024-09-25 18:00:00,2 days 06:00:00,21.97,-86.84,982.7,64.6,37.004493713378906,168.6539764404297,148.461181640625,108.91705322265624,134.8708953857422,54.38364028930664,47.096954345703125,32.433528900146484,40.2657356262207,6.537853240966797,5.283682823181152,3.405195474624634,4.173599243164063
2024-09-23 12:00:00,AL972024,24.0,2024-09-26 00:00:00,2 days 12:00:00,23.21,-86.58,981.2,65.1,51.89844131469727,191.3318328857422,183.50677490234372,137.5906982421875,147.97781372070312,16.643356323242188,14.537567138671877,6.810399532318115,10.63920783996582,0.3627393841743469,0.2472003549337387,0.0,0.0
2024-09-23 12:00:00,AL972024,24.0,2024-09-26 06:00:00,2 days 18:00:00,24.05,-86.52,975.6,71.9,70.16715240478516,227.85430908203125,211.97845458984372,151.74928283691406,186.94207763671875,115.11093139648438,105.75015258789062,83.68413543701172,94.80596923828124,43.89480209350586,40.59333038330078,33.61044692993164,36.4913444519043
2024-09-23 12:00:00,AL972024,24.0,2024-09-26 12:00:00,3 days 00:00:00,25.4,-86.24,975.5,73.3,37.8676986694336,244.8188934326172,239.54612731933597,191.03135681152344,197.6569061279297,132.53253173828125,131.85157775878906,107.53897857666016,112.35120391845705,60.71114349365234,59.343711853027344,50.845645904541016,52.20034790039063
2024-09-23 12:00:00,AL972024,24.0,2024-09-26 18:00:00,3 days 06:00:00,27.29,-85.25,974.2,70.7,57.44019317626953,252.3877868652344,256.8634033203125,190.6126708984375,200.84841918945312,126.14505004882812,124.49649810791016,97.3598403930664,102.25359344482422,47.43661117553711,46.85180282592773,38.12073516845703,39.52652740478516
2024-09-23 12:00:00,AL972024,24.0,2024-09-27 00:00:00,3 days 12:00:00,29.79,-84.64,957.7,89.9,23.627025604248047,253.5720367431641,251.07907104492188,177.4165496826172,195.97479248046875,117.1496124267578,114.80587768554688,89.89611053466797,96.46613311767578,56.477840423583984,54.63261795043945,43.94489288330078,47.19398880004883
2024-09-23 12:00:00,AL972024,24.0,2024-09-27 06:00:00,3 days 18:00:00,32.95,-84.54,972.9,53.0,120.32331085205078,250.4793701171875,250.9278259277344,188.53228759765625,206.0069274902344,67.87144470214844,64.30789184570312,45.70537185668945,51.96775817871094,3.4172818660736084,2.502150297164917,0.0,1.6463661193847656
2024-09-23 12:00:00,AL972024,24.0,2024-09-27 12:00:00,4 days 00:00:00,35.49,-85.8,985.5,43.3,50.31203079223633,64.52165985107422,69.55343627929688,51.92140197753906,47.58121109008789,1.438217282295227,2.8104286193847656,0.7773973345756531,0.1232366785407066,0.0,0.0,0.0,0.0
2024-09-23 12:00:00,AL972024,24.0,2024-09-27 18:00:00,4 days 06:00:00,36.68,-87.47,989.7,32.5,61.62216567993164,5.984663009643555,6.612398147583008,3.769555807113648,3.359249830245972,0.1274532377719879,0.0,0.0,0.0,0.0,0.0,0.0,0.0
2024-09-23 12:00:00,AL972024,24.0,2024-09-28 00:00:00,4 days 12:00:00,36.79,-89.84,994.8,29.0,73.39820098876953,2.651076078414917,3.538319826126098,0.0,3.1331541538238525,0.8984307050704956,0.0,0.0,0.2974008917808532,0.3762122690677643,0.0,0.1072891801595687,0.128290981054306
2024-09-23 12:00:00,AL972024,24.0,2024-09-28 06:00:00,4 days 18:00:00,35.57,-90.72,995.1,25.2,134.98544311523438,5.927539825439453,5.613375186920166,1.909311890602112,2.9749646186828613,1.060800552368164,0.2565565109252929,0.0,0.7829201817512512,0.3715508282184601,0.0652294531464576,0.0,0.2505100667476654
2024-09-23 12:00:00,AL972024,24.0,2024-09-28 12:00:00,5 days 00:00:00,35.53,-90.02,1000.5,20.6,161.0157928466797,5.325095653533936,6.461328029632568,5.090665817260742,4.422946453094482,1.2733495235443115,1.1656674146652222,0.04457538574934,1.1445682048797607,0.2862754464149475,0.0,0.0,0.0
2024-09-23 12:00:00,AL972024,24.0,2024-09-28 18:00:00,5 days 06:00:00,36.41,-90.26,998.1,23.2,56.34220504760742,3.45135498046875,4.248575210571289,0.0,0.8836932182312012,0.6234371662139893,0.4509643614292145,0.0,0.0,0.2247391045093536,0.1284901946783065,0.0717771798372268,0.0115102175623178
2024-09-23 12:00:00,EP102024,24.0,2024-09-23 12:00:00,0 days 00:00:00,14.6,-98.4,992.0,60.0,37.03998651744491,74.07997303488982,55.55997977616736,55.55997977616736,55.55997977616736,37.03998651744491,0.0,0.0,0.0,,,,
2024-09-23 12:00:00,EP102024,24.0,2024-09-23 18:00:00,0 days 06:00:00,15.56,-98.73,990.5,56.5,62.27560806274414,108.09579467773438,90.7405242919922,65.65556335449219,87.56776428222656,33.465145111083984,27.36124038696289,19.27755355834961,25.183900833129883,4.608663558959961,3.7001893520355225,2.4104466438293457,3.49980902671814
2024-09-23 12:00:00,EP102024,24.0,2024-09-24 00:00:00,0 days 12:00:00,15.85,-98.9,997.9,44.1,49.08213806152344,41.78129196166992,36.65196228027344,22.820215225219727,30.340951919555664,1.701295256614685,1.1840250492095947,0.0,1.0200260877609253,0.0,0.0,0.0,0.0
2024-09-23 12:00:00,EP102024,24.0,2024-09-24 06:00:00,0 days 18:00:00,16.23,-98.46,995.4,49.1,41.37286758422852,58.1567268371582,47.87830352783203,30.48155403137207,44.82753372192383,9.538068771362305,7.791049003601074,4.978119373321533,6.715665340423584,0.7642321586608887,0.6431906223297119,0.4005194008350372,0.3659664988517761
2024-09-23 12:00:00,EP102024,24.0,2024-09-24 12:00:00,1 days 00:00:00,16.16,-98.76,999.1,38.7,89.47565460205078,104.7052993774414,95.10144805908205,71.21566772460938,83.84058380126953,4.729660987854004,3.988210201263428,2.63943862915039,2.912320137023926,1.0210024118423462,0.947022259235382,0.7739644646644592,0.652202308177948
2024-09-23 12:00:00,EP102024,24.0,2024-09-24 18:00:00,1 days 06:00:00,16.69,-98.92,1003.2,32.8,68.86029052734375,29.65833854675293,26.14592933654785,17.248960494995117,19.411190032958984,2.5459084510803223,2.902694702148437,1.602444410324097,2.310546398162842,0.1106011122465133,0.1265646517276764,0.1724250167608261,0.0118744410574436
2024-09-23 12:00:00,EP102024,24.0,2024-09-25 00:00:00,1 days 12:00:00,15.83,-100.09,1002.1,37.6,62.9890251159668,45.60040283203125,39.9146842956543,26.512903213500977,33.48370742797852,0.0,0.0,0.0,0.0,0.207190454006195,0.1613935977220535,0.122874230146408,0.0802420824766159
2024-09-23 12:00:00,EP102024,24.0,2024-09-25 06:00:00,1 days 18:00:00,15.57,-100.73,1002.7,32.0,81.20470428466797,0.8157921433448792,0.0,0.0,0.0,0.0,0.3297305107116699,0.1415901482105255,0.0,0.3646787405014038,0.4317348897457123,0.2920991778373718,0.3012662827968597
2024-09-23 12:00:00,EP102024,24.0,2024-09-25 12:00:00,2 days 00:00:00,16.2,-100.78,1000.0,32.3,134.4881134033203,2.437762260437012,2.6693735122680664,0.6184526681900024,0.6692869067192078,0.0,0.4040710031986236,0.6970112323760986,0.224877044558525,0.9745576977729796,0.8741345405578613,0.9209210872650146,0.7775669097900391
2024-09-23 12:00:00,EP102024,24.0,2024-09-25 18:00:00,2 days 06:00:00,15.87,-100.88,999.4,40.5,48.6351203918457,75.4922866821289,69.1328353881836,51.90121078491211,59.68894958496094,2.4198038578033447,1.4372408390045166,0.504646360874176,1.1496652364730835,0.0,0.0704721063375473,0.0449006706476211,0.0
2024-09-23 12:00:00,EP102024,24.0,2024-09-26 00:00:00,2 days 12:00:00,16.03,-100.73,997.8,44.0,67.26231384277344,112.62986755371094,105.63306427001952,83.37162780761719,91.18758392333984,1.8519490957260127,0.780595064163208,0.4525204598903656,1.1012099981307983,0.106403611600399,0.2269525378942489,0.1697052419185638,0.0
2024-09-23 12:00:00,EP102024,24.0,2024-09-26 06:00:00,2 days 18:00:00,16.34,-101.6,990.8,55.5,69.66852569580078,119.12841796875,106.60215759277344,77.45747375488281,101.15496063232422,43.75791549682617,36.23390579223633,26.80682373046875,33.672645568847656,5.282691478729248,3.860206842422485,2.6378116607666016,3.678434371948242
2024-09-23 12:00:00,EP102024,24.0,2024-09-26 12:00:00,3 days 00:00:00,16.97,-101.92,988.1,61.2,36.03711318969727,119.9065170288086,109.0439224243164,88.92864227294922,102.26924896240234,57.083831787109375,51.33113479614258,42.75739669799805,48.04532623291016,20.2697696685791,18.14799690246582,15.46198272705078,17.311397552490234
2024-09-23 12:00:00,EP102024,24.0,2024-09-26 18:00:00,3 days 06:00:00,17.11,-101.9,987.7,56.7,58.02935791015625,118.45750427246094,107.07300567626952,89.9928207397461,101.87313079833984,43.3318977355957,37.966773986816406,28.893314361572266,33.28236389160156,4.799041748046875,4.149602890014648,2.9874532222747803,3.5128018856048584
2024-09-23 12:00:00,EP102024,24.0,2024-09-27 00:00:00,3 days 12:00:00,17.39,-102.15,993.5,51.3,35.41812515258789,74.84700012207031,69.58439636230469,52.683929443359375,58.93499755859375,12.567373275756836,11.211786270141602,6.498773097991943,9.17149257659912,0.4559190571308136,0.5458422303199768,0.1267168968915939,0.1212339773774147
2024-09-23 12:00:00,EP102024,24.0,2024-09-27 06:00:00,3 days 18:00:00,18.24,-102.51,993.8,46.6,61.701114654541016,70.12452697753906,66.08609008789062,47.401737213134766,57.696739196777344,9.706192016601562,7.761877536773682,4.964126586914063,6.320991039276123,1.0978902578353882,0.9014072418212892,0.7395935654640198,0.6602067947387695
2024-09-23 12:00:00,EP102024,24.0,2024-09-27 12:00:00,4 days 00:00:00,17.69,-102.91,996.9,43.6,36.868770599365234,46.00551986694336,41.264530181884766,29.561017990112305,35.52485275268555,0.4192146360874176,0.6186184287071228,0.0,0.2928891181945801,0.2965961396694183,0.3718258738517761,0.4291190207004547,0.4628987908363342
2024-09-23 12:00:00,EP102024,24.0,2024-09-27 18:00:00,4 days 06:00:00,18.12,-102.99,999.2,38.2,35.95048904418945,6.474929332733154,8.228692054748535,5.338445663452148,4.934296607971191,2.096104383468628,2.545297622680664,1.7647312879562378,2.0712807178497314,0.0,0.0,0.1957907229661941,0.0
2024-09-23 12:00:00,EP102024,24.0,2024-09-28 00:00:00,4 days 12:00:00,18.36,-102.87,998.5,40.6,37.93064498901367,42.931766510009766,39.26596832275391,28.414867401123047,32.77310943603516,1.7878127098083496,2.229079246520996,0.8993281126022339,1.0980122089385986,0.0,0.2581631243228912,0.2558613419532776,0.1085744723677635
2024-09-23 12:00:00,EP102024,24.0,2024-09-28 06:00:00,4 days 18:00:00,18.43,-103.1,1000.7,29.9,106.77039337158205,9.396921157836914,5.50034761428833,1.428096055984497,5.970947742462158,0.2975042760372162,0.2273356020450592,0.0484022870659828,0.0,0.5446351170539856,0.5402507781982422,0.6402290463447571,0.4430293142795563
2024-09-23 12:00:00,EP102024,24.0,2024-09-28 12:00:00,5 days 00:00:00,19.06,-103.6,1003.4,24.1,122.8111801147461,5.366106986999512,4.004660606384277,2.4539406299591064,2.2165331840515137,0.0,0.0447019934654235,0.0,0.0,0.0,0.1018163934350013,0.1041436567902565,0.0057542533613741
2024-09-23 12:00:00,AL972024,25.0,2024-09-23 12:00:00,0 days 00:00:00,17.2,-81.7,1004.0,30.0,185.1999325872245,,,,,,,,,,,,
2024-09-23 12:00:00,AL972024,25.0,2024-09-23 18:00:00,0 days 06:00:00,17.39,-81.92,1005.2,26.8,143.0444793701172,55.3682746887207,50.50887680053711,36.8264274597168,41.820648193359375,0.0,0.4406138062477112,0.3442555367946625,0.0,0.1012997105717659,0.1459311246871948,0.1111818924546241,0.0538101717829704
2024-09-23 12:00:00,AL972024,25.0,2024-09-24 00:00:00,0 days 12:00:00,17.58,-81.76,1002.8,35.0,121.30960083007812,80.5078353881836,72.4023666381836,47.40388107299805,60.55585479736328,1.0131866931915283,0.1883752644062042,0.0,0.0813464969396591,0.0354280769824981,0.0374541357159614,0.0719444155693054,0.0026560074184089
2024-09-23 12:00:00,AL972024,25.0,2024-09-24 06:00:00,0 days 18:00:00,18.15,-82.58,1000.9,36.7,82.79698181152344,56.74939727783203,47.761329650878906,31.65735626220703,40.90009689331055,0.40437713265419,0.0,0.0,0.0,0.0191232468932867,0.019198315218091,0.0,0.0
2024-09-23 12:00:00,AL972024,25.0,2024-09-24 12:00:00,1 days 00:00:00,18.48,-83.7,999.2,35.5,116.42868041992188,6.458846092224121,4.072351932525635,0.0,1.5246926546096802,0.0,0.4094439148902893,0.0,0.188595563173294,0.0660546869039535,0.0559113845229148,0.0271907933056354,0.1592221558094024
2024-09-23 12:00:00,AL972024,25.0,2024-09-24 18:00:00,1 days 06:00:00,18.8,-83.87,996.6,45.1,119.17930603027344,190.05447387695312,169.67425537109375,126.2475128173828,152.78790283203125,20.09576797485352,16.726749420166016,11.15415859222412,15.68726634979248,0.0179026778787374,0.0,0.0,0.056281179189682
2024-09-23 12:00:00,AL972024,25.0,2024-09-25 00:00:00,1 days 12:00:00,19.45,-84.77,993.2,52.7,91.9903335571289,191.4005279541016,178.29905700683594,133.93701171875,148.20907592773438,0.4587005972862243,0.0,0.0,0.0,0.2378112226724624,0.1318948119878769,0.0,0.0368743948638439
2024-09-23 12:00:00,AL972024,25.0,2024-09-25 06:00:00,1 days 18:00:00,20.61,-85.52,986.7,58.8,67.63998413085938,178.3817901611328,166.36541748046875,118.03597259521484,139.45176696777344,2.9916739463806152,0.6192157864570618,0.0,0.7496203184127808,0.3400977849960327,0.0125293266028165,0.0,0.0931190550327301
2024-09-23 12:00:00,AL972024,25.0,2024-09-25 12:00:00,2 days 00:00:00,21.23,-85.96,979.8,67.8,58.55026245117188,141.62701416015625,119.36139678955078,79.02120208740234,113.00482177734376,57.69181442260742,47.68186569213867,32.274295806884766,42.750221252441406,7.234889507293701,5.258136749267578,2.9321844577789307,4.523831367492676
2024-09-23 12:00:00,AL972024,25.0,2024-09-25 18:00:00,2 days 06:00:00,22.23,-86.36,972.2,79.4,38.28317642211914,176.41212463378906,160.60595703125,114.764404296875,142.59384155273438,71.42454528808594,62.67628860473633,47.176246643066406,57.30109024047852,27.515783309936523,24.122949600219727,19.450904846191406,22.833221435546875
2024-09-23 12:00:00,AL972024,25.0,2024-09-26 00:00:00,2 days 12:00:00,23.21,-86.69,966.9,85.6,22.88360023498535,166.8553466796875,158.07684326171875,111.48065185546876,127.6868133544922,50.1460189819336,43.28801345825195,28.740541458129883,36.61116409301758,10.389843940734863,8.566143989562988,5.981849670410156,7.351418018341064
2024-09-23 12:00:00,AL972024,25.0,2024-09-26 06:00:00,2 days 18:00:00,24.52,-86.6,950.0,106.0,22.912078857421875,154.50669860839844,155.94699096679688,113.65731048583984,122.53968811035156,74.68949127197266,71.30799102783203,55.47370910644531,61.45037841796875,38.64286804199219,35.606563568115234,29.7121639251709,32.828399658203125
2024-09-23 12:00:00,AL972024,25.0,2024-09-26 12:00:00,3 days 00:00:00,25.72,-85.68,938.9,115.1,47.9013786315918,263.5677490234375,266.398681640625,196.671142578125,215.9784698486328,110.41355895996094,105.04415893554688,82.55348205566406,90.08187866210938,51.91339111328125,48.54000854492188,39.73374557495117,43.666934967041016
2024-09-23 12:00:00,AL972024,25.0,2024-09-26 18:00:00,3 days 06:00:00,27.68,-84.98,931.3,122.6,50.22085952758789,309.2722473144531,309.4319152832031,224.9326171875,250.66262817382807,134.4713134765625,130.99046325683594,103.73052215576172,111.18466186523438,69.8170166015625,67.3628158569336,54.755897521972656,58.96223449707031
2024-09-23 12:00:00,AL972024,25.0,2024-09-27 00:00:00,3 days 12:00:00,29.99,-84.04,941.1,109.1,16.99144172668457,251.60968017578125,251.17059326171875,176.5310516357422,195.03500366210935,118.4450912475586,116.37036895751952,93.03536987304688,99.55101776123048,64.52213287353516,62.12640380859375,49.87195587158203,54.46296310424805
2024-09-23 12:00:00,AL972024,25.0,2024-09-27 06:00:00,3 days 18:00:00,32.67,-85.07,969.9,66.0,61.314414978027344,191.50392150878903,191.7660980224609,134.6873779296875,148.9253387451172,77.3466796875,74.46434783935547,54.53330612182617,59.15177154541016,12.791004180908203,12.23725128173828,7.921769142150879,9.04952335357666
2024-09-23 12:00:00,AL972024,25.0,2024-09-27 12:00:00,4 days 00:00:00,34.54,-85.67,984.0,40.3,140.75567626953125,186.71031188964844,189.7608337402344,152.88119506835938,154.98487854003906,11.611480712890623,14.099081993103027,7.89565372467041,9.197369575500488,0.0,0.0,0.0,0.0
2024-09-23 12:00:00,AL972024,25.0,2024-09-27 18:00:00,4 days 06:00:00,35.8,-86.1,988.5,34.1,120.40323638916016,120.0530242919922,117.59686279296876,95.14878845214844,95.5176010131836,0.0,0.6414470672607422,0.5270934700965881,0.0138705540448427,0.0,0.0,0.0,0.0760969817638397
2024-09-23 12:00:00,AL972024,25.0,2024-09-28 00:00:00,4 days 12:00:00,36.57,-86.55,996.3,22.1,125.47029876708984,13.766983032226562,11.785382270812988,6.317840099334717,3.8941400051116943,0.4736007153987884,0.7664539217948914,0.0,0.3731663227081299,0.0432914085686206,0.0262718927115201,0.0,0.1514436602592468
2024-09-23 12:00:00,AL972024,25.0,2024-09-28 06:00:00,4 days 18:00:00,36.91,-87.98,998.1,26.5,68.18946075439453,2.359082698822021,2.7706687450408936,4.008791923522949,0.0,0.1428809314966201,0.0,0.423597514629364,0.0,0.1467608511447906,0.1737860292196273,0.0272651389241218,0.1753353178501129
2024-09-23 12:00:00,EP102024,25.0,2024-09-23 12:00:00,0 days 00:00:00,14.6,-98.4,992.0,60.0,37.03998651744491,74.07997303488982,55.55997977616736,55.55997977616736,55.55997977616736,37.03998651744491,0.0,0.0,0.0,,,,
2024-09-23 12:00:00,EP102024,25.0,2024-09-23 18:00:00,0 days 06:00:00,15.63,-98.65,987.2,63.7,52.41778945922852,109.31446075439452,93.9679946899414,68.15843200683594,88.8971176147461,39.223880767822266,33.087501525878906,23.606714248657227,30.735376358032227,7.177572727203369,5.669615268707275,4.248475551605225,5.59446382522583
2024-09-23 12:00:00,EP102024,25.0,2024-09-24 00:00:00,0 days 12:00:00,15.98,-99.19,988.1,61.4,47.90752410888672,136.00689697265625,115.4607925415039,83.15087127685547,111.15613555908205,43.61611175537109,35.65675354003906,25.575403213500977,32.956565856933594,7.946963787078857,5.994204521179199,4.254580974578857,5.485309600830078
2024-09-23 12:00:00,EP102024,25.0,2024-09-24 06:00:00,0 days 18:00:00,16.56,-99.38,986.0,65.2,31.95545959472656,126.7512435913086,110.39689636230467,80.83123016357422,104.4949722290039,38.94454956054688,32.584415435791016,24.70768547058105,30.03713035583496,8.861021995544434,7.129095554351807,5.512139320373535,6.7049946784973145
2024-09-23 12:00:00,EP102024,25.0,2024-09-24 12:00:00,1 days 00:00:00,16.89,-99.86,994.2,48.9,75.17681121826172,68.60426330566406,60.028770446777344,38.12519073486328,52.25312805175781,5.757248878479004,3.386352777481079,0.5315954089164734,3.902355194091797,0.218278706073761,0.0,0.0,0.2329718768596649
2024-09-23 12:00:00,EP102024,25.0,2024-09-24 18:00:00,1 days 06:00:00,17.15,-100.69,1000.4,34.7,109.88610076904295,59.02328872680664,55.55058288574219,40.05640411376953,43.64665222167969,3.818759679794312,3.936880111694336,1.6128106117248535,3.043722629547119,0.0946898534893989,0.0539641380310058,0.1671552211046219,0.0
2024-09-23 12:00:00,EP102024,25.0,2024-09-25 00:00:00,1 days 12:00:00,16.35,-101.84,1001.2,34.1,69.61770629882812,6.78817081451416,5.8078389167785645,2.19997787475586,4.748598098754883,0.1079964563250541,0.4804555177688598,0.4473476111888885,0.0,0.2181995660066604,0.2645954489707947,0.2348254323005676,0.1080047786235809
2024-09-23 12:00:00,EP102024,25.0,2024-09-25 06:00:00,1 days 18:00:00,15.87,-100.82,998.8,39.7,64.46686553955078,39.98442840576172,34.904876708984375,25.10259056091309,31.988466262817383,0.3696008324623108,0.262254923582077,0.1961459070444107,0.4006733894348144,0.5607801675796509,0.5709211826324463,0.5205681324005127,0.4586987495422363
2024-09-23 12:00:00,EP102024,25.0,2024-09-25 12:00:00,2 days 00:00:00,16.12,-100.28,999.5,34.3,104.61328125,10.80772590637207,11.700968742370604,7.187108516693115,7.37991189956665,0.0,0.6155877113342285,0.2706755399703979,0.0,0.6433629393577576,0.7136335372924805,0.5498157143592834,0.4701415598392486
2024-09-23 12:00:00,EP102024,25.0,2024-09-25 18:00:00,2 days 06:00:00,15.58,-100.22,1000.6,37.4,73.45359802246094,32.266414642333984,28.693941116333008,19.96184730529785,22.85856437683105,1.030196189880371,1.2327944040298462,0.5270669460296631,0.6798810362815857,0.0220586191862821,0.1457488387823104,0.1312634199857711,0.06232775375247
2024-09-23 12:00:00,EP102024,25.0,2024-09-26 00:00:00,2 days 12:00:00,15.97,-99.8,995.5,47.7,38.44573593139648,78.78517150878906,73.41764831542969,53.73617935180664,61.73559188842773,3.27355694770813,3.106697559356689,0.956655502319336,1.7860453128814695,0.0721839591860771,0.1871441155672073,0.3214905858039856,0.0731824114918708
2024-09-23 12:00:00,EP102024,25.0,2024-09-26 06:00:00,2 days 18:00:00,17.0,-100.11,993.9,49.0,36.98270034790039,51.03770065307617,43.779544830322266,28.479581832885746,39.453609466552734,8.30722713470459,6.787870407104492,4.133817195892334,5.728368759155273,0.9745998978614808,1.0055224895477295,0.7441083788871765,0.6379222869873047
2024-09-23 12:00:00,EP102024,25.0,2024-09-26 12:00:00,3 days 00:00:00,17.55,-100.89,998.6,37.0,99.87315368652344,16.377296447753906,14.965166091918944,8.697587966918945,10.463963508605955,0.8375856876373291,1.1830992698669434,0.2058859765529632,0.4254429340362549,0.5728492140769958,0.656493604183197,0.4768981635570526,0.4182131290435791
2024-09-23 12:00:00,EP102024,25.0,2024-09-26 18:00:00,3 days 06:00:00,17.43,-99.2,1001.4,29.6,114.83514404296876,8.423624992370605,8.986351013183594,7.175459384918213,4.238595008850098,0.9996621608734132,1.4366344213485718,0.7524347305297852,1.203499436378479,0.0,0.0309384074062109,0.1458558887243271,0.0305390730500221
2024-09-23 12:00:00,EP102024,25.0,2024-09-27 00:00:00,3 days 12:00:00,17.1,-100.27,1003.0,27.4,69.7349853515625,3.612061738967896,4.360498428344727,4.546864986419678,1.2421754598617554,0.0,0.5688454508781433,0.3250376284122467,0.0,0.6730865240097046,0.7906915545463562,0.8723893165588379,0.7023881077766418
2024-09-23 12:00:00,EP102024,25.0,2024-09-27 06:00:00,3 days 18:00:00,17.23,-99.67,1004.1,27.8,69.8671646118164,1.2043229341506958,0.0,0.0,0.8264799118041992,0.0,0.0,0.0,0.0,0.5166499018669128,0.5438704490661621,0.8744785189628601,0.6752011775970459
2024-09-23 12:00:00,AL972024,26.0,2024-09-23 12:00:00,0 days 00:00:00,17.2,-81.7,1004.0,30.0,185.1999325872245,,,,,,,,,,,,
2024-09-23 12:00:00,AL972024,26.0,2024-09-23 18:00:00,0 days 06:00:00,17.54,-81.56,1007.0,26.7,90.39435577392578,1.544525384902954,0.9515945315361024,0.0,0.1114577949047088,0.0,0.1953836232423782,0.0,0.0,0.0,0.0321248956024646,0.0,0.0
2024-09-23 12:00:00,AL972024,26.0,2024-09-24 00:00:00,0 days 12:00:00,18.36,-81.77,1003.5,29.3,128.3434295654297,4.25350284576416,3.2025375366210938,0.0,0.0,0.2838314175605774,0.4655337631702423,0.0331441387534141,0.2817360460758209,0.0155941378325223,0.0,0.1557069569826126,0.1013843268156051
2024-09-23 12:00:00,AL972024,26.0,2024-09-24 06:00:00,0 days 18:00:00,18.44,-82.84,1002.4,34.4,138.76211547851562,9.101630210876465,5.766610622406006,0.0897465199232101,3.459280014038086,0.1134934499859809,0.2835818231105804,0.0357117243111133,0.1237341240048408,0.0,0.0,0.020237261429429,0.0628373250365257
2024-09-23 12:00:00,AL972024,26.0,2024-09-24 12:00:00,1 days 00:00:00,18.77,-84.04,1000.2,34.5,107.82415771484376,4.248901844024658,2.304351806640625,0.0,0.0,0.0,0.0,0.3170801401138305,0.0,0.0002307198301423,0.0951352268457412,0.1372486501932144,0.0652836635708808
2024-09-23 12:00:00,AL972024,26.0,2024-09-24 18:00:00,1 days 06:00:00,19.7,-84.69,999.2,49.8,148.29962158203125,262.1037292480469,231.40614318847656,152.38583374023438,197.45068359375,2.631474494934082,0.672020435333252,0.0,0.942534565925598,0.1629289388656616,0.0085742268711328,0.0,0.0163961891084909
2024-09-23 12:00:00,AL972024,26.0,2024-09-25 00:00:00,1 days 12:00:00,20.32,-85.18,992.6,51.8,89.77133178710938,167.37796020507812,154.91238403320312,111.39226531982422,125.05339813232422,0.9530285596847534,0.9550227522850036,0.3047647476196289,0.0,0.1903992593288421,0.1001757383346557,0.0489596426486969,0.1131864637136459
2024-09-23 12:00:00,AL972024,26.0,2024-09-25 06:00:00,1 days 18:00:00,20.94,-86.48,986.2,63.7,54.6458740234375,135.27671813964844,110.40576934814452,73.49185943603516,103.70235443115234,11.648171424865724,8.463871002197266,5.017129421234131,8.524239540100098,0.2968166172504425,0.0,0.0,0.3250058889389038
2024-09-23 12:00:00,AL972024,26.0,2024-09-25 12:00:00,2 days 00:00:00,21.34,-86.61,979.8,71.5,35.207557678222656,190.8058013916016,171.28187561035156,126.79689025878906,152.10340881347656,92.75884246826172,84.0525894165039,66.42710876464844,78.44277954101562,50.00189971923828,45.97762680053711,37.08588409423828,42.2529182434082
2024-09-23 12:00:00,AL972024,26.0,2024-09-25 18:00:00,2 days 06:00:00,21.85,-86.85,978.7,71.3,50.01131439208984,131.9963836669922,116.59729766845705,83.74027252197266,100.75045013427734,55.20869064331055,48.8637580871582,37.820404052734375,44.785186767578125,20.845518112182617,18.462331771850582,14.610331535339355,17.10264015197754
2024-09-23 12:00:00,AL972024,26.0,2024-09-26 00:00:00,2 days 12:00:00,22.55,-86.51,968.5,82.6,39.89352416992188,211.8993988037109,202.9648895263672,149.02066040039062,169.5592803955078,105.53111267089844,96.47551727294922,73.37430572509766,86.71455383300781,42.480712890625,38.5342025756836,31.084693908691406,36.11614608764648
2024-09-23 12:00:00,AL972024,26.0,2024-09-26 06:00:00,2 days 18:00:00,23.45,-85.89,963.9,89.0,30.862831115722656,191.8731689453125,189.3959197998047,135.7327117919922,150.52769470214844,91.33645629882812,83.98274993896484,64.25635528564453,74.62223052978516,42.36195755004883,38.76358413696289,31.2259578704834,35.83475875854492
2024-09-23 12:00:00,AL972024,26.0,2024-09-26 12:00:00,3 days 00:00:00,25.44,-84.94,948.3,105.5,45.91692352294922,228.9416961669922,232.9532928466797,168.2108917236328,178.81838989257812,112.27483367919922,105.39148712158205,79.63278198242188,90.8541488647461,40.79863739013672,37.58032989501953,30.31526756286621,34.82518005371094
2024-09-23 12:00:00,AL972024,26.0,2024-09-26 18:00:00,3 days 06:00:00,27.47,-84.11,946.1,110.6,38.64307403564453,218.4788818359375,224.55393981933597,159.18373107910156,167.79042053222656,100.22225952148438,94.30254364013672,70.68889617919922,80.45869445800781,38.91971206665039,35.5543212890625,28.39633560180664,32.64950942993164
2024-09-23 12:00:00,AL972024,26.0,2024-09-27 00:00:00,3 days 12:00:00,30.15,-83.05,950.9,100.4,41.63930892944336,304.568115234375,304.38623046875,228.54888916015625,244.634765625,159.28440856933594,153.91868591308594,126.0690689086914,139.14955139160156,74.87269592285156,71.85062408447266,60.652931213378906,66.19436645507812
2024-09-23 12:00:00,AL972024,26.0,2024-09-27 06:00:00,3 days 18:00:00,33.01,-83.0,977.4,61.1,43.79867935180664,110.1142349243164,116.1352767944336,79.15814971923828,74.17192077636719,40.76877212524414,39.60877227783203,26.7050724029541,29.47768211364746,1.683077335357666,1.5129398107528689,0.4205555319786072,0.9315149188041688
2024-09-23 12:00:00,AL972024,26.0,2024-09-27 12:00:00,4 days 00:00:00,35.63,-82.84,987.1,44.8,131.1544647216797,116.7551498413086,124.18614959716795,86.6256332397461,81.66583251953125,0.0278143174946308,1.6112117767333984,0.0,0.0,0.0054234252311289,0.0,0.1103197336196899,0.0
2024-09-23 12:00:00,AL972024,26.0,2024-09-27 18:00:00,4 days 06:00:00,37.43,-83.82,991.4,33.0,111.55927276611328,28.09777069091797,28.35608673095703,11.729814529418944,15.63359832763672,0.0,0.1195302382111549,0.0,0.0,0.0629879981279373,0.1534129083156585,0.3486189246177673,0.0249116402119398
2024-09-23 12:00:00,AL972024,26.0,2024-09-28 00:00:00,4 days 12:00:00,39.08,-85.5,996.5,26.3,159.02503967285156,3.736637115478516,3.852671384811402,0.0,0.0,0.0,0.0,0.0,0.0,0.0,0.0958982110023498,0.1082103177905082,0.0
2024-09-23 12:00:00,AL972024,26.0,2024-09-28 06:00:00,4 days 18:00:00,39.03,-88.18,999.6,22.4,144.22662353515625,0.0,0.0,0.0,0.0,0.0,0.0,0.2141893655061721,0.3253237307071686,0.1663928031921386,0.4043419361114502,0.384462833404541,0.1593402177095413
2024-09-23 12:00:00,EP102024,26.0,2024-09-23 12:00:00,0 days 00:00:00,14.6,-98.4,992.0,60.0,37.03998651744491,74.07997303488982,55.55997977616736,55.55997977616736,55.55997977616736,37.03998651744491,0.0,0.0,0.0,,,,
2024-09-23 12:00:00,EP102024,26.0,2024-09-23 18:00:00,0 days 06:00:00,15.14,-98.58,991.6,57.7,44.49348068237305,99.07975006103516,89.776123046875,69.00958251953125,86.65565490722656,40.19675064086914,34.41178131103516,24.792375564575195,31.90131187438965,1.2034448385238647,0.4523050487041473,0.0,0.8876572251319885
2024-09-23 12:00:00,EP102024,26.0,2024-09-24 00:00:00,0 days 12:00:00,15.75,-98.87,989.4,56.9,52.1846923828125,80.76226806640625,73.12290954589844,56.107383728027344,67.18565368652344,23.910261154174805,20.588525772094727,15.493091583251951,18.740182876586918,2.043222665786743,1.4060297012329102,1.217473387718201,1.720719337463379
2024-09-23 12:00:00,EP102024,26.0,2024-09-24 06:00:00,0 days 18:00:00,16.45,-98.95,983.8,66.3,37.77719879150391,71.27631378173828,63.99430465698242,53.683441162109375,60.81050491333008,26.225778579711918,23.66468811035156,20.392860412597656,22.6035099029541,3.8825273513793945,2.9162819385528564,3.208524703979492,3.7088160514831534
2024-09-23 12:00:00,EP102024,26.0,2024-09-24 12:00:00,1 days 00:00:00,16.0,-99.45,989.4,57.7,53.40054321289063,67.70906066894531,74.04882049560547,62.59425354003906,58.56307220458984,22.93388557434082,21.57314682006836,19.402069091796875,19.00816535949707,3.719388723373413,3.852142572402954,3.411531686782837,3.466337919235229
2024-09-23 12:00:00,EP102024,26.0,2024-09-24 18:00:00,1 days 06:00:00,16.5,-99.82,991.6,57.7,57.986026763916016,183.2658843994141,166.27874755859375,130.34962463378906,157.77671813964844,42.73237228393555,37.62880706787109,27.45884704589844,34.04084396362305,0.6223652958869934,0.3164332807064056,0.1519456952810287,0.571566641330719
2024-09-23 12:00:00,EP102024,26.0,2024-09-25 00:00:00,1 days 12:00:00,16.21,-100.56,997.6,41.9,71.0438461303711,44.17616271972656,48.29188919067383,36.1563835144043,37.12648010253906,0.5343249440193176,0.405096173286438,0.0830958560109138,0.0790264159440994,0.173174113035202,0.1716183423995971,0.2321197390556335,0.1526683717966079
2024-09-23 12:00:00,EP102024,26.0,2024-09-25 06:00:00,1 days 18:00:00,16.25,-100.79,994.5,46.2,63.220924377441406,86.98853302001953,83.15532684326172,66.08517456054688,73.72379302978516,0.1752141714096069,0.0,0.3213382959365845,0.4958059787750244,0.0133849550038576,0.0,0.0360763035714626,0.1193873956799507
2024-09-23 12:00:00,EP102024,26.0,2024-09-25 12:00:00,2 days 00:00:00,16.17,-100.81,989.5,59.4,40.41223907470703,123.6898956298828,117.1037139892578,101.2048568725586,106.14820098876952,60.67856216430664,57.519962310791016,47.99599456787109,51.55353164672852,23.70692253112793,22.39391326904297,18.63316535949707,20.437332153320312
2024-09-23 12:00:00,EP102024,26.0,2024-09-25 18:00:00,2 days 06:00:00,16.38,-100.67,982.8,67.4,40.04463195800781,90.22402954101562,87.38617706298828,71.06729125976562,77.07102966308594,41.33446502685547,37.87709426879883,31.093454360961918,35.06429672241211,14.240478515625,12.89581298828125,10.831378936767578,12.3595552444458
2024-09-23 12:00:00,EP102024,26.0,2024-09-26 00:00:00,2 days 12:00:00,17.01,-100.91,978.6,71.4,31.96026992797852,113.17166900634766,106.17937469482422,82.24189758300781,91.71229553222656,53.29167938232422,49.0010871887207,39.144020080566406,44.37352752685547,22.117395401000977,19.682825088500977,16.619361877441406,19.054901123046875
2024-09-23 12:00:00,EP102024,26.0,2024-09-26 06:00:00,2 days 18:00:00,17.38,-101.76,986.4,60.3,40.07046508789063,139.58460998535156,136.08755493164062,121.89590454101562,124.90617370605467,66.13157653808594,62.91265487670898,51.23828887939453,54.742435455322266,4.346893787384033,3.7452385425567623,3.296959400177002,3.667353868484497
2024-09-23 12:00:00,EP102024,26.0,2024-09-26 12:00:00,3 days 00:00:00,17.49,-101.79,993.0,50.0,64.74613952636719,49.40989303588867,48.43179702758789,38.313873291015625,40.82028579711914,11.09690761566162,10.155990600585938,7.391743183135986,8.891118049621582,1.036593317985535,0.6788497567176819,0.6539180278778076,0.8121669888496399
2024-09-23 12:00:00,EP102024,26.0,2024-09-26 18:00:00,3 days 06:00:00,17.84,-102.06,998.9,36.2,96.25975799560548,15.420047760009766,15.002202033996582,8.948567390441895,10.69277000427246,1.008694052696228,0.8002700805664062,0.2154437601566314,0.0,0.057497464120388,0.2472040206193924,0.2013791650533676,0.1210822090506553
2024-09-23 12:00:00,EP102024,26.0,2024-09-27 00:00:00,3 days 12:00:00,18.15,-102.01,999.6,31.4,46.64694595336914,1.982906937599182,6.563965797424316,4.342995643615723,2.604318141937256,0.0,0.5859923958778381,0.1279932856559753,0.0,0.0,0.1644030660390854,0.0518700219690799,0.0
2024-09-23 12:00:00,AL972024,27.0,2024-09-23 12:00:00,0 days 00:00:00,17.2,-81.7,1004.0,30.0,185.1999325872245,,,,,,,,,,,,
2024-09-23 12:00:00,AL972024,27.0,2024-09-23 18:00:00,0 days 06:00:00,17.43,-81.94,1006.5,26.6,86.78022003173828,3.0229156017303467,3.187798500061035,0.0,1.051214337348938,0.0,0.0741932615637779,0.0,0.0,0.0,0.0,0.0,0.0
2024-09-23 12:00:00,AL972024,27.0,2024-09-24 00:00:00,0 days 12:00:00,17.97,-81.93,1003.9,30.9,88.0639877319336,18.184627532958984,15.302572250366213,4.921004772186279,9.110053062438965,0.1200509592890739,0.1664894372224807,0.0,0.0,0.0648713186383247,0.0,0.0642787367105484,0.0
2024-09-23 12:00:00,AL972024,27.0,2024-09-24 06:00:00,0 days 18:00:00,18.08,-82.69,1002.5,34.7,85.62648010253906,32.18877029418945,27.484346389770508,9.703627586364746,18.09467887878418,0.0,0.122620865702629,0.0,0.0,0.1107588484883308,0.0021151800174266,0.0,0.0303680673241615
2024-09-23 12:00:00,AL972024,27.0,2024-09-24 12:00:00,1 days 00:00:00,18.4,-83.51,999.6,39.2,69.98238372802734,89.94656372070312,75.22147369384766,47.780757904052734,66.92922973632812,0.2305597960948944,0.0,0.0,0.0,0.0,0.0740391165018081,0.098148301243782,0.0
2024-09-23 12:00:00,AL972024,27.0,2024-09-24 18:00:00,1 days 06:00:00,18.74,-84.21,998.2,42.4,103.82823944091795,19.868562698364254,14.54591941833496,3.114480972290039,9.56089687347412,0.0,0.0,0.0,0.0,0.0,0.0,0.013999069109559,0.0
2024-09-23 12:00:00,AL972024,27.0,2024-09-25 00:00:00,1 days 12:00:00,19.39,-84.6,996.3,45.8,74.48503875732422,203.00100708007807,183.1644744873047,130.55691528320312,155.92953491210938,10.907964706420898,9.604562759399414,6.055022716522217,7.553898811340332,0.0,0.0235572587698698,0.0139312855899333,0.0
2024-09-23 12:00:00,AL972024,27.0,2024-09-25 06:00:00,1 days 18:00:00,20.32,-85.27,990.8,56.1,113.34011840820312,232.2650146484375,201.52911376953125,136.2998504638672,174.44488525390625,3.438065528869629,1.5217610597610474,0.0,1.5586239099502563,0.2279464155435562,0.2192872017621994,0.0510317124426364,0.0949285700917244
2024-09-23 12:00:00,AL972024,27.0,2024-09-25 12:00:00,2 days 00:00:00,21.74,-85.61,985.6,62.8,52.48257064819336,206.77268981933597,190.0179443359375,132.06675720214844,161.3666229248047,98.70184326171876,86.6630859375,59.78292465209961,75.5323486328125,11.891855239868164,9.3563814163208,5.985210418701172,9.022699356079102
2024-09-23 12:00:00,AL972024,27.0,2024-09-25 18:00:00,2 days 06:00:00,22.56,-86.17,971.4,81.3,41.62294769287109,256.2649841308594,225.92123413085935,156.63128662109375,202.5126037597656,127.3090362548828,112.33538055419922,83.96672058105469,105.617919921875,53.62966537475586,48.04188919067383,38.26508712768555,45.55829620361328
2024-09-23 12:00:00,AL972024,27.0,2024-09-26 00:00:00,2 days 12:00:00,23.65,-86.36,956.1,96.1,25.34993934631348,229.0386505126953,211.87147521972656,150.0654296875,180.56597900390625,108.69893646240234,96.72614288330078,73.13919067382812,87.85712432861328,53.50469970703125,48.51481246948242,38.690460205078125,45.04824447631836
2024-09-23 12:00:00,AL972024,27.0,2024-09-26 06:00:00,2 days 18:00:00,24.79,-85.88,944.0,111.5,32.99699783325195,226.7470550537109,217.4190368652344,162.71902465820312,180.20762634277344,111.95684051513672,104.99750518798828,86.52682495117188,96.73352813720705,71.2596664428711,66.19996643066406,55.15572738647461,61.39003753662109
2024-09-23 12:00:00,AL972024,27.0,2024-09-26 12:00:00,3 days 00:00:00,25.83,-85.2,941.3,116.3,23.102724075317383,256.3910217285156,264.5030822753906,194.9299774169922,204.37425231933597,128.1116943359375,121.938720703125,96.89802551269533,107.38818359375,67.86425018310547,64.08038330078125,52.83667755126953,58.5759162902832
2024-09-23 12:00:00,AL972024,27.0,2024-09-26 18:00:00,3 days 06:00:00,27.71,-84.3,941.7,112.8,31.899843215942383,262.69927978515625,261.42340087890625,190.7172698974609,210.8734893798828,134.28794860839844,126.47444915771484,100.83747100830078,114.78059387207033,74.83580017089844,70.60867309570312,58.5451545715332,65.14244079589844
2024-09-23 12:00:00,AL972024,27.0,2024-09-27 00:00:00,3 days 12:00:00,30.34,-83.55,938.3,114.3,25.44243812561035,268.0249328613281,262.016845703125,203.33905029296875,219.84176635742188,140.22970581054688,135.68772888183594,114.76676940917967,126.86033630371094,81.39352416992188,78.10172271728516,66.92475891113281,72.97593688964844
2024-09-23 12:00:00,AL972024,27.0,2024-09-27 06:00:00,3 days 18:00:00,33.42,-82.64,976.3,62.7,38.1167106628418,140.850830078125,150.9586639404297,114.47150421142578,103.5006332397461,52.74470520019531,51.84955596923828,37.27286148071289,39.54031753540039,0.9923046827316284,1.0788902044296265,0.4459306299686432,0.5538251996040344
2024-09-23 12:00:00,AL972024,27.0,2024-09-27 12:00:00,4 days 00:00:00,36.15,-83.26,988.6,41.6,145.62142944335938,100.63361358642578,108.0480728149414,78.05679321289062,70.1630630493164,1.5264532566070557,3.181387424468994,0.5036250948905945,0.0,0.0681748390197753,0.0664891675114631,0.1959493160247802,0.1123488321900367
2024-09-23 12:00:00,AL972024,27.0,2024-09-27 18:00:00,4 days 06:00:00,37.71,-83.85,990.8,26.6,110.94032287597656,8.711212158203125,13.481806755065918,2.2306299209594727,2.8955347537994385,0.4421486854553222,0.0187502354383468,0.0,0.0,0.0,0.1056290566921234,0.1953797042369842,0.0
2024-09-23 12:00:00,AL972024,27.0,2024-09-28 00:00:00,4 days 12:00:00,38.86,-84.37,993.0,24.4,72.16095733642578,4.247838020324707,6.582290649414063,0.0,0.0,0.0,0.0,0.0,0.0,0.0,0.0207466203719377,0.1384850740432739,0.0
2024-09-23 12:00:00,AL972024,27.0,2024-09-28 06:00:00,4 days 18:00:00,39.15,-87.27,996.9,24.6,68.91889190673828,3.802821159362793,7.331374645233154,5.199313163757324,0.0,0.0,0.0,0.3467518091201782,0.0,0.5521191358566284,0.2759519815444946,0.3759601414203644,0.2769528031349182
2024-09-23 12:00:00,AL972024,27.0,2024-09-28 12:00:00,5 days 00:00:00,38.11,-88.95,997.9,23.2,79.5999984741211,0.0,0.5206348896026611,2.292832612991333,0.0,0.0,0.0886982753872871,0.3442954123020172,0.0527011193335056,0.0658786371350288,0.1256562918424606,0.0,0.0
2024-09-23 12:00:00,EP102024,27.0,2024-09-23 12:00:00,0 days 00:00:00,14.6,-98.4,992.0,60.0,37.03998651744491,74.07997303488982,55.55997977616736,55.55997977616736,55.55997977616736,37.03998651744491,0.0,0.0,0.0,,,,
2024-09-23 12:00:00,EP102024,27.0,2024-09-23 18:00:00,0 days 06:00:00,14.89,-98.5,991.6,57.9,45.219200134277344,81.87056732177734,75.33670806884766,54.42308044433594,71.31692504882812,37.335487365722656,30.85975646972656,21.290077209472656,29.052705764770508,1.4075199365615845,0.5657877922058105,0.0,0.853891909122467
2024-09-23 12:00:00,EP102024,27.0,2024-09-24 00:00:00,0 days 12:00:00,15.52,-98.61,985.4,68.9,20.14803695678711,110.4629135131836,99.50862884521484,71.96394348144531,90.0281753540039,50.74156188964844,45.03007507324219,34.87918472290039,42.751102447509766,23.116477966308597,20.238056182861328,16.518474578857422,19.55105972290039
2024-09-23 12:00:00,EP102024,27.0,2024-09-24 06:00:00,0 days 18:00:00,16.11,-99.05,990.2,58.3,27.47180938720703,87.443115234375,81.3213882446289,64.21650695800781,73.86048126220703,29.891754150390625,26.66025924682617,20.299989700317383,23.52142906188965,1.350785493850708,0.8185514807701111,0.7605021595954895,1.1462421417236328
2024-09-23 12:00:00,EP102024,27.0,2024-09-24 12:00:00,1 days 00:00:00,16.59,-99.68,988.3,61.1,31.660852432250977,79.22329711914062,73.0066909790039,54.61827850341797,62.678016662597656,28.4991397857666,24.37274932861328,18.31287384033203,22.463642120361328,3.697436571121216,2.5629940032958984,2.0400679111480717,3.0769081115722656
2024-09-23 12:00:00,EP102024,27.0,2024-09-24 18:00:00,1 days 06:00:00,17.11,-100.13,991.6,57.0,38.989349365234375,78.4676513671875,68.7391128540039,49.83930206298828,62.75492858886719,25.436153411865234,21.52251243591309,14.911627769470217,20.368976593017575,3.28524112701416,2.279642105102539,1.7098368406295776,2.6331074237823486
2024-09-23 12:00:00,EP102024,27.0,2024-09-25 00:00:00,1 days 12:00:00,16.69,-100.21,994.6,48.3,38.527103424072266,84.65110778808594,79.0573501586914,59.39262390136719,68.94242095947266,21.145023345947266,19.358369827270508,13.86584758758545,16.49878692626953,0.4148286283016205,0.2555872797966003,0.1091537624597549,0.3906283378601074
2024-09-23 12:00:00,EP102024,27.0,2024-09-25 06:00:00,1 days 18:00:00,16.7,-101.7,998.6,42.5,100.0538558959961,114.37126922607422,105.3833465576172,77.13680267333984,91.31153106689452,0.6399207711219788,0.5821517705917358,1.034365177154541,0.6596279144287109,0.3411490023136139,0.4061683416366577,0.3854294419288635,0.1644977629184723
2024-09-23 12:00:00,EP102024,27.0,2024-09-25 12:00:00,2 days 00:00:00,16.22,-101.69,998.4,42.8,59.45711898803711,116.159423828125,107.66429138183594,86.2078628540039,98.56292724609376,18.22177505493164,16.53752899169922,12.768494606018066,14.320133209228516,0.112075962126255,0.2601918876171112,0.1316397041082382,0.0064314077608287
2024-09-23 12:00:00,EP102024,27.0,2024-09-25 18:00:00,2 days 06:00:00,16.47,-101.35,993.9,47.9,54.54293441772461,163.2845458984375,156.3859100341797,131.72491455078125,143.98703002929688,49.76382064819336,46.812965393066406,36.23021697998047,40.22639083862305,0.0,0.1337169259786605,0.0,0.0
2024-09-23 12:00:00,EP102024,27.0,2024-09-26 00:00:00,2 days 12:00:00,16.54,-101.64,992.7,50.4,46.49422836303711,111.16671752929688,99.66437530517578,75.2240219116211,89.61063385009766,5.977531433105469,4.865409851074219,2.9242231845855717,4.037048816680908,0.0975603461265564,0.1508474946022033,0.0013819728046655,0.0268470998853445
2024-09-23 12:00:00,EP102024,27.0,2024-09-26 06:00:00,2 days 18:00:00,16.54,-102.26,989.2,56.2,54.47185897827149,108.36783599853516,98.77020263671876,80.92364501953125,92.53467559814452,28.68404197692871,25.795135498046875,20.39082717895508,23.119325637817383,1.264551877975464,1.0018389225006104,0.8881493210792542,0.9634049534797668
2024-09-23 12:00:00,EP102024,27.0,2024-09-26 12:00:00,3 days 00:00:00,16.96,-102.39,977.7,73.6,26.73005104064941,94.6388168334961,93.17970275878906,79.90975189208984,81.3988037109375,43.27123641967773,39.86576843261719,31.825618743896484,35.555355072021484,8.131609916687012,6.922431945800781,5.886001586914063,7.009660243988037
2024-09-23 12:00:00,EP102024,27.0,2024-09-26 18:00:00,3 days 06:00:00,17.84,-102.56,978.2,74.1,29.822763442993164,133.3951873779297,126.28617095947266,100.58588409423828,112.7599639892578,64.8122787475586,57.61568832397461,44.937767028808594,53.58567810058594,21.457639694213867,18.70670318603516,15.235654830932615,18.06737518310547
2024-09-23 12:00:00,EP102024,27.0,2024-09-27 00:00:00,3 days 12:00:00,18.21,-103.21,977.4,71.7,30.62729835510254,104.31101989746094,97.95010375976562,84.43553161621094,88.79232788085938,49.25992202758789,46.2859992980957,37.41313171386719,41.879539489746094,17.336545944213867,15.558320999145508,13.39755916595459,15.308345794677734
2024-09-23 12:00:00,EP102024,27.0,2024-09-27 06:00:00,3 days 18:00:00,18.22,-103.31,994.5,49.1,29.753862380981445,59.86067962646485,57.9179801940918,46.45673370361328,50.74127578735352,13.287243843078612,13.677675247192385,10.998266220092772,10.600122451782228,0.0,0.2101310789585113,0.3592707514762878,0.0
2024-09-23 12:00:00,EP102024,27.0,2024-09-27 12:00:00,4 days 00:00:00,18.35,-103.9,999.8,39.6,95.7219696044922,89.8238296508789,84.05120086669922,63.86085891723633,71.50141143798828,0.4322211742401123,0.6221917271614075,0.6005541086196899,0.2234369963407516,0.0,0.1205042824149131,0.1550414711236953,0.0
2024-09-23 12:00:00,EP102024,27.0,2024-09-27 18:00:00,4 days 06:00:00,18.59,-103.99,1001.6,29.6,88.53475952148438,0.0,1.5716012716293335,3.143768310546875,1.9911726713180544,0.0,0.0,0.9405674934387208,0.0,0.0180898644030094,0.4618176519870758,0.5882686972618103,0.3343085944652557
2024-09-23 12:00:00,EP102024,27.0,2024-09-28 00:00:00,4 days 12:00:00,19.75,-104.58,1001.3,31.0,40.60297775268555,2.87650465965271,4.780110836029053,3.85455060005188,0.4001909494400024,0.0,0.7231712341308594,0.5880997180938721,0.0,0.0,0.1426725685596466,0.2100373357534408,0.0
2024-09-23 12:00:00,EP102024,27.0,2024-09-28 06:00:00,4 days 18:00:00,19.24,-104.93,1004.9,25.9,53.622066497802734,5.831869602203369,6.696173667907715,2.728789567947388,0.921788215637207,0.0,0.7364791035652161,0.3945798873901367,0.0,0.0,0.095696210861206,0.0224289149045944,0.0
2024-09-23 12:00:00,EP102024,27.0,2024-09-28 12:00:00,5 days 00:00:00,19.66,-105.72,1003.1,28.6,47.063777923583984,0.0080117108300328,2.6615958213806152,2.837233066558838,0.0,0.0,0.6236943602561951,0.5711179375648499,0.0,0.0440834909677505,0.1022903099656105,0.0956712514162063,0.0
2024-09-23 12:00:00,EP102024,27.0,2024-09-28 18:00:00,5 days 06:00:00,20.05,-106.78,1004.9,27.6,84.52735900878906,2.965256452560425,1.594473958015442,2.4955267906188965,2.00769591331482,0.0,0.2115364223718643,0.3540129363536834,0.0171681568026542,0.1659850925207138,0.24484184384346,0.2647223472595215,0.0
2024-09-23 12:00:00,EP102024,27.0,2024-09-29 00:00:00,5 days 12:00:00,20.8,-107.64,1001.5,36.2,44.63959884643555,91.57056427001952,82.66824340820312,58.54253768920898,70.5108413696289,1.2735368013381958,1.2856507301330566,0.3376322984695434,0.0955632179975509,0.0,0.1560039073228836,0.1467695385217666,0.0
2024-09-23 12:00:00,EP102024,27.0,2024-09-29 06:00:00,5 days 18:00:00,22.11,-108.59,1004.6,27.0,54.29206848144531,0.5572071075439453,1.5265382528305054,0.4719716310501098,1.8357481956481931,0.0,0.0,0.0,0.0,0.2350436747074127,0.1589968353509903,0.0,0.058843333274126
2024-09-23 12:00:00,EP102024,27.0,2024-09-29 12:00:00,6 days 00:00:00,21.71,-108.96,1005.5,27.1,95.17652130126952,6.044746398925781,5.5532073974609375,4.49997091293335,4.767829418182373,0.1516171097755432,0.2380219250917434,0.1653829514980316,0.0,0.0733099356293678,0.1138654798269271,0.0394517965614795,0.0
2024-09-23 12:00:00,EP102024,27.0,2024-09-29 18:00:00,6 days 06:00:00,22.06,-109.24,1006.3,26.2,74.7411117553711,11.668392181396484,6.799592018127441,3.335700750350952,7.439908981323242,0.0,0.0,0.0691478848457336,0.0,0.1754777282476425,0.2459358274936676,0.0457646586000919,0.0428242310881614
2024-09-23 12:00:00,EP102024,27.0,2024-09-30 00:00:00,6 days 12:00:00,22.26,-109.19,1007.2,22.6,49.10473251342773,0.7889585494995117,0.0,0.0,0.6437582969665527,0.0,0.0,0.0,0.0,0.0,0.1366728693246841,0.0025129048153758,0.0
2024-09-23 12:00:00,AL972024,28.0,2024-09-23 12:00:00,0 days 00:00:00,17.2,-81.7,1004.0,30.0,185.1999325872245,,,,,,,,,,,,
2024-09-23 12:00:00,AL972024,28.0,2024-09-23 18:00:00,0 days 06:00:00,18.02,-81.46,1005.8,26.1,80.21624755859375,3.949882030487061,1.464299559593201,0.0,0.7431236505508423,0.0,0.2429642379283905,0.0055540963076055,0.0,0.0512862503528595,0.1174857914447784,0.0919405445456504,0.0006858447450213
2024-09-23 12:00:00,AL972024,28.0,2024-09-24 00:00:00,0 days 12:00:00,17.93,-82.39,1002.6,31.8,119.52105712890624,7.149506092071533,5.968362331390381,0.0,0.3597545027732849,0.1058129966259002,0.1539214253425598,0.0022339897695928,0.09924978017807,0.0,0.0,0.0651601701974868,0.0179877467453479
2024-09-23 12:00:00,AL972024,28.0,2024-09-24 06:00:00,0 days 18:00:00,18.41,-82.31,999.8,40.0,128.4957733154297,32.407752990722656,25.416296005249023,9.517936706542969,21.72515869140625,0.2008625417947769,0.0501437932252883,0.0,0.0,0.0090817669406533,0.0,0.0346245802938938,0.0
2024-09-23 12:00:00,AL972024,28.0,2024-09-24 12:00:00,1 days 00:00:00,18.53,-83.34,999.9,35.8,118.41079711914062,4.731703281402588,2.7840576171875,0.0,1.576844334602356,0.0,0.0157479904592037,0.0380137264728546,0.0,0.0,0.0,0.0555237345397472,0.0
2024-09-23 12:00:00,AL972024,28.0,2024-09-24 18:00:00,1 days 06:00:00,18.9,-84.08,996.6,47.6,125.91627502441406,121.9667739868164,107.32465362548828,72.08595275878906,94.0344696044922,0.3294909000396728,0.0,0.0,0.0,0.0,0.021372728049755,0.0095728794112801,0.0
2024-09-23 12:00:00,AL972024,28.0,2024-09-25 00:00:00,1 days 12:00:00,19.22,-85.11,997.6,44.7,76.4386215209961,186.9267120361328,160.86514282226562,116.18218994140624,148.62168884277344,7.578824043273926,5.49711799621582,3.2310686111450195,5.244787693023682,0.0719035789370536,0.0514710247516632,0.0397818908095359,0.0482802838087081
2024-09-23 12:00:00,AL972024,28.0,2024-09-25 06:00:00,1 days 18:00:00,19.73,-85.28,988.1,57.6,58.28681945800781,178.4728240966797,163.0265655517578,126.00822448730467,147.69273376464844,38.31671524047852,34.878360748291016,26.345888137817383,30.416454315185547,0.0,0.0,0.0,0.0
2024-09-23 12:00:00,AL972024,28.0,2024-09-25 12:00:00,2 days 00:00:00,20.45,-85.82,977.2,74.4,45.09714889526367,227.255859375,208.34939575195312,149.38343811035156,181.7772674560547,112.75013732910156,100.74921417236328,75.80883026123047,92.21696472167967,40.7895736694336,36.90251159667969,29.181058883666992,34.33195114135742
2024-09-23 12:00:00,AL972024,28.0,2024-09-25 18:00:00,2 days 06:00:00,21.05,-86.16,974.4,77.3,31.772504806518555,241.34315490722656,215.2910919189453,160.93211364746094,197.44937133789065,121.43608856201172,107.69219207763672,82.2275390625,100.85189056396484,49.68540573120117,45.01347351074219,36.25990295410156,42.22387313842773
2024-09-23 12:00:00,AL972024,28.0,2024-09-26 00:00:00,2 days 12:00:00,21.54,-86.03,971.0,81.6,50.96539306640625,286.353515625,285.1691589355469,233.89422607421875,251.21661376953125,155.9124755859375,144.77308654785156,116.29534912109376,132.197021484375,49.51766204833984,46.912841796875,39.192779541015625,44.17681503295898
2024-09-23 12:00:00,AL972024,28.0,2024-09-26 06:00:00,2 days 18:00:00,22.97,-86.08,968.7,84.4,33.65121078491211,177.470947265625,158.0542449951172,109.5301742553711,137.74525451660156,80.88256072998047,71.17819213867188,52.24627304077149,65.86884307861328,37.465476989746094,33.458457946777344,26.39195251464844,31.7929801940918
2024-09-23 12:00:00,AL972024,28.0,2024-09-26 12:00:00,3 days 00:00:00,24.75,-86.09,954.6,100.7,35.485084533691406,243.99220275878903,237.5437164306641,171.91802978515625,189.37954711914065,118.9554214477539,112.52286529541016,88.67982482910156,99.17057800292967,60.160274505615234,56.40562438964844,45.91807556152344,51.4239616394043
2024-09-23 12:00:00,AL972024,28.0,2024-09-26 18:00:00,3 days 06:00:00,26.4,-85.67,944.0,111.2,23.19737243652344,282.1252746582031,276.4554138183594,187.68814086914065,217.22169494628903,138.6652374267578,127.384521484375,94.6442642211914,113.45569610595705,65.6578369140625,60.45915985107422,48.63863754272461,55.92174911499024
2024-09-23 12:00:00,AL972024,28.0,2024-09-27 00:00:00,3 days 12:00:00,28.67,-85.2,935.2,121.8,23.258129119873047,310.1612243652344,302.2308044433594,217.30772399902344,248.0942230224609,161.9640350341797,151.79969787597656,119.19328308105467,138.64044189453125,81.68687438964844,76.81034088134766,63.90947723388672,71.88655090332031
2024-09-23 12:00:00,AL972024,28.0,2024-09-27 06:00:00,3 days 18:00:00,31.44,-84.63,959.2,83.7,32.2581672668457,177.15928649902344,175.33494567871094,122.60277557373048,129.03672790527344,76.13783264160156,72.0313720703125,54.76002502441406,61.723419189453125,30.586986541748047,26.89788246154785,21.479022979736328,24.99614906311035
2024-09-23 12:00:00,AL972024,28.0,2024-09-27 12:00:00,4 days 00:00:00,34.27,-86.01,983.0,49.3,109.12020111083984,92.95206451416016,95.64642333984376,59.5347900390625,60.28077697753906,3.900859832763672,4.096866607666016,0.3455397188663482,0.901772141456604,0.385542094707489,0.1061007902026176,0.0832298323512077,0.3992147743701935
2024-09-23 12:00:00,AL972024,28.0,2024-09-27 18:00:00,4 days 06:00:00,36.44,-87.25,985.9,42.7,108.48470306396484,94.6905517578125,94.52429962158205,65.30401611328125,66.33210754394531,0.5037930011749268,0.9338676333427428,0.0,0.0,0.0,0.0,0.0294807758182287,0.0
2024-09-23 12:00:00,AL972024,28.0,2024-09-28 00:00:00,4 days 12:00:00,37.61,-89.82,991.7,29.7,122.9644775390625,6.0993242263793945,8.200481414794922,1.8300613164901731,0.0,0.0,0.1296471357345581,0.0,0.0,0.0,0.0,0.0,0.0
2024-09-23 12:00:00,AL972024,28.0,2024-09-28 06:00:00,4 days 18:00:00,37.9,-91.55,993.7,24.2,83.49185943603516,7.618978500366211,6.511995792388916,1.1925140619277954,0.0,0.0,0.3441158831119537,0.0,0.2193655669689178,0.0,0.0,0.0,0.0
2024-09-23 12:00:00,AL972024,28.0,2024-09-28 12:00:00,5 days 00:00:00,36.45,-92.29,995.6,26.0,138.7107391357422,4.078555107116699,0.2481187582015991,0.169532835483551,0.3735034763813019,0.3579331636428833,0.0,0.357300728559494,0.273647665977478,0.0,0.0,0.0,0.0
2024-09-23 12:00:00,AL972024,28.0,2024-09-28 18:00:00,5 days 06:00:00,37.53,-92.25,1000.4,23.1,81.32072448730469,0.0,0.0,0.4048228561878204,0.0,0.0,0.0,0.4902838468551636,0.0,0.0,0.0335999242961406,0.0,0.0
2024-09-23 12:00:00,EP102024,28.0,2024-09-23 12:00:00,0 days 00:00:00,14.6,-98.4,992.0,60.0,37.03998651744491,74.07997303488982,55.55997977616736,55.55997977616736,55.55997977616736,37.03998651744491,0.0,0.0,0.0,,,,
2024-09-23 12:00:00,EP102024,28.0,2024-09-23 18:00:00,0 days 06:00:00,15.22,-98.51,980.6,76.7,25.304763793945312,115.13475799560548,99.9010009765625,67.26815795898438,91.78751373291016,51.38268280029297,41.451507568359375,30.12624168395996,42.75273895263672,24.5789852142334,20.530010223388672,16.156938552856445,20.90157127380371
2024-09-23 12:00:00,EP102024,28.0,2024-09-24 00:00:00,0 days 12:00:00,15.65,-98.76,980.8,71.9,28.764942169189453,76.8387222290039,68.85420227050781,46.928932189941406,60.90629196166992,33.537113189697266,29.177806854248047,23.54797744750977,28.56471061706543,14.578885078430176,12.44411563873291,10.581985473632812,12.651901245117188
2024-09-23 12:00:00,EP102024,28.0,2024-09-24 06:00:00,0 days 18:00:00,15.98,-99.11,972.6,84.0,30.24387550354004,85.02733612060547,76.2392807006836,61.47213745117188,73.3282699584961,42.0345458984375,37.64999771118164,32.88506317138672,37.67580795288086,22.39170837402344,19.62680435180664,17.32607650756836,19.91468620300293
2024-09-23 12:00:00,EP102024,28.0,2024-09-24 12:00:00,1 days 00:00:00,15.89,-99.48,993.4,54.6,67.64383697509766,39.653282165527344,42.826759338378906,29.15955924987793,32.1254997253418,6.352915287017822,4.812261581420898,3.3806307315826416,4.23405122756958,0.2902604937553406,0.0616075657308101,0.1323980987071991,0.3039820790290832
2024-09-23 12:00:00,EP102024,28.0,2024-09-24 18:00:00,1 days 06:00:00,16.8,-100.06,991.3,58.2,45.88582611083984,70.50298309326172,58.602970123291016,37.70270538330078,55.282859802246094,23.228124618530277,18.48107147216797,12.316896438598633,17.664779663085938,1.7472314834594729,1.0145263671875,0.4630279839038849,1.3022984266281128
2024-09-23 12:00:00,EP102024,28.0,2024-09-25 00:00:00,1 days 12:00:00,16.27,-100.36,997.4,44.7,60.39889144897461,95.91090393066406,85.36563873291016,61.57313919067383,77.93230438232422,10.091839790344238,8.06902027130127,4.540014266967773,6.504059791564941,0.2613752484321594,0.2748394310474396,0.0,0.0220129378139972
2024-09-23 12:00:00,EP102024,28.0,2024-09-25 06:00:00,1 days 18:00:00,16.71,-100.39,994.2,49.9,37.84542465209961,62.10317611694336,56.8352165222168,40.36106491088867,50.09265899658203,3.6732935905456543,3.238229513168335,2.1661150455474854,2.7538859844207764,0.1098392605781555,0.1956716477870941,0.1814355105161667,0.1201246678829193
2024-09-23 12:00:00,EP102024,28.0,2024-09-25 12:00:00,2 days 00:00:00,16.64,-100.77,992.8,51.1,45.95651626586914,134.2515869140625,126.29972076416016,105.14258575439452,117.16835021972656,44.932010650634766,41.54197692871094,32.19440078735352,35.8767204284668,0.0,0.0,0.0,0.0
2024-09-23 12:00:00,EP102024,28.0,2024-09-25 18:00:00,2 days 06:00:00,16.36,-100.74,991.7,53.9,50.70376968383789,107.32050323486328,102.15221405029295,85.86085510253906,93.75421905517578,28.097183227539062,26.553714752197266,20.621492385864254,22.965900421142575,0.3329331874847412,0.4215857684612274,0.3646071851253509,0.340444266796112
2024-09-23 12:00:00,EP102024,28.0,2024-09-26 00:00:00,2 days 12:00:00,16.09,-100.96,991.2,50.4,46.39455032348633,34.542381286621094,34.56779861450195,30.680103302001957,31.46244239807129,11.666038513183594,11.206418991088867,9.338247299194336,9.462499618530272,0.0740112513303756,0.0126858428120613,0.2141804844141006,0.1409461051225662
2024-09-23 12:00:00,EP102024,28.0,2024-09-26 06:00:00,2 days 18:00:00,16.34,-100.81,981.6,68.7,34.44645309448242,85.62429809570312,76.12808990478516,56.67550277709961,71.22432708740234,37.68539047241211,32.31800079345703,25.28451538085937,30.46341896057129,10.778850555419922,8.836338996887207,7.0838494300842285,9.063302040100098
2024-09-23 12:00:00,EP102024,28.0,2024-09-26 12:00:00,3 days 00:00:00,16.86,-100.62,978.2,73.3,41.11696243286133,79.99309539794922,72.0373764038086,58.13178253173828,64.15046691894531,40.58308029174805,36.59916687011719,29.346193313598636,34.68214797973633,16.885879516601562,14.813155174255373,12.573892593383787,14.82707405090332
2024-09-23 12:00:00,EP102024,28.0,2024-09-26 18:00:00,3 days 06:00:00,17.09,-100.75,992.9,50.1,29.56778335571289,25.788225173950195,24.76743698120117,12.114002227783203,16.56520652770996,4.274203777313232,3.98379135131836,1.4059847593307495,2.430943489074707,0.5121705532073975,0.4930686354637146,0.2031503766775131,0.3057798743247986
2024-09-23 12:00:00,EP102024,28.0,2024-09-27 00:00:00,3 days 12:00:00,18.0,-101.97,998.2,37.6,36.170066833496094,14.404009819030762,14.02847385406494,9.37119197845459,8.775832176208496,0.1667949557304382,1.5486419200897217,0.8431215882301331,0.0,0.0456815622746944,0.4568721652030945,0.4404839277267456,0.1328101903200149
2024-09-23 12:00:00,EP102024,28.0,2024-09-27 06:00:00,3 days 18:00:00,17.32,-101.12,999.7,34.3,62.63277053833008,0.0,0.2151268571615219,4.402924060821533,0.6305013298988342,0.0,0.691663920879364,2.050353765487671,0.0,0.0,0.2380377054214477,0.4632593095302582,0.0
2024-09-23 12:00:00,EP102024,28.0,2024-09-27 12:00:00,4 days 00:00:00,16.72,-100.59,1003.3,26.4,121.78034973144533,0.5152953267097473,1.6962932348251345,4.323087215423584,0.9960444569587708,0.0,0.3448004424571991,0.162800908088684,0.0,0.0,0.0,0.0780438557267189,0.0
2024-09-23 12:00:00,AL972024,29.0,2024-09-23 12:00:00,0 days 00:00:00,17.2,-81.7,1004.0,30.0,185.1999325872245,,,,,,,,,,,,
2024-09-23 12:00:00,AL972024,29.0,2024-09-23 18:00:00,0 days 06:00:00,17.7,-81.58,1006.1,28.7,139.6162872314453,7.189677715301514,5.998383045196533,0.0,2.7265384197235107,0.0,0.1185693889856338,0.0443725101649761,0.0,0.0,0.0662074461579322,0.064671941101551,0.0
2024-09-23 12:00:00,AL972024,29.0,2024-09-24 00:00:00,0 days 12:00:00,18.27,-81.98,1005.3,31.0,136.43385314941406,32.21018600463867,29.809606552124023,12.101561546325684,20.216684341430664,0.0,0.0032325100619345,0.0,0.0,0.1446637362241745,0.0,0.0899057686328888,0.0143905170261859
2024-09-23 12:00:00,AL972024,29.0,2024-09-24 06:00:00,0 days 18:00:00,18.58,-82.62,1002.1,38.5,118.57241821289062,54.249794006347656,44.86798095703125,20.538333892822266,35.72097396850586,0.479919970035553,0.3423415422439575,0.0,0.0,0.0376531705260276,0.0753526538610458,0.0403913706541061,0.0
2024-09-23 12:00:00,AL972024,29.0,2024-09-24 12:00:00,1 days 00:00:00,18.6,-83.5,995.8,47.2,98.72776794433594,123.74907684326172,105.203125,64.84186553955078,91.04268646240234,0.996669054031372,0.0,0.0,0.0120469154790043,0.0604252368211746,0.1232600510120391,0.1276460438966751,0.0698731392621994
2024-09-23 12:00:00,AL972024,29.0,2024-09-24 18:00:00,1 days 06:00:00,18.66,-83.77,995.8,49.5,93.56268310546876,130.74476623535156,122.94522094726562,86.535400390625,101.23271942138672,0.6756497025489807,0.3220155239105224,0.1676759570837021,0.0,0.0,0.0208111274987459,0.0624862797558307,0.0
2024-09-23 12:00:00,AL972024,29.0,2024-09-25 00:00:00,1 days 12:00:00,19.37,-84.72,986.8,59.5,58.109134674072266,200.71392822265625,173.4160919189453,130.63026428222656,166.19793701171875,72.889404296875,63.453800201416016,46.0667839050293,56.74715423583984,1.4114465713500977,0.2958397567272186,0.0,0.7370445132255554
2024-09-23 12:00:00,AL972024,29.0,2024-09-25 06:00:00,1 days 18:00:00,20.25,-85.39,989.0,56.1,47.440547943115234,127.65066528320312,107.16788482666016,68.08102416992188,96.79069519042967,22.757339477539062,18.136850357055664,10.104483604431152,15.911002159118652,0.6429108381271362,0.1121335178613662,0.0,0.1326164007186889
2024-09-23 12:00:00,AL972024,29.0,2024-09-25 12:00:00,2 days 00:00:00,21.15,-85.76,981.0,71.6,32.16432571411133,142.5049591064453,123.0776138305664,72.85177612304688,100.61061096191406,63.64355850219727,53.44230270385742,35.65314102172852,49.77799987792969,27.46084976196289,23.39259910583496,17.583621978759766,22.492902755737305
2024-09-23 12:00:00,AL972024,29.0,2024-09-25 18:00:00,2 days 06:00:00,22.09,-86.38,971.2,83.1,43.581302642822266,211.8890686035156,192.294677734375,141.11642456054688,170.7236785888672,103.80558013916016,93.7920150756836,73.5892105102539,87.27425384521484,50.780853271484375,46.189430236816406,37.2620849609375,43.08292007446289
2024-09-23 12:00:00,AL972024,29.0,2024-09-26 00:00:00,2 days 12:00:00,23.5,-86.56,966.3,88.1,43.436065673828125,234.36752319335935,216.6983795166016,150.93161010742188,185.0228271484375,116.3691177368164,105.78192901611328,81.78045654296875,98.3554916381836,58.09605026245117,53.86598587036133,44.29838943481445,50.650184631347656
2024-09-23 12:00:00,AL972024,29.0,2024-09-26 06:00:00,2 days 18:00:00,24.12,-85.97,971.4,82.2,45.499061584472656,183.9283142089844,175.26119995117188,114.96470642089844,138.36851501464844,88.25467681884766,78.64080810546875,55.41908264160156,69.38996887207031,29.722187042236328,26.35991096496582,20.37290382385254,24.68683624267578
2024-09-23 12:00:00,AL972024,29.0,2024-09-26 12:00:00,3 days 00:00:00,25.49,-85.78,948.0,108.5,23.836206436157227,240.56808471679688,235.62515258789065,170.58201599121094,186.52496337890625,116.9272232055664,109.9376983642578,84.17444610595703,95.87490844726562,54.91045379638672,51.00896072387695,41.53199005126953,46.9023551940918
2024-09-23 12:00:00,AL972024,29.0,2024-09-26 18:00:00,3 days 06:00:00,26.84,-84.79,950.9,106.2,37.87602996826172,221.3336944580078,225.41880798339844,159.74172973632812,171.02859497070312,98.12208557128906,94.05892181396484,72.60729217529297,79.91162872314453,43.502071380615234,40.37482070922852,32.7449951171875,36.66719436645508
2024-09-23 12:00:00,AL972024,29.0,2024-09-27 00:00:00,3 days 12:00:00,29.1,-83.97,951.5,96.3,40.662235260009766,227.9918212890625,226.5306701660156,155.63157653808594,174.01858520507812,112.73133087158205,107.763916015625,83.73662567138672,94.39436340332033,55.61946105957031,52.08220291137695,42.8828353881836,47.83511352539063
2024-09-23 12:00:00,AL972024,29.0,2024-09-27 06:00:00,3 days 18:00:00,31.7,-83.32,969.4,68.0,38.79290390014648,214.5570068359375,211.5226593017578,165.0693359375,167.62156677246094,103.80152893066406,104.70624542236328,86.9118423461914,89.9542007446289,47.59090423583984,45.73307800292969,38.59920501708984,41.46329116821289
2024-09-23 12:00:00,AL972024,29.0,2024-09-27 12:00:00,4 days 00:00:00,34.9,-84.63,985.6,43.1,64.95490264892578,40.38386154174805,43.31184005737305,30.155237197875977,18.508129119873047,2.302915573120117,3.515852451324463,1.3819316625595093,0.917715847492218,0.2481950372457504,0.0,0.1617831289768219,0.3445324003696441
2024-09-23 12:00:00,AL972024,29.0,2024-09-27 18:00:00,4 days 06:00:00,35.79,-86.34,990.0,31.1,140.88897705078125,178.33660888671875,160.89263916015625,123.47686004638672,138.32249450683594,0.0,0.0,0.0,0.0,0.0,0.0,0.0,0.0
2024-09-23 12:00:00,AL972024,29.0,2024-09-28 00:00:00,4 days 12:00:00,35.17,-87.45,994.7,27.1,128.05303955078125,7.513442516326904,8.701480865478516,3.64183521270752,3.799416303634644,0.0,0.1327606737613678,0.0,0.0,0.0614919476211071,0.0679056420922279,0.0,0.0
2024-09-23 12:00:00,AL972024,29.0,2024-09-28 06:00:00,4 days 18:00:00,35.17,-87.81,999.4,20.3,174.49307250976562,0.0,1.2890836000442505,0.5586979985237122,1.2331825494766235,0.0,0.0,0.0,0.0,0.0,0.0,0.0,0.0
2024-09-23 12:00:00,AL972024,29.0,2024-09-28 12:00:00,5 days 00:00:00,35.37,-86.62,998.6,22.5,72.52090454101562,0.0,0.0,0.0,0.0,0.0,0.0,0.0,0.0,0.0,0.0306900907307863,0.0,0.0
2024-09-23 12:00:00,AL972024,29.0,2024-09-28 18:00:00,5 days 06:00:00,35.85,-85.75,1006.6,17.9,183.5098571777344,0.0,0.0,1.4670695066452026,0.0,0.0,0.0,0.048917930573225,0.0,0.0,0.0,0.0,0.0
2024-09-23 12:00:00,AL972024,29.0,2024-09-29 00:00:00,5 days 12:00:00,36.66,-85.1,1004.4,20.0,68.99454498291016,0.0,0.0,0.0,2.91133975982666,0.0,0.0,0.2386243641376495,0.0,0.0,0.0685321390628814,0.0610202476382255,0.0
2024-09-23 12:00:00,AL972024,29.0,2024-09-29 06:00:00,5 days 18:00:00,36.54,-85.23,1002.0,24.1,122.40308380126952,4.842838764190674,0.0,0.0,5.517863750457764,0.0,0.0236989222466945,0.0684033930301666,0.0,0.054114494472742,0.0,0.07379612326622,0.0439559295773506
2024-09-23 12:00:00,EP102024,29.0,2024-09-23 12:00:00,0 days 00:00:00,14.6,-98.4,992.0,60.0,37.03998651744491,74.07997303488982,55.55997977616736,55.55997977616736,55.55997977616736,37.03998651744491,0.0,0.0,0.0,,,,
2024-09-23 12:00:00,EP102024,29.0,2024-09-23 18:00:00,0 days 06:00:00,15.28,-98.65,986.9,65.2,37.21030807495117,91.77180480957033,76.693359375,51.33925247192383,72.63379669189453,35.57210159301758,27.512527465820312,18.269969940185547,27.88796043395996,6.197916030883789,3.855748176574707,2.549036026000977,4.787845611572266
2024-09-23 12:00:00,EP102024,29.0,2024-09-24 00:00:00,0 days 12:00:00,15.89,-98.99,984.8,67.8,35.887420654296875,112.30256652832033,100.01254272460938,69.34235382080078,89.58561706542969,43.677520751953125,36.799903869628906,26.346473693847656,34.31787109375,9.214550971984863,7.093241214752197,5.458944797515869,7.660064697265625
2024-09-23 12:00:00,EP102024,29.0,2024-09-24 06:00:00,0 days 18:00:00,16.43,-99.39,972.3,83.5,29.371273040771484,70.81121063232422,63.12340545654297,53.41149520874024,62.27493667602539,34.14286422729492,30.08512306213379,27.19851303100586,30.479053497314453,17.582923889160156,15.253460884094238,13.843363761901855,15.809412956237791
2024-09-23 12:00:00,EP102024,29.0,2024-09-24 12:00:00,1 days 00:00:00,16.86,-100.05,980.6,69.3,31.908540725708008,86.01264190673828,78.53075408935547,60.38568878173828,69.27230834960938,39.81249237060547,34.696563720703125,27.67116355895996,32.864776611328125,13.935032844543455,11.744741439819336,9.96880340576172,11.875951766967772
2024-09-23 12:00:00,EP102024,29.0,2024-09-24 18:00:00,1 days 06:00:00,16.84,-100.85,999.0,38.8,68.98017883300781,18.067293167114254,21.95124053955078,13.069293022155762,14.104016304016112,1.2417833805084229,1.0662758350372314,0.6658914089202881,0.5497801303863525,0.5572847127914429,0.7323861122131348,0.6083090901374817,0.5505780577659607
2024-09-23 12:00:00,EP102024,29.0,2024-09-25 00:00:00,1 days 12:00:00,16.99,-101.38,993.7,49.8,72.79668426513672,107.51097869873048,89.59133911132812,71.58394622802734,88.67854309082031,12.27615451812744,10.123540878295898,7.579427719116211,9.454981803894045,0.0,0.0,0.0,0.0
2024-09-23 12:00:00,EP102024,29.0,2024-09-25 06:00:00,1 days 18:00:00,16.89,-101.96,996.8,45.9,65.50586700439453,120.2510757446289,110.72673797607422,82.73912048339844,100.38788604736328,0.7152644991874695,0.8309969305992126,0.4848964214324951,0.5781478881835938,0.1322530061006546,0.1742581874132156,0.1771145462989807,0.0324238874018192
2024-09-23 12:00:00,EP102024,29.0,2024-09-25 12:00:00,2 days 00:00:00,16.53,-102.35,991.1,56.6,43.5922737121582,96.62103271484376,86.30803680419922,69.54895782470703,81.9621353149414,39.85695266723633,35.647071838378906,27.22873878479004,31.56775283813477,2.904438734054565,2.173896789550781,1.4138638973236084,2.138328313827514
2024-09-23 12:00:00,EP102024,29.0,2024-09-25 18:00:00,2 days 06:00:00,16.83,-102.45,982.8,68.3,42.791290283203125,134.7165985107422,124.0405502319336,108.30470275878906,119.5216293334961,68.33512878417969,62.87939453125,52.62076187133789,58.91087341308594,30.390602111816406,27.70662879943848,23.19232749938965,26.004728317260746
2024-09-23 12:00:00,EP102024,29.0,2024-09-26 00:00:00,2 days 12:00:00,16.87,-102.79,976.8,77.0,40.14067459106445,134.06419372558594,122.62823486328124,95.88931274414062,113.44731903076172,62.64818954467773,57.62490081787109,46.95083618164063,54.97741317749024,35.44305419921875,32.27791976928711,26.68341827392578,30.59303474426269
2024-09-23 12:00:00,EP102024,29.0,2024-09-26 06:00:00,2 days 18:00:00,16.79,-102.97,976.0,75.5,40.6474723815918,121.69699096679688,108.15711975097656,94.63346099853516,107.5115737915039,59.44179916381836,54.30463409423828,45.61648178100586,52.06767654418945,26.647985458374023,24.302783966064453,20.401491165161133,23.437480926513672
2024-09-23 12:00:00,EP102024,29.0,2024-09-26 12:00:00,3 days 00:00:00,17.03,-102.78,970.6,85.9,27.47662734985352,92.18175506591795,90.87387084960938,76.53114318847656,78.96444702148438,42.73553085327149,40.01233673095703,33.71175765991211,37.250526428222656,20.135616302490234,18.28973388671875,15.841903686523438,17.959774017333984
2024-09-23 12:00:00,EP102024,29.0,2024-09-26 18:00:00,3 days 06:00:00,17.19,-102.66,977.1,80.9,27.77041244506836,118.9647979736328,133.49298095703125,114.4182586669922,109.68714141845705,54.0549430847168,50.4005012512207,40.91027069091797,45.14678955078125,14.117738723754885,13.165779113769531,11.399458885192873,12.673578262329102
2024-09-23 12:00:00,EP102024,29.0,2024-09-27 00:00:00,3 days 12:00:00,17.82,-102.69,982.9,67.1,45.42781066894531,87.60011291503906,90.87322998046876,77.81685638427734,80.33504486083984,39.041160583496094,35.901180267333984,28.145652770996094,31.477684020996094,3.789407253265381,3.411247491836548,3.121659517288208,3.693873405456543
2024-09-23 12:00:00,EP102024,29.0,2024-09-27 06:00:00,3 days 18:00:00,18.7,-102.63,987.6,54.8,42.7900390625,82.46040344238281,76.55064392089844,64.67120361328125,72.27864837646484,36.77613830566406,34.55378341674805,26.348403930664062,29.836471557617188,1.850234031677246,1.4773327112197876,1.2318811416625977,1.5832611322402954
2024-09-23 12:00:00,EP102024,29.0,2024-09-27 12:00:00,4 days 00:00:00,18.34,-103.43,995.5,43.5,33.45233917236328,26.954191207885746,25.29274559020996,15.824708938598633,19.67457389831543,0.0,0.9072421789169312,0.0691281482577323,0.048403188586235,0.102943405508995,0.1061815842986106,0.1406755000352859,0.0
2024-09-23 12:00:00,EP102024,29.0,2024-09-27 18:00:00,4 days 06:00:00,18.66,-103.81,993.3,45.0,70.49756622314453,104.00847625732422,98.3050765991211,78.39559936523438,87.34232330322266,3.780869483947754,3.9669806957244873,2.681818962097168,2.681581735610962,0.0197914913296699,0.2804615795612335,0.3361792862415313,0.1139717027544975
2024-09-23 12:00:00,EP102024,29.0,2024-09-28 00:00:00,4 days 12:00:00,19.23,-104.17,1001.4,29.0,100.6362762451172,24.544885635375977,24.185060501098636,19.75324058532715,20.04879570007324,0.0,0.4981996715068817,0.8470908999443054,0.0,0.0,0.4361002743244171,0.4322316646575928,0.0394089743494987
2024-09-23 12:00:00,EP102024,29.0,2024-09-28 06:00:00,4 days 18:00:00,19.55,-104.94,1003.0,27.5,114.095703125,1.2554486989974976,2.3639957904815674,1.101222276687622,0.6536599397659302,0.0,0.6034103035926819,1.003674030303955,0.0,0.1012017503380775,0.3236845135688782,0.3917446434497833,0.0426503419876098
2024-09-23 12:00:00,EP102024,29.0,2024-09-28 12:00:00,5 days 00:00:00,20.09,-105.54,1002.6,25.5,52.95452499389648,0.0,3.2191333770751958,2.055009365081787,0.3309070765972137,0.0,0.3074255585670471,0.5776811242103577,0.0,0.0451208092272281,0.1093274354934692,0.0664172396063804,0.0
2024-09-23 12:00:00,EP102024,29.0,2024-09-28 18:00:00,5 days 06:00:00,20.16,-106.29,1002.3,31.2,94.72795867919922,11.360654830932615,9.692791938781738,5.201845645904541,6.802966117858887,0.0,0.2838819622993469,0.251457929611206,0.0,0.026308199390769,0.107202760875225,0.1879104077816009,0.0
2024-09-23 12:00:00,EP102024,29.0,2024-09-29 00:00:00,5 days 12:00:00,20.01,-106.41,999.1,37.4,32.43033599853516,2.6751065254211426,3.5203452110290527,0.0,0.0,0.1506186872720718,0.3030955791473388,0.0,0.0,0.1879588067531585,0.0429828166961669,0.0654783695936203,0.0
2024-09-23 12:00:00,EP102024,29.0,2024-09-29 06:00:00,5 days 18:00:00,21.16,-106.96,1000.6,34.9,60.72249603271485,78.27377319335938,68.96431732177734,50.83370208740234,61.78506088256836,0.0,0.627985954284668,0.3546969592571258,0.2151538729667663,0.1177422478795051,0.1402514427900314,0.3484496474266052,0.1108660027384758
2024-09-23 12:00:00,EP102024,29.0,2024-09-29 12:00:00,6 days 00:00:00,22.02,-107.99,996.8,47.3,55.70909881591797,87.2026138305664,73.6875228881836,52.04396438598633,69.16397094726562,12.854598999023438,10.7937593460083,7.393032073974609,9.553854942321776,0.2818708717823028,0.0858560502529144,0.0,0.0237336419522762
2024-09-23 12:00:00,EP102024,29.0,2024-09-29 18:00:00,6 days 06:00:00,22.62,-108.59,996.8,46.4,25.0127067565918,86.31028747558594,75.87806701660156,54.57835388183594,68.67601013183594,11.372468948364258,8.8074312210083,5.240615367889404,8.255352973937988,0.243007019162178,0.0,0.0,0.0275359526276588
2024-09-23 12:00:00,EP102024,29.0,2024-09-30 00:00:00,6 days 12:00:00,23.0,-109.27,992.8,53.2,19.863941192626957,65.06512451171875,58.87345123291016,43.54395294189453,53.957969665527344,20.391511917114254,17.20821189880371,11.6961030960083,15.89475154876709,0.8451206088066101,0.2152400463819503,0.0,0.5187574625015259
2024-09-23 12:00:00,EP102024,29.0,2024-09-30 06:00:00,6 days 18:00:00,23.15,-109.81,1004.6,28.7,41.21902084350586,0.0,0.0,0.0,0.1278685480356216,0.0365606509149074,0.275139719247818,0.0196901634335517,0.1090314835309982,0.0,0.0550567544996738,0.0347559675574302,0.0
2024-09-23 12:00:00,EP102024,29.0,2024-09-30 12:00:00,7 days 00:00:00,23.17,-109.92,1003.4,26.7,102.46663665771484,0.0,0.0499941520392894,0.7393040060997009,0.0,0.0,0.207326054573059,0.0164757538586854,0.0,0.0786875039339065,0.1144974604249,0.0,0.0
2024-09-23 12:00:00,EP102024,29.0,2024-09-30 18:00:00,7 days 06:00:00,23.44,-110.03,1005.1,23.9,54.13986206054688,3.734552383422852,2.955880641937256,3.105708599090576,2.9867122173309326,0.0,0.0577562637627124,0.0,0.0,0.0454446896910667,0.1646713316440582,0.1248368173837661,0.0
2024-09-23 12:00:00,EP102024,29.0,2024-10-01 00:00:00,7 days 12:00:00,24.38,-110.25,1007.4,20.6,119.47035217285156,2.5527918338775635,3.675561428070069,4.361637115478516,1.2502723932266235,0.0,0.4306752681732178,0.2382043004035949,0.0,0.0209918171167373,0.1620250046253204,0.112857274711132,0.0254065655171871
2024-09-23 12:00:00,AL972024,30.0,2024-09-23 12:00:00,0 days 00:00:00,17.2,-81.7,1004.0,30.0,185.1999325872245,,,,,,,,,,,,
2024-09-23 12:00:00,AL972024,30.0,2024-09-23 18:00:00,0 days 06:00:00,17.9,-81.7,1005.0,29.8,82.01232147216797,13.784600257873535,11.972196578979492,4.681307792663574,7.64871883392334,0.2314750552177429,0.338438868522644,0.1246274337172508,0.0,0.0,0.0770924314856529,0.0,0.0
2024-09-23 12:00:00,AL972024,30.0,2024-09-24 00:00:00,0 days 12:00:00,18.02,-81.77,1003.2,33.0,119.1183090209961,15.184207916259766,12.39154815673828,1.7340009212493896,7.188489437103272,0.2973758578300476,0.420073002576828,0.1203170120716095,0.1246802806854248,0.0687932968139648,0.0,0.0412918850779533,0.0
2024-09-23 12:00:00,AL972024,30.0,2024-09-24 06:00:00,0 days 18:00:00,18.79,-82.28,1004.0,32.3,175.17967224121094,100.1901626586914,89.71726989746094,54.364891052246094,75.2957534790039,0.0,0.0,0.0,0.0,0.0,0.0333746746182441,0.0695974230766296,0.0
2024-09-23 12:00:00,AL972024,30.0,2024-09-24 12:00:00,1 days 00:00:00,18.72,-83.77,999.1,40.2,82.97889709472656,116.2359848022461,98.8299331665039,68.53153228759766,89.09458923339844,1.3289536237716677,1.0463519096374512,0.6442605257034302,0.5840401649475098,0.0,0.0834504663944244,0.1821280121803283,0.0082092750817537
2024-09-23 12:00:00,AL972024,30.0,2024-09-24 18:00:00,1 days 06:00:00,18.91,-84.4,1000.2,41.9,161.77586364746094,123.28899383544922,108.17259979248048,65.43880462646484,90.7526626586914,0.0,0.0,0.0,0.0,0.0,0.1232750117778778,0.0957372561097145,0.0
2024-09-23 12:00:00,AL972024,30.0,2024-09-25 00:00:00,1 days 12:00:00,19.1,-84.93,996.4,46.8,81.7355728149414,224.6607360839844,208.20054626464844,150.03184509277344,180.21124267578125,36.44382095336914,31.71479034423828,21.4987735748291,27.11532592773437,0.5595284104347229,0.1991159915924072,0.0,0.2438824772834777
2024-09-23 12:00:00,AL972024,30.0,2024-09-25 06:00:00,1 days 18:00:00,20.76,-85.82,984.1,66.2,71.47570037841797,225.86062622070312,202.9764862060547,148.92059326171875,181.5306854248047,108.99011993408205,98.64317321777344,76.10165405273438,90.07151794433594,40.03568649291992,36.6871452331543,29.234691619873047,33.72492980957031
2024-09-23 12:00:00,AL972024,30.0,2024-09-25 12:00:00,2 days 00:00:00,21.26,-86.17,983.0,60.7,46.02552032470703,213.95901489257807,200.47476196289065,160.06546020507812,181.2493896484375,64.4714126586914,58.91679763793945,44.0895881652832,51.212493896484375,0.0,0.0,0.0,0.0
2024-09-23 12:00:00,AL972024,30.0,2024-09-25 18:00:00,2 days 06:00:00,22.21,-86.51,973.8,77.8,45.89663314819336,186.04757690429688,163.24549865722656,117.06787872314452,145.74696350097656,82.26660919189453,71.94309997558594,54.59444046020508,66.88604736328125,31.82672691345215,27.959083557128903,21.997533798217773,26.269296646118164
2024-09-23 12:00:00,AL972024,30.0,2024-09-26 00:00:00,2 days 12:00:00,23.0,-86.45,961.5,88.0,28.59857749938965,201.75477600097656,190.52394104003903,140.8935546875,160.6101837158203,99.75242614746094,90.36504364013672,69.19137573242188,82.40897369384766,38.22114181518555,34.06599807739258,27.69703483581543,32.6717529296875
2024-09-23 12:00:00,AL972024,30.0,2024-09-26 06:00:00,2 days 18:00:00,24.27,-86.06,960.3,91.9,23.722591400146484,147.5772705078125,141.9151153564453,106.1572036743164,114.96024322509766,62.16169738769531,58.0933952331543,45.95455551147461,51.90525436401367,27.007125854492188,24.65605735778809,20.308277130126957,23.072803497314453
2024-09-23 12:00:00,AL972024,30.0,2024-09-26 12:00:00,3 days 00:00:00,25.44,-85.59,954.0,99.8,39.77993774414063,233.20391845703125,233.0308837890625,170.77899169921875,182.53372192382807,115.10789489746094,110.58357238769533,89.77047729492188,97.1072769165039,67.90744018554688,64.01334381103516,52.44611358642578,58.04240417480469
2024-09-23 12:00:00,AL972024,30.0,2024-09-26 18:00:00,3 days 06:00:00,27.36,-84.66,943.8,112.2,21.10184860229492,227.1287384033203,233.57395935058597,168.5136260986328,179.7788543701172,110.11304473876952,103.58831024169922,80.27421569824219,90.39095306396484,51.82149124145508,48.17241668701172,39.3178825378418,44.32279968261719
2024-09-23 12:00:00,AL972024,30.0,2024-09-27 00:00:00,3 days 12:00:00,30.04,-83.92,943.3,107.9,34.97840881347656,205.0832672119141,202.0082550048828,147.81871032714844,155.26564025878906,99.2861557006836,94.04241180419922,75.76603698730469,83.58724212646484,52.32793045043945,48.06111526489258,39.497215270996094,44.490264892578125
2024-09-23 12:00:00,AL972024,30.0,2024-09-27 06:00:00,3 days 18:00:00,32.81,-84.0,975.0,60.6,73.5975112915039,131.73585510253906,135.26290893554688,98.27503204345705,94.89328002929688,42.42717742919922,39.7125129699707,27.360652923583984,31.15031623840332,1.190813422203064,0.4745068848133087,0.0,0.6548891067504883
2024-09-23 12:00:00,AL972024,30.0,2024-09-27 12:00:00,4 days 00:00:00,35.33,-85.03,984.2,39.9,113.41280364990234,29.841005325317383,35.54269027709961,19.456621170043945,13.137894630432127,0.4703615009784698,1.310774326324463,0.0,0.0,0.175116091966629,0.0486035048961639,0.0189478117972612,0.2287873476743698
2024-09-23 12:00:00,AL972024,30.0,2024-09-27 18:00:00,4 days 06:00:00,37.57,-86.37,987.8,34.9,125.93177795410156,18.342042922973636,23.38870429992676,12.365214347839355,10.486870765686035,0.0,0.7453504800796509,0.0,0.0,0.171821042895317,0.1274635642766952,0.2003140300512313,0.2287880331277847
2024-09-23 12:00:00,AL972024,30.0,2024-09-28 00:00:00,4 days 12:00:00,38.24,-89.34,993.5,25.7,161.69009399414062,5.083831310272217,4.684032917022705,0.4638150036334991,0.0,0.0,0.1968058049678802,0.0,0.2039291262626648,0.0,0.0,0.0,0.0160640235990285
2024-09-23 12:00:00,AL972024,30.0,2024-09-28 06:00:00,4 days 18:00:00,36.86,-90.77,997.1,23.4,195.9033203125,0.0,0.0,1.1097633838653564,0.0,0.0,0.0018536899005994,0.1748372465372085,0.5215656161308289,0.0,0.0,0.0,0.0753473713994026
2024-09-23 12:00:00,EP102024,30.0,2024-09-23 12:00:00,0 days 00:00:00,14.6,-98.4,992.0,60.0,37.03998651744491,74.07997303488982,55.55997977616736,55.55997977616736,55.55997977616736,37.03998651744491,0.0,0.0,0.0,,,,
2024-09-23 12:00:00,EP102024,30.0,2024-09-23 18:00:00,0 days 06:00:00,15.15,-98.41,981.8,70.1,30.02286148071289,136.06394958496094,120.8219985961914,91.1126937866211,113.43788146972656,67.87786865234375,58.66385269165039,44.65314102172852,56.45570373535156,23.57029914855957,19.950454711914062,16.01650047302246,20.06925392150879
2024-09-23 12:00:00,EP102024,30.0,2024-09-24 00:00:00,0 days 12:00:00,15.43,-98.51,988.9,56.7,36.54790878295898,68.22040557861328,58.841217041015625,43.65069580078125,56.0927848815918,25.73443031311035,22.398435592651367,17.508665084838867,20.903297424316406,4.622082233428955,3.614251375198364,3.0642263889312744,3.8534882068634033
2024-09-23 12:00:00,EP102024,30.0,2024-09-24 06:00:00,0 days 18:00:00,15.71,-98.87,985.7,65.8,46.168399810791016,87.14549255371094,77.63116455078125,62.86775207519531,74.84857177734375,33.36415481567383,29.622690200805664,23.831954956054688,27.78120231628418,6.113282680511475,4.648373603820801,4.301919937133789,5.305322647094727
2024-09-23 12:00:00,EP102024,30.0,2024-09-24 12:00:00,1 days 00:00:00,16.27,-99.4,981.7,72.6,33.38993453979492,96.49424743652344,88.77508544921875,63.03775405883789,76.82256317138672,44.322601318359375,38.004276275634766,27.901952743530277,35.80653762817383,10.397109031677246,8.189921379089355,6.682243347167969,8.995234489440918
2024-09-23 12:00:00,EP102024,30.0,2024-09-24 18:00:00,1 days 06:00:00,16.68,-99.76,988.8,61.5,48.416290283203125,82.18653869628906,70.23785400390625,48.4098014831543,63.226104736328125,27.803709030151367,23.10439682006836,16.609962463378906,22.48674201965332,6.898025989532471,5.091546535491943,3.938565731048584,5.673868656158447
2024-09-23 12:00:00,EP102024,30.0,2024-09-25 00:00:00,1 days 12:00:00,16.5,-100.38,997.5,37.9,48.9299430847168,9.088582038879396,6.602322578430176,4.017143726348877,6.2209248542785645,1.078214168548584,1.725125789642334,1.014908790588379,0.9863094687461852,0.1339746713638305,0.180307999253273,0.213249534368515,0.2746660709381103
2024-09-23 12:00:00,EP102024,30.0,2024-09-25 06:00:00,1 days 18:00:00,16.2,-100.98,998.8,41.4,105.65330505371094,94.60479736328124,84.15189361572266,63.134403228759766,76.22404479980469,2.453288078308105,1.6702067852020264,1.4436166286468506,1.544896960258484,0.0,0.0,0.0436530336737632,0.0
2024-09-23 12:00:00,EP102024,30.0,2024-09-25 12:00:00,2 days 00:00:00,16.08,-101.31,997.5,40.2,66.9555435180664,13.843146324157717,13.737092971801758,8.093076705932617,10.161919593811035,0.0,0.0,0.0578377023339271,0.0,0.0,0.1134469211101532,0.1946039199829101,0.0202381424605846
2024-09-23 12:00:00,EP102024,30.0,2024-09-25 18:00:00,2 days 06:00:00,16.12,-100.48,997.1,44.6,95.60286712646484,99.5256118774414,90.8516082763672,63.0330810546875,76.36686706542969,2.3803727626800537,1.9570696353912356,0.7535615563392639,1.2435333728790283,0.1639939844608307,0.1724039912223816,0.0201987717300653,0.0216055996716022
2024-09-23 12:00:00,EP102024,30.0,2024-09-26 00:00:00,2 days 12:00:00,16.15,-100.44,989.2,54.1,49.134613037109375,96.08002471923828,93.25392150878906,74.03189849853516,80.89899444580078,28.179222106933597,26.082353591918945,19.62443351745605,22.152271270751957,0.0,0.0,0.0,0.0
2024-09-23 12:00:00,EP102024,30.0,2024-09-26 06:00:00,2 days 18:00:00,16.7,-100.07,989.1,53.0,52.90352630615234,48.02334213256836,52.688255310058594,45.07753372192383,40.83918762207031,2.26211166381836,2.4085028171539307,2.2747716903686523,2.2439117431640625,0.3421914279460907,0.3873986601829529,0.3525439798831939,0.5955994725227356
2024-09-23 12:00:00,EP102024,30.0,2024-09-26 12:00:00,3 days 00:00:00,17.2,-100.57,983.3,62.4,44.69475555419922,105.48416137695312,101.24475860595705,83.21027374267578,88.32062530517578,49.35141754150391,46.489017486572266,37.92847442626953,41.3402099609375,14.289926528930664,12.9559907913208,10.915390968322754,12.21189022064209
2024-09-23 12:00:00,EP102024,30.0,2024-09-26 18:00:00,3 days 06:00:00,17.74,-100.74,1000.4,34.9,46.070560455322266,20.025053024291992,22.39415168762207,11.145940780639648,12.814241409301758,0.1706743687391281,1.7136021852493286,0.5365197658538818,0.0,0.1436623334884643,0.7938030958175659,0.446367084980011,0.1894914209842682
2024-09-23 12:00:00,EP102024,30.0,2024-09-27 00:00:00,3 days 12:00:00,17.19,-100.97,999.6,32.6,82.51504516601562,1.2093700170516968,2.851620674133301,2.504572868347168,0.0,0.0,0.5280776619911194,0.4726680815219879,0.0,0.0545912906527519,0.3185230195522308,0.3309338688850403,0.1817990988492965
2024-09-23 12:00:00,EP102024,30.0,2024-09-27 06:00:00,3 days 18:00:00,17.5,-100.45,1003.6,29.4,92.91120910644533,3.3886852264404297,6.291455268859863,3.901773452758789,3.4435038566589355,0.0,0.6044294834136963,1.5017387866973877,0.0,0.0,0.2345188111066818,0.4055160284042358,0.0
2024-09-23 12:00:00,AL972024,31.0,2024-09-23 12:00:00,0 days 00:00:00,17.2,-81.7,1004.0,30.0,185.1999325872245,,,,,,,,,,,,
2024-09-23 12:00:00,AL972024,31.0,2024-09-23 18:00:00,0 days 06:00:00,17.67,-81.44,1004.6,29.5,77.90983581542969,4.018509387969971,2.462661027908325,0.0,0.9490861296653748,0.0,0.2208298444747924,0.0,0.0,0.016968049108982,0.0759282112121582,0.0673500522971153,0.0
2024-09-23 12:00:00,AL972024,31.0,2024-09-24 00:00:00,0 days 12:00:00,18.05,-82.02,1002.7,30.7,69.47164154052734,7.376615524291992,4.28531551361084,0.0,2.5855960845947266,0.0,0.0,0.0,0.0,0.0,0.0,0.0214766655117273,0.0
2024-09-23 12:00:00,AL972024,31.0,2024-09-24 06:00:00,0 days 18:00:00,18.33,-83.08,1002.5,32.1,74.88909912109375,4.764920234680176,0.5311807990074158,0.0,1.2688244581222534,0.0,0.0,0.0,0.0,0.0,0.0,0.0009173775906674,0.0
2024-09-23 12:00:00,AL972024,31.0,2024-09-24 12:00:00,1 days 00:00:00,18.58,-83.77,1000.5,37.9,97.81668090820312,140.00262451171875,125.7509536743164,89.11148071289062,106.2739715576172,0.0,0.0,0.0,0.0,0.0,0.0,0.0,0.0
2024-09-23 12:00:00,AL972024,31.0,2024-09-24 18:00:00,1 days 06:00:00,18.9,-84.11,1001.3,41.6,179.48965454101562,259.89263916015625,233.2606964111328,164.26551818847656,200.72711181640625,0.0,0.0,0.0,0.0,0.0,0.0982620418071746,0.0655509531497955,0.0
2024-09-23 12:00:00,AL972024,31.0,2024-09-25 00:00:00,1 days 12:00:00,19.39,-84.21,995.7,45.9,90.88748931884766,167.53536987304688,145.21058654785156,96.57023620605467,126.35423278808594,16.538000106811523,13.41884994506836,8.481462478637695,11.266695976257324,0.2162955701351165,0.0,0.0,0.1760599315166473
2024-09-23 12:00:00,AL972024,31.0,2024-09-25 06:00:00,1 days 18:00:00,20.57,-85.56,986.4,60.8,65.40337371826172,202.3251800537109,180.06884765625,142.74850463867188,168.023681640625,90.67815399169922,81.748779296875,63.12410736083984,73.98311614990234,19.00734138488769,16.43933868408203,13.090087890625,15.853867530822754
2024-09-23 12:00:00,AL972024,31.0,2024-09-25 12:00:00,2 days 00:00:00,21.48,-86.02,979.9,70.9,39.84011459350586,209.9481201171875,185.17404174804688,122.24337768554688,162.77490234375,101.5293426513672,87.77312469482422,61.1956787109375,80.2433090209961,31.334890365600582,26.907262802124023,20.03635597229004,25.683706283569336
2024-09-23 12:00:00,AL972024,31.0,2024-09-25 18:00:00,2 days 06:00:00,22.44,-86.32,969.2,85.6,46.42254257202149,199.43968200683597,181.8852996826172,139.4801483154297,161.72035217285156,97.00892639160156,88.20682525634766,70.4971694946289,81.499267578125,48.8748664855957,44.66706466674805,36.60664367675781,41.56953048706055
2024-09-23 12:00:00,AL972024,31.0,2024-09-26 00:00:00,2 days 12:00:00,23.61,-86.11,953.5,104.0,39.56315231323242,237.86737060546875,223.65057373046875,160.65921020507812,186.98959350585935,116.10034942626952,105.9647445678711,82.97914123535156,96.87516784667967,58.964149475097656,53.74026107788086,43.744930267333984,50.04755401611328
2024-09-23 12:00:00,AL972024,31.0,2024-09-26 06:00:00,2 days 18:00:00,24.71,-86.23,954.8,98.0,48.79866790771485,271.2057189941406,261.8747253417969,206.7122344970703,223.4710998535156,137.63885498046875,130.3883514404297,109.14321899414062,119.54607391357422,80.570556640625,75.8188247680664,63.30229949951172,69.57964324951172
2024-09-23 12:00:00,AL972024,31.0,2024-09-26 12:00:00,3 days 00:00:00,26.13,-85.77,952.3,102.1,40.706298828125,260.9695739746094,256.34991455078125,192.69618225097656,203.8111267089844,128.91738891601562,123.16780090332033,99.56838989257812,108.82442474365234,69.34501647949219,64.82111358642578,53.53279876708984,59.30012512207031
2024-09-23 12:00:00,AL972024,31.0,2024-09-26 18:00:00,3 days 06:00:00,27.94,-84.99,944.5,111.0,42.186134338378906,290.60321044921875,286.1688232421875,204.0367889404297,229.62635803222656,147.53512573242188,139.507080078125,111.2488250732422,125.01327514648438,80.92642974853516,75.85084533691406,62.539363861083984,69.51982879638672
2024-09-23 12:00:00,AL972024,31.0,2024-09-27 00:00:00,3 days 12:00:00,30.44,-84.3,943.2,108.0,26.19112205505371,234.36459350585935,226.73475646972656,159.4191436767578,178.8155517578125,116.0323486328125,107.6826629638672,85.60075378417969,100.74633026123048,61.911075592041016,57.2767219543457,47.92712020874024,54.41526794433594
2024-09-23 12:00:00,AL972024,31.0,2024-09-27 06:00:00,3 days 18:00:00,33.31,-84.26,975.0,58.9,65.34357452392578,105.30101776123048,109.6183624267578,81.17860412597656,76.06195831298828,22.205883026123047,23.06454086303711,15.95705795288086,16.865293502807617,0.412532240152359,0.3370235860347748,0.1768129169940948,0.4177885949611664
2024-09-23 12:00:00,AL972024,31.0,2024-09-27 12:00:00,4 days 00:00:00,35.42,-85.09,985.9,43.6,53.50065994262695,97.47479248046876,98.57809448242188,64.99073028564453,66.33438873291016,6.329932689666748,7.191235542297363,2.533270835876465,3.030658006668091,0.6630725860595703,0.0950195863842964,0.1036874949932098,0.4204364717006683
2024-09-23 12:00:00,AL972024,31.0,2024-09-27 18:00:00,4 days 06:00:00,37.47,-86.51,993.5,31.0,129.167724609375,5.974930286407471,8.491591453552246,0.0,0.4168128371238708,0.0126840686425566,0.6992279291152954,0.0,0.0,0.0,0.0,0.1054545193910598,0.0225884411484003
2024-09-23 12:00:00,AL972024,31.0,2024-09-28 00:00:00,4 days 12:00:00,38.71,-88.61,994.8,30.8,73.43966674804688,5.811886310577393,7.327406406402588,1.5943970680236816,2.405031204223633,0.0,0.0,0.0,0.0,0.1325413286685943,0.260242611169815,0.3226590752601623,0.1647345274686813
2024-09-23 12:00:00,AL972024,31.0,2024-09-28 06:00:00,4 days 18:00:00,37.32,-90.64,999.9,22.7,80.07292938232422,0.0,2.856389284133911,5.517370223999023,0.0,0.0,0.7018907070159912,1.4017425775527954,0.5476035475730896,1.1079678535461426,0.8374514579772949,0.8319755792617798,0.664690375328064
2024-09-23 12:00:00,EP102024,31.0,2024-09-23 12:00:00,0 days 00:00:00,14.6,-98.4,992.0,60.0,37.03998651744491,74.07997303488982,55.55997977616736,55.55997977616736,55.55997977616736,37.03998651744491,0.0,0.0,0.0,,,,
2024-09-23 12:00:00,EP102024,31.0,2024-09-23 18:00:00,0 days 06:00:00,15.18,-98.45,983.6,69.3,36.89250564575195,107.94290161132812,96.56590270996094,71.24678039550781,89.43743896484375,48.905120849609375,41.737884521484375,32.94642639160156,41.92033004760742,27.61038589477539,24.309795379638672,19.65819549560547,23.54670143127441
2024-09-23 12:00:00,EP102024,31.0,2024-09-24 00:00:00,0 days 12:00:00,15.98,-98.88,967.0,92.4,17.022188186645508,129.72689819335938,116.13291931152344,83.54029846191406,106.66812896728516,66.2654800415039,57.1723861694336,44.61062240600586,56.16447448730469,31.87997436523437,27.679296493530277,23.27188491821289,27.976938247680664
2024-09-23 12:00:00,EP102024,31.0,2024-09-24 06:00:00,0 days 18:00:00,16.65,-99.53,967.9,90.1,28.41848373413086,115.77455139160156,105.86862182617188,88.15472412109375,100.7330322265625,61.49422454833984,56.09297180175781,48.65636444091797,55.06509399414063,32.983917236328125,29.83795547485352,25.850736618041992,29.51175308227539
2024-09-23 12:00:00,EP102024,31.0,2024-09-24 12:00:00,1 days 00:00:00,16.87,-100.24,975.9,76.5,30.731618881225582,190.31430053710935,178.30726623535156,148.7573699951172,161.51715087890625,89.42952728271484,81.29290008544922,64.54905700683594,73.74493408203125,17.988101959228516,15.286645889282228,12.49224090576172,15.569456100463867
2024-09-23 12:00:00,EP102024,31.0,2024-09-24 18:00:00,1 days 06:00:00,17.73,-101.06,990.9,54.5,64.18809509277344,135.93289184570312,120.29967498779295,85.31346893310547,106.77579498291016,15.431750297546388,12.009343147277832,6.480016708374023,10.664800643920898,0.6047283411026001,0.3774503767490387,0.0598463714122772,0.4692817032337188
2024-09-23 12:00:00,EP102024,31.0,2024-09-25 00:00:00,1 days 12:00:00,17.39,-101.5,998.1,41.7,44.09493637084961,106.3008270263672,102.38351440429688,81.33480834960938,90.49623107910156,22.299785614013672,21.61379051208496,16.74507713317871,17.57335662841797,0.1312386989593505,0.3835787773132324,0.3719145953655243,0.2224498987197876
2024-09-23 12:00:00,EP102024,31.0,2024-09-25 06:00:00,1 days 18:00:00,17.37,-101.84,1000.3,39.7,100.37579345703124,107.49942016601562,96.79134368896484,70.14484405517578,84.9624252319336,0.4166244566440582,1.0064438581466677,1.1360461711883545,0.1935651302337646,0.0,0.2841023206710815,0.2837372124195099,0.0
2024-09-23 12:00:00,EP102024,31.0,2024-09-25 12:00:00,2 days 00:00:00,16.99,-101.05,999.4,34.6,60.854122161865234,5.631614685058594,4.818675994873047,0.9050699472427368,2.041633367538452,0.5446634888648987,1.2298611402511597,1.1954503059387207,0.3956539332866668,0.0,0.1806316524744033,0.3145367801189422,0.038536787033081
2024-09-23 12:00:00,EP102024,31.0,2024-09-25 18:00:00,2 days 06:00:00,16.29,-101.89,999.5,39.1,91.41210174560548,77.91068267822266,66.9254379272461,47.82568359375,62.71280670166016,0.6727995872497559,0.1999384611845016,0.0,0.3018516898155212,0.1906477808952331,0.3392279744148254,0.164769098162651,0.0
2024-09-23 12:00:00,EP102024,31.0,2024-09-26 00:00:00,2 days 12:00:00,16.23,-101.52,998.0,37.8,94.9160614013672,32.315521240234375,32.895957946777344,27.301069259643555,27.380977630615234,0.0,0.0,0.1608647108078003,0.0,0.1111112236976623,0.0761886164546012,0.0991554632782936,0.0748653337359428
2024-09-23 12:00:00,EP102024,31.0,2024-09-26 06:00:00,2 days 18:00:00,16.23,-101.48,992.8,51.0,77.4859619140625,191.771240234375,175.8030548095703,145.3213348388672,163.10728454589844,15.60706901550293,13.991361618041992,11.490896224975586,12.49376106262207,0.0480730533599853,0.1309427469968795,0.300219178199768,0.0346538200974464
2024-09-23 12:00:00,EP102024,31.0,2024-09-26 12:00:00,3 days 00:00:00,16.58,-101.14,987.0,59.6,45.86587142944336,122.69798278808594,115.79735565185548,93.93041229248048,102.25212097167967,31.06568145751953,28.17959976196289,21.955854415893555,24.39665412902832,0.205762967467308,0.0,0.0799741894006729,0.1119570136070251
2024-09-23 12:00:00,EP102024,31.0,2024-09-26 18:00:00,3 days 06:00:00,16.98,-101.31,991.4,54.8,57.611759185791016,111.91444396972656,106.84032440185548,82.6780776977539,92.6698989868164,20.88703155517578,18.79328727722168,13.643498420715332,15.93820571899414,0.0867169350385665,0.1157083138823509,0.0143047180026769,0.0715099796652793
2024-09-23 12:00:00,EP102024,31.0,2024-09-27 00:00:00,3 days 12:00:00,17.61,-101.72,993.2,46.8,46.59218978881836,65.50637817382812,64.29498291015625,49.237152099609375,52.65790939331055,19.51717567443848,18.61092567443848,13.141886711120604,14.913951873779297,0.1489978432655334,0.2261195480823516,0.2099350243806839,0.1495940834283828
2024-09-23 12:00:00,EP102024,31.0,2024-09-27 06:00:00,3 days 18:00:00,17.75,-101.47,993.4,47.5,60.8565788269043,31.26339530944824,28.80353164672852,21.47144317626953,24.64593315124512,1.5705053806304932,2.4027061462402344,2.4976646900177,0.9964196085929872,0.2130047529935836,0.4496569335460663,0.6592731475830078,0.3583845496177673
2024-09-23 12:00:00,EP102024,31.0,2024-09-27 12:00:00,4 days 00:00:00,17.81,-101.85,1000.8,34.0,50.40784454345703,5.029204845428467,6.951590061187744,4.55701208114624,2.40251898765564,0.0,1.0124353170394895,0.997205376625061,0.0,0.0,0.1342740058898925,0.1953894048929214,0.0
2024-09-23 12:00:00,EP102024,31.0,2024-09-27 18:00:00,4 days 06:00:00,18.27,-101.78,1003.8,25.7,111.5466079711914,3.552992343902588,6.505917072296143,5.708808422088623,4.198736190795898,0.036921065300703,0.2795816659927368,1.142559051513672,0.0,0.3156605064868927,1.0450469255447388,1.0056166648864746,0.6220998167991638
2024-09-23 12:00:00,EP102024,31.0,2024-09-28 00:00:00,4 days 12:00:00,16.7,-101.43,1001.8,31.0,50.04701614379883,0.7228619456291199,2.2592527866363525,1.856856346130371,0.0,0.0,0.1931252181529998,0.2731251120567322,0.0,0.0911623314023017,0.176995187997818,0.262159913778305,0.1014876961708068
2024-09-23 12:00:00,AL972024,32.0,2024-09-23 12:00:00,0 days 00:00:00,17.2,-81.7,1004.0,30.0,185.1999325872245,,,,,,,,,,,,
2024-09-23 12:00:00,AL972024,32.0,2024-09-23 18:00:00,0 days 06:00:00,17.59,-81.34,1005.7,25.7,77.8586654663086,3.4227893352508545,1.252166509628296,0.0,0.4676056802272796,0.0,0.1886005401611328,0.0,0.0,0.0079017505049705,0.082281619310379,0.0625561401247978,0.0
2024-09-23 12:00:00,AL972024,32.0,2024-09-24 00:00:00,0 days 12:00:00,17.66,-81.9,1001.9,32.6,72.31497192382812,4.60637903213501,2.7707669734954834,0.0,1.3604320287704468,0.1578953266143798,0.2486364543437957,0.0,0.0838038921356201,0.0240605529397726,0.0,0.060664415359497,0.0
2024-09-23 12:00:00,AL972024,32.0,2024-09-24 06:00:00,0 days 18:00:00,18.17,-82.02,1002.0,31.4,77.10980987548828,5.1651930809021,3.5667669773101807,0.0,0.0,0.0126499217003583,0.1417124569416046,0.0,0.0,0.0735950022935867,0.0202534310519695,0.0,0.0600237660109996
2024-09-23 12:00:00,AL972024,32.0,2024-09-24 12:00:00,1 days 00:00:00,17.88,-83.16,996.5,44.0,69.40386199951172,42.73190307617188,36.35654067993164,17.283809661865234,30.178733825683597,0.8163769841194153,0.2446783483028412,0.0,0.1554582417011261,0.0,0.0,0.0,0.0
2024-09-23 12:00:00,AL972024,32.0,2024-09-24 18:00:00,1 days 06:00:00,18.4,-83.96,999.1,41.8,96.00354766845705,191.0522918701172,166.71572875976562,116.6530990600586,150.80938720703125,2.532366752624512,0.686254620552063,0.0,1.0350850820541382,0.0086317341774702,0.0,0.0,0.0
2024-09-23 12:00:00,AL972024,32.0,2024-09-25 00:00:00,1 days 12:00:00,19.0,-84.36,995.9,49.9,124.70014190673828,176.18479919433594,154.2281036376953,93.81653594970705,123.10984802246094,0.0,0.0,0.0,0.0,0.1301436722278595,0.0088471081107854,0.0,0.0
2024-09-23 12:00:00,AL972024,32.0,2024-09-25 06:00:00,1 days 18:00:00,20.05,-85.09,984.8,63.8,78.80443572998047,222.3628845214844,199.3032073974609,150.7354736328125,182.8507537841797,96.58528137207033,86.32379913330078,64.58892822265625,76.92511749267578,12.007091522216797,9.79255199432373,7.231447696685791,9.524569511413574
2024-09-23 12:00:00,AL972024,32.0,2024-09-25 12:00:00,2 days 00:00:00,20.86,-85.44,971.2,79.9,39.1833381652832,193.70111083984372,173.52853393554688,120.50920104980467,151.18394470214844,93.08106994628906,83.02652740478516,63.23902130126953,76.86418914794922,48.09039688110352,43.070125579833984,34.5233268737793,40.52143478393555
2024-09-23 12:00:00,AL972024,32.0,2024-09-25 18:00:00,2 days 06:00:00,22.12,-85.86,960.7,98.2,32.222259521484375,160.79629516601562,140.37925720214844,86.1156234741211,120.6276397705078,71.51397705078125,59.45696258544922,43.03297424316406,57.98344039916992,40.17295455932617,34.97382736206055,27.30120658874512,33.545738220214844
2024-09-23 12:00:00,AL972024,32.0,2024-09-26 00:00:00,2 days 12:00:00,23.17,-86.3,945.1,111.5,25.692218780517575,239.1978759765625,223.97836303710935,156.74085998535156,188.7876739501953,117.77818298339844,104.89309692382812,81.59063720703125,98.87565612792967,62.22637939453125,56.416805267333984,45.88249969482422,53.69514083862305
2024-09-23 12:00:00,AL972024,32.0,2024-09-26 06:00:00,2 days 18:00:00,24.51,-86.17,950.3,106.9,28.94797134399414,240.91966247558597,222.2635955810547,161.54315185546875,194.86703491210935,118.71370697021484,105.46614074707033,80.14186096191406,99.24435424804688,57.2319564819336,51.35537338256836,41.778602600097656,49.19038009643555
2024-09-23 12:00:00,AL972024,32.0,2024-09-26 12:00:00,3 days 00:00:00,26.2,-86.02,949.2,105.0,25.24081039428711,250.71658325195312,236.6680603027344,156.9832763671875,188.93663024902344,124.49339294433594,110.538818359375,79.1249008178711,99.05266571044922,49.7188835144043,43.77616500854492,33.94313049316406,41.47273254394531
2024-09-23 12:00:00,AL972024,32.0,2024-09-26 18:00:00,3 days 06:00:00,28.28,-85.5,940.6,114.4,52.9979362487793,314.0013732910156,304.6041564941406,213.1982421875,248.5757293701172,157.9718780517578,146.62957763671875,113.60076141357422,133.1163330078125,81.4004898071289,75.22337341308594,61.69295120239258,70.20980834960938
2024-09-23 12:00:00,AL972024,32.0,2024-09-27 00:00:00,3 days 12:00:00,30.37,-84.93,949.2,97.7,49.48965072631836,262.0933532714844,248.51907348632807,177.66461181640625,201.7636566162109,125.71605682373048,118.53694915771484,94.34866333007812,107.72716522216795,66.65277099609375,61.86924362182617,50.92053985595703,57.20473861694336
2024-09-23 12:00:00,AL972024,32.0,2024-09-27 06:00:00,3 days 18:00:00,33.32,-85.33,975.9,57.7,42.529483795166016,112.18051147460938,121.39642333984376,84.79660034179688,77.80191802978516,35.774169921875,35.40469741821289,23.56793594360352,26.07355117797852,1.4326096773147583,1.1200498342514038,0.3599462807178497,0.8175749182701111
2024-09-23 12:00:00,AL972024,32.0,2024-09-27 12:00:00,4 days 00:00:00,35.72,-85.47,990.0,37.8,120.30802917480467,102.23719024658205,100.25494384765624,69.04496002197266,71.60674285888672,2.044431686401367,2.957097291946411,0.5251843929290771,0.5255874395370483,0.1910746693611145,0.073435753583908,0.2294965982437133,0.0727754458785057
2024-09-23 12:00:00,AL972024,32.0,2024-09-27 18:00:00,4 days 06:00:00,37.01,-86.71,991.1,33.9,60.43149948120117,16.987030029296875,20.9100399017334,9.96924877166748,9.05413818359375,0.9637792110443116,0.4793679118156433,0.0,0.0,0.1119161397218704,0.0,0.0394934713840484,0.0292879380285739
2024-09-23 12:00:00,AL972024,32.0,2024-09-28 00:00:00,4 days 12:00:00,37.62,-88.94,997.2,25.6,73.51722717285156,0.0,5.20841646194458,0.5882310271263123,0.0,0.1040890291333198,0.0,0.0,0.0,0.3290994763374328,0.299172967672348,0.4433912634849548,0.4057998359203338
2024-09-23 12:00:00,EP102024,32.0,2024-09-23 12:00:00,0 days 00:00:00,14.6,-98.4,992.0,60.0,37.03998651744491,74.07997303488982,55.55997977616736,55.55997977616736,55.55997977616736,37.03998651744491,0.0,0.0,0.0,,,,
2024-09-23 12:00:00,EP102024,32.0,2024-09-23 18:00:00,0 days 06:00:00,15.18,-98.67,987.1,64.2,24.177154541015625,115.06736755371094,100.10842895507812,75.54812622070312,95.3216781616211,53.843544006347656,45.23093032836914,34.0035285949707,44.676002502441406,19.296293258666992,16.027402877807617,12.400636672973633,16.04483985900879
2024-09-23 12:00:00,EP102024,32.0,2024-09-24 00:00:00,0 days 12:00:00,15.92,-98.87,990.6,59.6,28.44783592224121,92.2829818725586,86.6352310180664,66.64418029785156,76.49510955810547,31.357666015625,28.280771255493164,20.93596076965332,24.42078971862793,0.9736672639846802,0.6564356684684753,0.3843760192394256,0.7876632809638977
2024-09-23 12:00:00,EP102024,32.0,2024-09-24 06:00:00,0 days 18:00:00,16.4,-99.39,984.3,68.0,32.90763092041016,69.32502746582031,61.21562194824219,44.785301208496094,55.19898986816406,27.435400009155277,23.50577163696289,18.03934860229492,22.64026260375977,7.729178428649902,6.001138687133789,4.985050678253174,6.554193019866943
2024-09-23 12:00:00,EP102024,32.0,2024-09-24 12:00:00,1 days 00:00:00,16.48,-99.57,991.6,52.1,33.337982177734375,54.25400161743164,51.82391357421875,40.37342834472656,46.05283737182617,13.497212409973145,12.46827507019043,9.460561752319336,10.510480880737305,0.0149815110489726,0.0528778322041034,0.311359703540802,0.2132786810398101
2024-09-23 12:00:00,EP102024,32.0,2024-09-24 18:00:00,1 days 06:00:00,16.54,-99.78,983.1,69.7,31.228748321533203,137.25836181640625,122.48764038085938,92.91917419433594,113.07891845703124,63.55208969116211,56.26935577392578,42.959205627441406,52.504676818847656,17.539756774902344,14.708045959472656,11.692829132080078,14.560836791992188
2024-09-23 12:00:00,EP102024,32.0,2024-09-25 00:00:00,1 days 12:00:00,16.67,-100.45,993.9,49.7,62.19471740722656,121.96367645263672,112.94742584228516,82.91537475585938,98.2951202392578,1.4894665479660034,0.7644314765930176,0.1125981733202934,0.7281305193901062,0.0,0.0371348150074481,0.0855191498994827,0.131416454911232
2024-09-23 12:00:00,EP102024,32.0,2024-09-25 06:00:00,1 days 18:00:00,16.84,-100.13,993.6,51.7,59.88772201538086,111.5585708618164,99.41840362548828,77.7010498046875,93.0562973022461,14.97042751312256,12.986846923828123,10.696800231933594,11.472982406616213,0.4874499142169952,0.4054923057556152,0.6330621838569641,0.3697726130485534
2024-09-23 12:00:00,EP102024,32.0,2024-09-25 12:00:00,2 days 00:00:00,15.89,-101.06,987.1,60.4,54.16529846191406,99.10997009277344,89.8052978515625,76.30278015136719,85.6758041381836,39.90253829956055,36.9428939819336,31.40595245361328,34.021629333496094,10.448357582092283,9.315903663635254,8.096596717834473,9.09202480316162
2024-09-23 12:00:00,EP102024,32.0,2024-09-25 18:00:00,2 days 06:00:00,15.94,-100.56,993.2,53.8,68.42961120605469,96.779052734375,89.88249206542969,63.525421142578125,75.7709732055664,6.301246166229248,4.940314292907715,3.0516345500946045,4.132781982421875,0.0460991710424423,0.0540316700935363,0.0,0.0
2024-09-23 12:00:00,EP102024,32.0,2024-09-26 00:00:00,2 days 12:00:00,16.46,-100.5,979.8,72.5,34.226192474365234,125.28023529052734,124.58308410644533,95.25148010253906,103.27935791015624,60.27061080932617,55.91699600219727,42.990333557128906,49.647647857666016,16.651016235351562,15.114130020141602,12.312722206115724,14.311930656433104
2024-09-23 12:00:00,EP102024,32.0,2024-09-26 06:00:00,2 days 18:00:00,17.25,-100.97,975.8,77.9,27.464763641357425,110.7685775756836,104.7491455078125,82.81227111816406,93.48223114013672,52.51322555541992,46.83562469482422,36.26184844970703,43.707950592041016,12.621103286743164,10.575230598449709,8.911287307739258,11.059520721435549
2024-09-23 12:00:00,EP102024,32.0,2024-09-26 12:00:00,3 days 00:00:00,17.65,-101.29,994.9,46.5,36.37630081176758,51.38236999511719,48.749847412109375,33.57061004638672,37.39875793457031,4.201247215270996,4.5576019287109375,2.8788087368011475,2.737642526626587,0.0,0.1462940424680709,0.1049428582191467,0.0
2024-09-23 12:00:00,EP102024,32.0,2024-09-26 18:00:00,3 days 06:00:00,18.07,-101.05,993.1,51.2,56.97182083129883,126.2031021118164,112.57440948486328,83.00248718261719,97.6463394165039,6.028495788574219,4.925238132476807,3.0140953063964844,3.288736343383789,0.0128095895051956,0.2346911430358886,0.2534979581832886,0.0389401689171791
2024-09-23 12:00:00,EP102024,32.0,2024-09-27 00:00:00,3 days 12:00:00,17.66,-101.12,999.1,36.9,74.77544403076172,63.22383499145508,56.51259613037109,41.9793586730957,48.39937973022461,0.5163007974624634,0.8138899207115173,1.0912920236587524,0.0,0.0,0.2026240974664688,0.3475368022918701,0.0
2024-09-23 12:00:00,EP102024,32.0,2024-09-27 06:00:00,3 days 18:00:00,17.97,-101.17,1000.5,33.7,37.87458801269531,3.137572765350342,3.123733758926392,4.740963459014893,1.2808208465576172,0.0,0.5060088634490967,1.1441911458969116,0.0,0.0,0.1479536890983581,0.1917476654052734,0.0
2024-09-23 12:00:00,EP102024,32.0,2024-09-27 12:00:00,4 days 00:00:00,18.11,-101.77,1003.8,29.0,100.25902557373048,18.79644775390625,18.7367000579834,15.372090339660645,14.96815013885498,0.1422328948974609,0.9961889386177064,1.8960384130477903,0.1957577615976333,0.0,0.2313183695077896,0.3713598251342773,0.0
2024-09-23 12:00:00,AL972024,33.0,2024-09-23 12:00:00,0 days 00:00:00,17.2,-81.7,1004.0,30.0,185.1999325872245,,,,,,,,,,,,
2024-09-23 12:00:00,AL972024,33.0,2024-09-23 18:00:00,0 days 06:00:00,17.42,-81.55,1004.4,27.7,81.41374206542969,3.9083778858184814,2.1234261989593506,0.0,0.1211563050746917,0.0475775711238384,0.2351421117782592,0.0301827546209096,0.0,0.0,0.0554917864501476,0.023751825094223,0.0
2024-09-23 12:00:00,AL972024,33.0,2024-09-24 00:00:00,0 days 12:00:00,18.3,-81.97,1004.9,27.2,141.85523986816406,5.037380218505859,4.3333420753479,0.0,0.6563980579376221,0.1890167146921157,0.1403054744005203,0.1558173298835754,0.0252427291125059,0.0,0.0,0.1033118590712547,0.0016776737757027
2024-09-23 12:00:00,AL972024,33.0,2024-09-24 06:00:00,0 days 18:00:00,18.21,-82.79,1003.2,29.9,131.59393310546875,6.136745452880859,1.7844775915145874,0.0,0.6641421914100647,0.4259898066520691,0.5371183156967163,0.1865368634462356,0.2127174288034439,0.0151115916669368,0.0657355487346649,0.0980512872338295,0.048343289643526
2024-09-23 12:00:00,AL972024,33.0,2024-09-24 12:00:00,1 days 00:00:00,18.95,-83.15,1001.5,36.0,138.4995880126953,35.80509185791016,30.74434471130371,11.484347343444824,23.47060203552246,0.0,0.0224329940974712,0.0,0.0327280014753341,0.0,0.1166933253407478,0.1584266573190689,0.0
2024-09-23 12:00:00,AL972024,33.0,2024-09-24 18:00:00,1 days 06:00:00,19.33,-84.22,999.7,42.0,167.41993713378906,227.15054321289065,208.20811462402344,141.4886932373047,172.9368133544922,0.0,0.0,0.0,0.0,0.0980447232723236,0.0975812077522277,0.0,0.0
2024-09-23 12:00:00,AL972024,33.0,2024-09-25 00:00:00,1 days 12:00:00,20.14,-85.36,997.7,41.8,83.15911865234375,117.28652954101562,102.22105407714844,68.00541687011719,89.8552474975586,0.1198011264204979,0.0,0.0,0.0,0.019681517034769,0.0880248919129371,0.1309706419706344,0.0208613667637109
2024-09-23 12:00:00,AL972024,33.0,2024-09-25 06:00:00,1 days 18:00:00,21.53,-86.0,991.1,55.0,61.222110748291016,167.35231018066406,152.3775634765625,112.22705841064452,136.86001586914062,68.29853820800781,60.79405975341797,43.3881950378418,53.45952987670898,1.129852056503296,0.2554583847522735,0.0,0.5167069435119629
2024-09-23 12:00:00,AL972024,33.0,2024-09-25 12:00:00,2 days 00:00:00,22.24,-86.76,980.8,68.6,57.83835983276367,183.8542938232422,164.29949951171875,112.42090606689452,144.68028259277344,68.63958740234375,58.10123443603516,39.588008880615234,51.855918884277344,2.827808380126953,1.0797759294509888,0.0,1.4817134141921997
2024-09-23 12:00:00,AL972024,33.0,2024-09-25 18:00:00,2 days 06:00:00,23.0,-87.02,975.0,76.1,42.24922561645508,227.42176818847656,210.22021484375,148.96466064453125,183.17904663085935,111.57939910888672,98.90201568603516,73.49946594238281,91.38078308105467,40.23994445800781,36.035888671875,28.20623588562012,34.14527130126953
2024-09-23 12:00:00,AL972024,33.0,2024-09-26 00:00:00,2 days 12:00:00,24.17,-86.67,964.3,89.6,34.40375900268555,122.39466094970705,117.20198059082033,80.09078216552734,89.04810333251953,42.8892707824707,39.14233016967773,27.179672241210938,32.6373291015625,6.812397003173828,5.226982116699219,3.6072068214416495,5.288016319274902
2024-09-23 12:00:00,AL972024,33.0,2024-09-26 06:00:00,2 days 18:00:00,25.36,-86.19,961.3,90.6,39.00905990600586,189.4365234375,191.9411773681641,135.17774963378906,145.60714721679688,80.1774673461914,73.07324981689453,51.67950820922852,60.91532897949219,11.899883270263672,9.693907737731934,6.835745811462402,9.117578506469728
2024-09-23 12:00:00,AL972024,33.0,2024-09-26 12:00:00,3 days 00:00:00,27.29,-85.33,943.0,112.5,22.557527542114254,285.2147216796875,278.778564453125,199.7949981689453,226.08425903320312,145.94789123535156,137.68577575683594,109.46490478515624,125.3250732421875,83.80098724365234,79.24887084960938,65.95601654052734,73.47590637207031
2024-09-23 12:00:00,AL972024,33.0,2024-09-26 18:00:00,3 days 06:00:00,30.05,-84.57,943.9,111.1,27.12707901000977,278.2759704589844,276.1770935058594,204.05657958984372,223.63787841796875,139.45037841796875,131.9711151123047,104.95187377929688,119.60879516601562,65.92092895507812,61.477935791015625,51.31843185424805,57.57362747192383
2024-09-23 12:00:00,AL972024,33.0,2024-09-27 00:00:00,3 days 12:00:00,33.25,-84.21,972.0,67.2,43.0601921081543,213.82791137695312,214.7211761474609,170.42190551757812,166.1368865966797,104.57316589355467,101.97333526611328,80.02731323242188,84.53728485107422,21.97713851928711,20.56755256652832,16.458465576171875,18.147741317749023
2024-09-23 12:00:00,AL972024,33.0,2024-09-27 06:00:00,3 days 18:00:00,35.58,-84.41,982.0,46.6,58.13521957397461,156.330322265625,162.06011962890625,126.69956970214844,121.6483383178711,49.49358367919922,48.474639892578125,34.484832763671875,37.810089111328125,0.9155043959617616,0.2561275660991668,0.0,0.4865961372852325
2024-09-23 12:00:00,AL972024,33.0,2024-09-27 12:00:00,4 days 00:00:00,37.43,-86.01,990.4,36.9,62.76510620117188,66.71202850341797,71.60591125488281,43.033084869384766,43.25422286987305,4.823955059051514,5.144221305847168,1.9110357761383057,1.7212904691696167,0.3308296799659729,0.1318539530038833,0.331383466720581,0.3365223407745361
2024-09-23 12:00:00,AL972024,33.0,2024-09-27 18:00:00,4 days 06:00:00,38.32,-87.21,994.9,28.3,132.8419952392578,0.0,0.0,0.3367159366607666,0.0,0.0,0.0,0.0,0.0,0.0857329592108726,0.3438782691955566,0.3920076191425323,0.3956466019153595
2024-09-23 12:00:00,AL972024,33.0,2024-09-28 00:00:00,4 days 12:00:00,38.38,-91.25,998.3,22.7,187.0985565185547,4.629356384277344,0.4347485899925232,0.7325283885002136,0.0,0.0,0.0192730296403169,0.5062491297721863,0.4793424308300018,0.1147670522332191,0.4225733876228332,0.4562350511550903,0.0953051298856735
2024-09-23 12:00:00,EP102024,33.0,2024-09-23 12:00:00,0 days 00:00:00,14.6,-98.4,992.0,60.0,37.03998651744491,74.07997303488982,55.55997977616736,55.55997977616736,55.55997977616736,37.03998651744491,0.0,0.0,0.0,,,,
2024-09-23 12:00:00,EP102024,33.0,2024-09-23 18:00:00,0 days 06:00:00,15.2,-98.43,985.8,67.7,18.7196102142334,114.50025939941406,98.43852996826172,69.71452331542969,90.64491271972656,49.42160415649414,40.53012847900391,28.829444885253903,39.37896728515625,11.284544944763184,8.287153244018555,5.955150604248047,8.919341087341309
2024-09-23 12:00:00,EP102024,33.0,2024-09-24 00:00:00,0 days 12:00:00,15.88,-98.49,980.5,72.1,31.190319061279297,99.24147033691406,86.33688354492188,52.35376739501953,75.95184326171875,44.9035758972168,36.8718376159668,26.059968948364254,35.91724395751953,16.519332885742188,13.15147876739502,10.455972671508787,13.73182487487793
2024-09-23 12:00:00,AL972024,34.0,2024-09-23 12:00:00,0 days 00:00:00,17.2,-81.7,1004.0,30.0,185.1999325872245,,,,,,,,,,,,
2024-09-23 12:00:00,AL972024,34.0,2024-09-23 18:00:00,0 days 06:00:00,17.7,-81.45,1004.7,27.4,77.78639221191406,4.67829704284668,2.777029037475586,0.0,0.2430412173271179,0.0435494035482406,0.1430749744176864,0.0736172944307327,0.0,0.0042582866735756,0.1270652264356613,0.0845525562763214,0.0
2024-09-23 12:00:00,AL972024,34.0,2024-09-24 00:00:00,0 days 12:00:00,18.04,-82.04,1002.8,35.3,117.60218048095705,90.54024505615234,77.94862365722656,42.441741943359375,64.06141662597656,0.0,0.0,0.0,0.0,0.0251425206661224,0.0,0.0759496539831161,0.0
2024-09-23 12:00:00,AL972024,34.0,2024-09-24 06:00:00,0 days 18:00:00,19.01,-83.39,1002.0,37.5,129.0245819091797,18.05911445617676,13.307084083557127,0.5880404114723206,10.917044639587402,0.0938313007354736,0.2080941498279571,0.0,0.0,0.0,0.0302528254687786,0.0620021000504493,0.0527230128645896
2024-09-23 12:00:00,AL972024,34.0,2024-09-24 12:00:00,1 days 00:00:00,18.71,-83.93,1002.6,35.1,143.92364501953125,20.21483612060547,16.75282859802246,3.154989242553711,10.69796085357666,0.0,0.0,0.0,0.0,0.0826413035392761,0.1119911670684814,0.1102223768830299,0.0
2024-09-23 12:00:00,AL972024,34.0,2024-09-24 18:00:00,1 days 06:00:00,19.28,-85.27,995.6,44.4,61.11928176879883,38.32931900024414,34.09602737426758,22.19144058227539,25.573566436767575,0.5685959458351135,0.1431923508644104,0.0,0.0,0.0730415284633636,0.1115796118974685,0.0,0.0313055403530597
2024-09-23 12:00:00,AL972024,34.0,2024-09-25 00:00:00,1 days 12:00:00,19.99,-85.55,991.9,54.8,64.69766998291016,244.07928466796875,221.77610778808597,161.67442321777344,199.61241149902344,62.79685974121094,55.72990798950195,39.52540969848633,48.41449737548828,0.3698440790176391,0.1712793111801147,0.0,0.0284230802208185
2024-09-23 12:00:00,AL972024,34.0,2024-09-25 06:00:00,1 days 18:00:00,20.77,-86.27,986.7,60.5,65.11202239990234,284.3320617675781,258.7142333984375,203.90663146972656,243.4388427734375,107.7532958984375,96.73624420166016,72.5165023803711,85.8956298828125,3.41467809677124,2.104442834854126,0.9005096554756165,2.4032928943634038
2024-09-23 12:00:00,AL972024,34.0,2024-09-25 12:00:00,2 days 00:00:00,21.66,-86.8,986.3,61.1,79.96489715576172,168.26742553710938,147.36581420898438,109.45629119873048,136.2580108642578,36.63532638549805,31.56025695800781,22.19879531860352,28.40917205810547,0.4274436831474304,0.0,0.0,0.2059348225593567
2024-09-23 12:00:00,AL972024,34.0,2024-09-25 18:00:00,2 days 06:00:00,22.18,-86.98,981.1,66.3,46.97031784057617,243.7177276611328,232.5261383056641,180.4372711181641,199.93765258789065,118.20748138427734,108.57118225097656,83.50735473632812,96.1075439453125,33.10685348510742,29.967361450195312,23.37122917175293,27.37586975097656
2024-09-23 12:00:00,AL972024,34.0,2024-09-26 00:00:00,2 days 12:00:00,23.31,-86.92,966.1,85.4,43.68121719360352,215.4235992431641,208.77389526367188,146.23941040039062,169.19361877441406,109.8482894897461,102.59576416015624,79.3184814453125,93.3876495361328,57.878173828125,54.31178283691406,44.78522109985352,50.49388122558594
2024-09-23 12:00:00,AL972024,34.0,2024-09-26 06:00:00,2 days 18:00:00,24.57,-86.21,966.7,84.2,49.45709609985352,209.8535919189453,205.83824157714844,153.46412658691406,164.31455993652344,96.72520446777344,91.4037628173828,70.66573333740234,78.08600616455078,33.61084747314453,30.675405502319336,24.68377113342285,27.854114532470703
2024-09-23 12:00:00,AL972024,34.0,2024-09-26 12:00:00,3 days 00:00:00,26.57,-85.34,943.1,114.9,30.03337287902832,298.17291259765625,294.7247619628906,210.02783203125,238.76124572753903,152.3181610107422,142.27780151367188,111.60107421875,129.4082794189453,79.35675811767578,74.04454040527344,61.12448120117188,69.02423858642578
2024-09-23 12:00:00,AL972024,34.0,2024-09-26 18:00:00,3 days 06:00:00,29.18,-84.43,933.3,121.2,54.79883193969727,245.5318756103516,249.07492065429688,177.53561401367188,191.8454742431641,117.93592834472656,110.05355072021484,84.81019592285156,97.15803527832033,56.75917816162109,51.59089660644531,41.82802963256836,47.97524642944336
2024-09-23 12:00:00,AL972024,34.0,2024-09-27 00:00:00,3 days 12:00:00,31.82,-83.9,957.7,86.9,27.43772315979004,199.9868927001953,201.11671447753903,149.34097290039062,150.876708984375,90.92740631103516,89.68427276611328,73.2896728515625,77.08419036865234,47.43161392211914,44.41891860961914,36.34674072265625,39.99677658081055
2024-09-23 12:00:00,AL972024,34.0,2024-09-27 06:00:00,3 days 18:00:00,35.12,-84.0,982.5,45.8,83.13468933105469,21.964540481567383,30.441537857055664,9.45694637298584,0.0,2.4672670364379883,2.8774781227111816,0.0,0.0,0.9140018224716188,0.6236538290977478,0.2045997381210327,0.5112866759300232
2024-09-23 12:00:00,AL972024,34.0,2024-09-27 12:00:00,4 days 00:00:00,37.22,-85.44,988.6,39.3,53.16709518432617,46.07300567626953,52.07700729370117,30.741840362548828,26.83498954772949,9.868313789367676,11.544368743896484,7.573055744171143,6.536911487579346,0.2540932297706604,0.4380456209182739,0.4670709371566772,0.1226837709546089
2024-09-23 12:00:00,AL972024,34.0,2024-09-27 18:00:00,4 days 06:00:00,37.79,-87.35,988.2,33.5,118.53360748291016,61.04365539550781,50.96295547485352,29.88115501403809,42.080322265625,0.0,0.0,0.0,0.0,0.0,0.0033639164175838,0.1701453328132629,0.0688408613204956
2024-09-23 12:00:00,AL972024,34.0,2024-09-28 00:00:00,4 days 12:00:00,39.16,-89.39,995.9,23.4,64.60885620117188,0.0,0.0,0.0,0.0,0.0,0.0,0.265639990568161,0.0,0.0,0.2182323783636093,0.1195021569728851,0.0
2024-09-23 12:00:00,EP102024,34.0,2024-09-23 12:00:00,0 days 00:00:00,14.6,-98.4,992.0,60.0,37.03998651744491,74.07997303488982,55.55997977616736,55.55997977616736,55.55997977616736,37.03998651744491,0.0,0.0,0.0,,,,
2024-09-23 12:00:00,EP102024,34.0,2024-09-23 18:00:00,0 days 06:00:00,15.14,-98.44,980.2,75.5,21.73516273498535,84.40611267089844,73.39067077636719,50.6868782043457,66.26323699951172,33.85930252075195,27.28963661193848,20.16107177734375,28.46337890625,16.405519485473633,13.633365631103516,10.972290992736816,14.247444152832031
2024-09-23 12:00:00,EP102024,34.0,2024-09-24 00:00:00,0 days 12:00:00,15.96,-98.89,981.5,68.3,29.217912673950195,84.05668640136719,73.49385070800781,52.77352142333984,66.69310760498047,28.400001525878903,24.62029266357422,19.70115852355957,23.760128021240234,10.863073348999023,9.1082124710083,7.622827053070068,9.374216079711914
2024-09-23 12:00:00,EP102024,34.0,2024-09-24 06:00:00,0 days 18:00:00,16.02,-98.78,989.7,57.8,50.60782623291016,81.08098602294922,76.55785369873047,65.21817779541016,69.10355377197266,34.82434844970703,32.67314529418945,27.36869430541992,29.22081184387207,7.390494346618652,6.964582443237305,5.9829301834106445,6.39427661895752
2024-09-23 12:00:00,EP102024,34.0,2024-09-24 12:00:00,1 days 00:00:00,16.55,-99.43,993.1,52.5,48.08966445922852,63.47566604614258,58.34521865844727,41.8194694519043,50.54586791992188,19.361146926879883,16.673376083374023,12.82555103302002,14.95618724822998,1.0086678266525269,0.6036385297775269,0.5795038938522339,0.8181706666946411
2024-09-23 12:00:00,EP102024,34.0,2024-09-24 18:00:00,1 days 06:00:00,15.92,-100.17,998.1,37.7,54.32969665527344,5.012183666229248,5.075503826141357,2.9939582347869877,5.097745418548584,0.105105236172676,0.0,0.0,0.0289978049695491,0.0146113140508532,0.0,0.1273190379142761,0.0390440821647644
2024-09-23 12:00:00,EP102024,34.0,2024-09-25 00:00:00,1 days 12:00:00,16.03,-100.34,996.2,45.3,49.096492767333984,57.763458251953125,56.19137191772461,44.123802185058594,45.99235534667969,6.091475486755371,6.044422626495361,4.581709384918213,4.50257682800293,0.0113570531830191,0.0792509913444519,0.0884951427578926,0.0036454373039305
2024-09-23 12:00:00,EP102024,34.0,2024-09-25 06:00:00,1 days 18:00:00,16.12,-100.12,996.9,46.4,56.044471740722656,110.4743194580078,97.4077377319336,69.50856018066406,88.29303741455078,6.458471775054932,5.734855175018311,4.110596179962158,4.784795761108398,0.2585185766220093,0.3107268512248993,0.2958603799343109,0.1580508947372436
2024-09-23 12:00:00,EP102024,34.0,2024-09-25 12:00:00,2 days 00:00:00,15.76,-100.61,994.2,49.1,74.10523223876953,103.40612030029295,94.7792510986328,76.81076049804688,88.03983306884766,15.641411781311035,13.49673843383789,10.928214073181152,12.410073280334473,0.0,0.0,0.0,0.0
2024-09-23 12:00:00,EP102024,34.0,2024-09-25 18:00:00,2 days 06:00:00,15.76,-100.93,985.3,67.9,36.34157180786133,169.45716857910156,157.43690490722656,127.36474609375,145.69281005859375,86.65167999267578,79.11662292480469,64.11384582519531,74.33971405029297,37.33273315429688,34.094783782958984,28.040599822998047,31.70583724975586
2024-09-23 12:00:00,EP102024,34.0,2024-09-26 00:00:00,2 days 12:00:00,16.02,-100.64,985.2,65.0,47.91184997558594,119.8086929321289,118.28667449951172,88.08501434326172,100.91802978515624,55.41134262084961,50.006717681884766,35.87491226196289,44.22613143920898,6.1050286293029785,4.715230941772461,3.230104684829712,4.853967189788818
2024-09-23 12:00:00,EP102024,34.0,2024-09-26 06:00:00,2 days 18:00:00,16.51,-101.07,983.1,66.1,44.17873001098633,67.64334106445312,57.3028450012207,47.30329513549805,59.29415512084961,26.275779724121094,22.080759048461918,16.826894760131836,21.61380958557129,1.9046746492385864,1.033220648765564,1.0027744770050049,1.7297875881195068
2024-09-23 12:00:00,EP102024,34.0,2024-09-26 12:00:00,3 days 00:00:00,16.9,-101.76,985.0,64.0,37.38618469238281,140.04307556152344,134.5818634033203,112.49333190917967,121.60265350341795,58.97358703613281,53.84946441650391,40.94035720825195,47.63704681396485,1.853070378303528,0.9785915017127992,0.5440107583999634,1.3622384071350098
2024-09-23 12:00:00,EP102024,34.0,2024-09-26 18:00:00,3 days 06:00:00,16.89,-101.38,981.7,67.2,48.121337890625,107.15679168701172,103.64359283447266,87.65028381347656,92.69347381591795,48.33553314208984,44.78810501098633,35.64521026611328,40.36909484863281,8.313640594482422,7.092695713043213,6.075315952301025,7.27528715133667
2024-09-23 12:00:00,EP102024,34.0,2024-09-27 00:00:00,3 days 12:00:00,17.77,-102.06,983.3,63.6,31.851696014404297,52.71152877807617,56.46865081787109,43.70264053344727,42.41146087646485,22.199199676513672,21.41905975341797,16.310712814331055,17.939722061157227,6.460109233856201,5.892024517059326,5.3277363777160645,5.814570426940918
2024-09-23 12:00:00,EP102024,34.0,2024-09-27 06:00:00,3 days 18:00:00,18.84,-101.85,997.6,41.1,56.067867279052734,11.247692108154297,9.352912902832031,3.616267204284668,6.190242767333984,0.0,0.7333128452301025,0.5527598857879639,0.0,0.0,0.0949206948280334,0.206257939338684,0.0
2024-09-23 12:00:00,EP102024,34.0,2024-09-27 12:00:00,4 days 00:00:00,18.85,-102.87,1002.4,29.9,43.96596908569336,0.0,9.019159317016602,4.998196125030518,0.0,0.0,0.8522520661354065,0.6171834468841553,0.0,0.0,0.4042111337184906,0.2446766495704651,0.0
2024-09-23 12:00:00,EP102024,34.0,2024-09-27 18:00:00,4 days 06:00:00,19.16,-103.47,1004.0,26.5,83.45938873291016,0.8746549487113953,4.257883548736572,4.508337497711182,2.962890625,0.0,0.3783553838729858,1.6148784160614014,0.0,0.13235804438591,0.9366863369941713,0.8676062822341919,0.2152638882398605
2024-09-23 12:00:00,EP102024,34.0,2024-09-28 00:00:00,4 days 12:00:00,19.99,-103.71,1003.4,23.8,36.48720550537109,0.0,1.998000741004944,0.0,0.0,0.0,0.8376388549804688,0.0745484381914138,0.0,0.0086470413953065,0.7904471755027771,0.6822861433029175,0.0593612901866436
2024-09-23 12:00:00,AL972024,35.0,2024-09-23 12:00:00,0 days 00:00:00,17.2,-81.7,1004.0,30.0,185.1999325872245,,,,,,,,,,,,
2024-09-23 12:00:00,AL972024,35.0,2024-09-23 18:00:00,0 days 06:00:00,17.7,-82.19,1006.9,27.1,83.68217468261719,1.2614511251449585,2.201738119125366,0.0,1.764609456062317,0.0,0.0,0.0,0.0,0.0,0.0,0.0,0.0
2024-09-23 12:00:00,AL972024,35.0,2024-09-24 00:00:00,0 days 12:00:00,18.18,-81.74,1004.4,28.6,120.00186920166016,16.15993881225586,14.53643035888672,2.942981243133545,9.6009521484375,0.0379188023507595,0.0,0.0,0.0740922540426254,0.0704273134469986,0.0,0.0947526767849922,0.0
2024-09-23 12:00:00,AL972024,35.0,2024-09-24 06:00:00,0 days 18:00:00,18.31,-82.32,1000.9,41.6,93.9462661743164,76.46965026855469,67.1536636352539,42.65890121459961,58.80977249145508,3.2269482612609863,3.2545037269592285,2.03100323677063,1.9675078392028809,0.1599015146493911,0.0627061426639556,0.0633937790989875,0.061643972992897
2024-09-23 12:00:00,AL972024,35.0,2024-09-24 12:00:00,1 days 00:00:00,18.93,-83.64,1001.5,37.1,88.3204574584961,77.4614028930664,67.03414916992188,43.07111740112305,58.30976104736328,1.586983323097229,1.3929359912872314,0.7263892292976379,0.8150352239608765,0.0138175124302506,0.1334416270256042,0.1476324647665023,0.0356103964149951
2024-09-23 12:00:00,AL972024,35.0,2024-09-24 18:00:00,1 days 06:00:00,18.51,-84.14,998.6,44.6,147.74314880371094,156.14939880371094,141.76483154296875,91.97872924804688,117.13209533691406,0.0,0.0,0.0,0.0,0.0918403193354606,0.0,0.0691508501768112,0.0
2024-09-23 12:00:00,AL972024,35.0,2024-09-25 00:00:00,1 days 12:00:00,19.45,-85.06,996.6,46.0,122.81965637207033,125.8170394897461,108.14115142822266,62.83500671386719,89.07750701904297,0.5480704307556152,0.116940751671791,0.0,0.0,0.0122785866260528,0.1581340730190277,0.1920012980699539,0.0126742459833621
2024-09-23 12:00:00,AL972024,35.0,2024-09-25 06:00:00,1 days 18:00:00,20.22,-85.44,993.8,49.6,116.7009048461914,186.21896362304688,163.275146484375,112.2020492553711,142.12234497070312,2.672329902648926,1.195362210273743,0.0,1.1222329139709473,0.0286858268082141,0.1203357651829719,0.1089372038841247,0.1214135885238647
2024-09-23 12:00:00,AL972024,35.0,2024-09-25 12:00:00,2 days 00:00:00,21.17,-86.21,984.5,65.8,61.40689468383789,174.5808868408203,172.53695678710938,140.8292694091797,146.9228973388672,78.34382629394531,73.02919006347656,58.35504150390625,64.8007583618164,17.179889678955078,15.890283584594728,12.937358856201172,14.595551490783691
2024-09-23 12:00:00,AL972024,35.0,2024-09-25 18:00:00,2 days 06:00:00,22.18,-86.99,978.3,71.7,45.06607818603516,180.61708068847656,163.25601196289062,124.27597045898438,147.00221252441406,72.23908996582031,64.43168640136719,47.83153533935547,57.50286483764648,10.396170616149902,8.16440486907959,5.971304416656494,8.168519020080566
2024-09-23 12:00:00,AL972024,35.0,2024-09-26 00:00:00,2 days 12:00:00,22.84,-87.09,981.2,65.1,70.75979614257812,210.96435546875,199.5367126464844,154.1610565185547,172.2003173828125,94.49373626708984,87.07110595703125,67.99369049072266,76.51758575439453,28.69003295898437,26.037071228027344,20.869403839111328,23.77816390991211
2024-09-23 12:00:00,AL972024,35.0,2024-09-26 06:00:00,2 days 18:00:00,24.0,-86.71,977.4,71.2,40.73763275146485,187.79661560058597,181.81076049804688,137.24044799804688,147.43426513671875,88.96826934814453,83.34253692626953,64.78910064697266,72.9735336303711,33.131736755371094,30.305702209472656,24.38062858581543,27.64140892028809
2024-09-23 12:00:00,AL972024,35.0,2024-09-26 12:00:00,3 days 00:00:00,25.11,-86.28,972.9,76.2,38.877723693847656,195.4962615966797,202.5520782470703,149.86012268066406,151.07965087890625,94.75994873046876,91.0504150390625,68.38548278808594,75.61434173583984,26.56192970275879,24.61771011352539,19.475568771362305,21.91199493408203
2024-09-23 12:00:00,AL972024,35.0,2024-09-26 18:00:00,3 days 06:00:00,26.62,-85.51,955.4,101.0,41.94702911376953,236.2400054931641,235.35389709472656,166.22425842285156,181.92904663085935,114.82921600341795,108.84271240234376,83.70902252197266,94.8615493774414,55.41747283935547,51.44542694091797,41.60603713989258,47.1532096862793
2024-09-23 12:00:00,AL972024,35.0,2024-09-27 00:00:00,3 days 12:00:00,28.83,-84.41,943.7,110.5,24.53141975402832,250.84678649902344,257.57879638671875,191.3385772705078,203.3502349853516,125.22725677490234,119.61213684082033,92.98614501953124,105.1293716430664,52.12704849243164,48.7299919128418,40.26043319702149,45.19111251831055
2024-09-23 12:00:00,AL972024,35.0,2024-09-27 06:00:00,3 days 18:00:00,31.53,-83.49,964.6,71.0,73.61119079589844,220.89231872558597,225.1403350830078,179.29600524902344,174.7795867919922,94.15129089355467,91.83565521240234,70.64649200439453,75.20095825195312,15.198376655578612,13.778165817260742,10.728026390075684,12.333136558532717
2024-09-23 12:00:00,AL972024,35.0,2024-09-27 12:00:00,4 days 00:00:00,34.8,-84.77,979.7,48.8,93.57791900634766,45.47816467285156,50.4890022277832,29.6814022064209,19.87049674987793,12.479473114013672,13.486468315124512,6.272531032562256,8.0411376953125,0.8573561310768127,0.2644988596439361,0.0,0.4882416725158691
2024-09-23 12:00:00,AL972024,35.0,2024-09-27 18:00:00,4 days 06:00:00,36.61,-86.29,983.7,39.6,48.96296691894531,45.7183837890625,41.39607238769531,26.183582305908203,26.824914932250977,1.890580415725708,2.0273139476776123,0.4271208643913269,1.0162293910980225,0.5905295610427856,0.0690004676580429,0.0,0.4356060326099396
2024-09-23 12:00:00,AL972024,35.0,2024-09-28 00:00:00,4 days 12:00:00,36.94,-88.11,993.0,25.9,70.31279754638672,1.792721390724182,0.9148738384246826,0.0,0.0,0.0,0.2992934584617615,0.0,0.0,0.0,0.0,0.0,0.0
2024-09-23 12:00:00,AL972024,35.0,2024-09-28 06:00:00,4 days 18:00:00,36.25,-89.02,998.6,24.0,157.72401428222656,9.80138874053955,8.503785133361816,4.480352878570557,4.142603397369385,0.0,0.6506922841072083,0.1517339497804641,0.0,0.0,0.1389165222644806,0.0,0.0
2024-09-23 12:00:00,AL972024,35.0,2024-09-28 12:00:00,5 days 00:00:00,36.64,-88.07,1001.8,18.4,180.55015563964844,0.0,0.4721795916557312,4.274237155914307,0.0,0.0,0.0,0.2580738961696625,0.161846250295639,0.0,0.0,0.0,0.0239920672029256
2024-09-23 12:00:00,AL972024,35.0,2024-09-28 18:00:00,5 days 06:00:00,37.29,-87.11,1002.2,22.4,86.11487579345703,0.0,0.0,0.0,0.0,0.0,0.0,0.0,0.0,0.0,0.0,0.0,0.0
2024-09-23 12:00:00,EP102024,35.0,2024-09-23 12:00:00,0 days 00:00:00,14.6,-98.4,992.0,60.0,37.03998651744491,74.07997303488982,55.55997977616736,55.55997977616736,55.55997977616736,37.03998651744491,0.0,0.0,0.0,,,,
2024-09-23 12:00:00,EP102024,35.0,2024-09-23 18:00:00,0 days 06:00:00,15.2,-98.68,984.9,66.4,39.13991928100586,88.3010025024414,76.83744812011719,54.86689376831055,74.20549774169922,37.35139083862305,29.891565322875977,20.41551971435547,29.82787322998047,4.97260856628418,3.07645583152771,1.8409383296966555,4.062417030334473
2024-09-23 12:00:00,EP102024,35.0,2024-09-24 00:00:00,0 days 12:00:00,15.67,-98.61,983.0,70.3,35.46217346191406,92.98587036132812,79.1635971069336,54.07088851928711,74.32616424560547,39.24011993408203,33.409908294677734,25.95588111877441,32.66618728637695,16.37060546875,13.770874977111816,11.32761001586914,13.975595474243164
2024-09-23 12:00:00,EP102024,35.0,2024-09-24 06:00:00,0 days 18:00:00,15.95,-98.83,992.5,54.8,53.503456115722656,107.50445556640624,103.40877532958984,78.66055297851562,90.33625030517578,42.72053909301758,38.74153137207031,27.915775299072266,33.29942321777344,0.6054073572158813,0.2383583486080169,0.0,0.269024521112442
2024-09-23 12:00:00,EP102024,35.0,2024-09-24 12:00:00,1 days 00:00:00,16.18,-99.46,991.8,55.0,38.71300506591797,116.6156005859375,113.04857635498048,95.57364654541016,102.86243438720705,49.86931991577149,46.82979202270508,36.37337112426758,40.5753173828125,0.4544484615325928,0.5915448665618896,0.5433713793754578,0.4881237149238586
2024-09-23 12:00:00,EP102024,35.0,2024-09-24 18:00:00,1 days 06:00:00,16.44,-99.66,991.5,54.2,52.75667190551758,113.15200805664062,102.71968841552734,75.26051330566406,92.38232421875,15.855840682983398,13.3823881149292,9.21717357635498,12.418739318847656,0.1541848629713058,0.1288749873638153,0.1130533143877983,0.2850254476070404
2024-09-23 12:00:00,EP102024,35.0,2024-09-25 00:00:00,1 days 12:00:00,16.21,-100.21,1000.7,38.1,102.76644134521484,90.46058654785156,80.87814331054688,57.10506439208984,71.63627624511719,0.1033774241805076,0.0,0.0761496424674987,0.0,0.0,0.0603465288877487,0.034268632531166,0.0
2024-09-23 12:00:00,EP102024,35.0,2024-09-25 06:00:00,1 days 18:00:00,15.83,-100.3,992.9,53.2,69.14459228515625,114.13273620605467,104.11378479003906,81.78263092041016,96.04801940917967,8.828239440917969,7.247291088104248,5.729537487030029,6.76865816116333,0.3713771402835846,0.3039378225803375,0.4382679462432861,0.3361105024814605
2024-09-23 12:00:00,EP102024,35.0,2024-09-25 12:00:00,2 days 00:00:00,15.7,-100.38,989.6,55.1,63.15599060058594,102.2524871826172,104.6330337524414,93.72777557373048,96.0570297241211,40.41659164428711,38.35710906982422,32.488582611083984,33.89459609985352,3.3540902137756348,3.4264795780181885,3.161204099655152,3.1134464740753174
2024-09-23 12:00:00,EP102024,35.0,2024-09-25 18:00:00,2 days 06:00:00,15.84,-100.6,988.0,62.6,44.737892150878906,119.38417053222656,109.39293670654295,87.48042297363281,103.06104278564452,33.25033950805664,28.925086975097656,21.808931350708008,26.45552635192871,1.102243423461914,0.4723367989063263,0.18487548828125,0.7201515436172485
2024-09-23 12:00:00,EP102024,35.0,2024-09-26 00:00:00,2 days 12:00:00,16.12,-100.71,986.8,63.7,48.1875,141.08689880371094,130.43145751953125,104.11729431152344,121.33916473388672,66.54456329345703,61.53966522216797,50.005672454833984,56.58525466918945,26.986648559570312,24.458824157714844,20.31032371520996,22.923460006713867
2024-09-23 12:00:00,EP102024,35.0,2024-09-26 06:00:00,2 days 18:00:00,16.74,-100.74,983.0,68.1,33.98988723754883,107.8826141357422,101.30652618408205,84.2448501586914,91.8903350830078,51.06336975097656,47.35480499267578,39.15996170043945,43.64427185058594,19.3396110534668,17.608842849731445,14.784127235412598,16.61014175415039
2024-09-23 12:00:00,EP102024,35.0,2024-09-26 12:00:00,3 days 00:00:00,17.28,-100.76,991.4,53.1,32.93392562866211,71.37882232666016,70.20486450195312,55.282169342041016,57.5439567565918,26.469640731811523,24.740840911865234,17.991546630859375,20.48246383666992,0.522708535194397,0.4391611516475677,0.2673839330673218,0.2370103299617767
2024-09-23 12:00:00,EP102024,35.0,2024-09-26 18:00:00,3 days 06:00:00,17.49,-101.15,983.9,66.4,41.43131637573242,84.96546936035156,81.60667419433594,61.632442474365234,69.04528045654297,36.97713088989258,34.04383850097656,27.164047241210938,30.86817741394043,13.398383140563965,12.032328605651855,10.033555030822754,11.54707145690918
2024-09-23 12:00:00,EP102024,35.0,2024-09-27 00:00:00,3 days 12:00:00,17.66,-101.45,998.8,36.7,41.50049209594727,14.801250457763672,15.821249961853027,10.671441078186035,9.354639053344728,0.5949875116348267,1.7647531032562256,0.8084006309509277,0.0,0.0,0.2365642189979553,0.2131226062774658,0.0123434020206332
2024-09-23 12:00:00,EP102024,35.0,2024-09-27 06:00:00,3 days 18:00:00,17.77,-101.89,992.6,50.7,58.58818435668945,55.53709030151367,52.06276321411133,43.02340698242188,44.9903564453125,3.514389991760254,4.371819496154785,5.077495098114014,3.345507860183716,0.3558492362499237,0.741666316986084,1.088610053062439,0.5472943186759949
2024-09-23 12:00:00,EP102024,35.0,2024-09-27 12:00:00,4 days 00:00:00,17.48,-101.49,1003.6,32.5,92.83123016357422,48.19159698486328,45.8121223449707,35.54127502441406,37.55742645263672,0.0,0.7919788956642151,1.2346032857894895,0.0,0.0,0.0598944500088691,0.1944734454154968,0.0
2024-09-23 12:00:00,AL972024,36.0,2024-09-23 12:00:00,0 days 00:00:00,17.2,-81.7,1004.0,30.0,185.1999325872245,,,,,,,,,,,,
2024-09-23 12:00:00,AL972024,36.0,2024-09-23 18:00:00,0 days 06:00:00,17.58,-81.33,1005.1,29.1,74.84211730957031,4.227571964263916,3.83695125579834,0.0,1.4521163702011108,0.0,0.0,0.0,0.0,0.0,0.0014647799544036,0.0379640571773052,0.0
2024-09-23 12:00:00,AL972024,36.0,2024-09-24 00:00:00,0 days 12:00:00,18.17,-82.02,1003.6,28.3,75.72222137451172,3.669294834136963,2.919629573822021,0.0,0.9985016584396362,0.0,0.1048621460795402,0.0,0.0135174579918384,0.0462321937084198,0.0,0.0755438283085823,0.0
2024-09-23 12:00:00,AL972024,36.0,2024-09-24 06:00:00,0 days 18:00:00,18.93,-82.3,1002.4,39.0,152.6891632080078,163.6661834716797,145.98948669433594,98.81477355957033,124.3704833984375,0.0,0.0,0.0,0.0,0.0139166750013828,0.0236121322959661,0.0,0.0
2024-09-23 12:00:00,AL972024,36.0,2024-09-24 12:00:00,1 days 00:00:00,18.35,-83.65,1000.1,36.1,192.3271484375,250.73765563964844,229.84474182128903,162.31585693359375,194.0895538330078,0.0,0.0,0.0,0.0,0.0,0.0,0.0,0.0
2024-09-23 12:00:00,AL972024,36.0,2024-09-24 18:00:00,1 days 06:00:00,18.94,-84.38,997.5,42.9,103.02058410644533,238.8535003662109,208.3834228515625,154.046142578125,190.0626220703125,8.056351661682129,5.868534564971924,3.5138356685638428,5.56772518157959,0.2515202760696411,0.0758980587124824,0.0,0.0038334296550601
2024-09-23 12:00:00,AL972024,36.0,2024-09-25 00:00:00,1 days 12:00:00,19.46,-84.72,996.8,46.5,137.90228271484375,220.23611450195312,194.53013610839844,128.325439453125,162.3164825439453,0.0,0.0,0.0,0.0,0.0,0.0,0.0837518125772476,0.0
2024-09-23 12:00:00,AL972024,36.0,2024-09-25 06:00:00,1 days 18:00:00,20.41,-85.35,989.2,56.1,106.5693130493164,271.1833190917969,239.4331512451172,173.7054901123047,216.5519561767578,45.83856201171875,38.50966262817383,26.070465087890625,34.4256591796875,0.690557599067688,0.1531791985034942,0.0,0.2137823700904846
2024-09-23 12:00:00,AL972024,36.0,2024-09-25 12:00:00,2 days 00:00:00,21.51,-86.1,976.9,73.6,44.18742752075195,220.51315307617188,193.47134399414065,135.4835968017578,174.0250244140625,109.62532043457033,97.01708984375,73.38447570800781,90.8952407836914,49.77141571044922,45.40450286865234,36.41473388671875,42.476173400878906
2024-09-23 12:00:00,AL972024,36.0,2024-09-25 18:00:00,2 days 06:00:00,22.23,-86.66,973.4,80.4,52.75958633422852,220.36672973632807,195.97195434570312,138.6112518310547,174.15255737304688,107.61614990234376,95.08052825927734,72.02100372314453,88.48255157470703,47.23458862304688,42.04777908325195,33.177982330322266,39.42595291137695
2024-09-23 12:00:00,AL972024,36.0,2024-09-26 00:00:00,2 days 12:00:00,23.18,-86.63,961.1,90.3,28.91683387756348,301.8213806152344,284.34698486328125,216.82179260253903,244.63870239257807,153.31320190429688,143.65582275390625,116.0553207397461,131.12710571289062,78.43631744384766,73.64836883544922,61.05059051513672,67.90572357177734
2024-09-23 12:00:00,AL972024,36.0,2024-09-26 06:00:00,2 days 18:00:00,24.41,-86.39,937.5,122.3,23.40596580505371,219.27230834960935,213.0915069580078,159.9512481689453,181.4917449951172,109.92616271972656,99.6443099975586,77.2967758178711,92.52833557128906,50.84845352172852,46.45345687866211,38.49157333374024,44.73966979980469
2024-09-23 12:00:00,AL972024,36.0,2024-09-26 12:00:00,3 days 00:00:00,25.98,-86.09,938.1,117.8,34.98636245727539,330.2685852050781,313.93292236328125,224.85194396972656,264.9673767089844,172.80430603027344,160.299072265625,126.87953186035156,147.9594268798828,94.2494125366211,88.04993438720703,73.25257873535156,82.33589172363281
2024-09-23 12:00:00,AL972024,36.0,2024-09-26 18:00:00,3 days 06:00:00,28.02,-85.25,926.7,129.5,44.49336624145508,320.4186096191406,311.3677062988281,221.47415161132807,255.1085662841797,163.18170166015625,153.9912567138672,122.46595001220705,140.52835083007812,97.29208374023438,91.42101287841795,75.64069366455078,84.67501831054688
2024-09-23 12:00:00,AL972024,36.0,2024-09-27 00:00:00,3 days 12:00:00,30.68,-84.23,943.2,103.5,20.793588638305664,291.8949279785156,282.8066101074219,219.5347900390625,230.4803924560547,146.8935546875,143.83071899414062,119.48941802978516,129.0472869873047,78.8776626586914,75.570556640625,64.06478118896484,69.31746673583984
2024-09-23 12:00:00,AL972024,36.0,2024-09-27 06:00:00,3 days 18:00:00,33.5,-84.72,974.3,56.2,73.71015930175781,108.16859436035156,116.888671875,85.10604858398438,74.71212005615234,22.000673294067383,22.935060501098636,15.883404731750488,15.525874137878418,0.7964003086090088,0.6235759258270264,0.5170769095420837,0.5089159607887268
2024-09-23 12:00:00,AL972024,36.0,2024-09-27 12:00:00,4 days 00:00:00,35.21,-85.27,985.9,41.3,51.71390914916992,16.652448654174805,21.37857818603516,7.388521671295166,2.572272062301636,0.5833154916763306,1.5063904523849487,0.0,0.0,0.4655801355838775,0.1169206723570823,0.1953431963920593,0.3372897505760193
2024-09-23 12:00:00,AL972024,36.0,2024-09-27 18:00:00,4 days 06:00:00,36.29,-86.24,991.7,31.1,103.75043487548828,55.61860656738281,47.81657791137695,27.762943267822266,38.180206298828125,0.0,0.0,0.0,0.0,0.0214590709656476,0.0,0.0360160954296588,0.0
2024-09-23 12:00:00,AL972024,36.0,2024-09-28 00:00:00,4 days 12:00:00,37.31,-87.11,994.5,28.8,64.08247375488281,3.183936834335327,2.420701265335083,0.1517120599746704,0.0,0.0,0.0913238376379013,0.0246246308088302,0.0,0.0,0.0128716891631484,0.0498593635857105,0.0
2024-09-23 12:00:00,AL972024,36.0,2024-09-28 06:00:00,4 days 18:00:00,36.34,-88.23,995.6,26.5,64.18199920654297,2.2624917030334477,2.379699468612671,0.0,0.0,0.0,0.785575807094574,0.9248060584068298,0.0,0.0440167821943759,0.388982743024826,0.3380767405033111,0.0709652304649353
2024-09-23 12:00:00,AL972024,36.0,2024-09-28 12:00:00,5 days 00:00:00,36.03,-88.3,998.2,23.6,76.91730499267578,0.0,0.0,2.1853957176208496,0.0,0.0,0.0,0.0181929394602775,0.0,0.0,0.0,0.0,0.0
2024-09-23 12:00:00,AL972024,36.0,2024-09-28 18:00:00,5 days 06:00:00,35.6,-87.45,1005.2,19.2,66.29305267333984,0.0,0.0,2.058592796325684,0.0,0.0,0.0,0.1608943343162536,0.0,0.0,0.0,0.0,0.0
2024-09-23 12:00:00,AL972024,36.0,2024-09-29 00:00:00,5 days 12:00:00,36.0,-85.84,1004.9,20.3,59.28599166870117,1.3670865297317505,0.3716787099838257,3.3385097980499268,7.124114990234375,0.0,0.0,0.6200783848762512,0.0,0.0775845497846603,0.1845631599426269,0.4696766138076782,0.3283291459083557
2024-09-23 12:00:00,EP102024,36.0,2024-09-23 12:00:00,0 days 00:00:00,14.6,-98.4,992.0,60.0,37.03998651744491,74.07997303488982,55.55997977616736,55.55997977616736,55.55997977616736,37.03998651744491,0.0,0.0,0.0,,,,
2024-09-23 12:00:00,EP102024,36.0,2024-09-23 18:00:00,0 days 06:00:00,14.97,-98.45,988.0,61.9,29.591812133789062,96.76805114746094,88.9207992553711,70.91960144042969,81.04960632324219,41.13385009765625,35.44037628173828,26.58291244506836,33.38671875,6.930127143859863,5.180892467498779,3.932623863220215,5.691692352294922
2024-09-23 12:00:00,EP102024,36.0,2024-09-24 00:00:00,0 days 12:00:00,15.75,-98.53,982.9,69.3,22.47223854064941,81.04934692382812,75.26258850097656,55.4414176940918,66.96524047851562,33.63068771362305,28.803667068481445,20.05855178833008,26.539793014526367,3.1473233699798584,1.952813744544983,1.3081058263778689,2.7077419757843018
2024-09-23 12:00:00,EP102024,36.0,2024-09-24 06:00:00,0 days 18:00:00,16.35,-99.0,969.8,83.9,33.795284271240234,105.04907989501952,98.81028747558594,86.29002380371094,91.68142700195312,53.78228378295898,51.44895935058594,46.8557014465332,48.64897155761719,30.365463256835938,28.09141731262207,24.817567825317383,27.094385147094727
2024-09-23 12:00:00,EP102024,36.0,2024-09-24 12:00:00,1 days 00:00:00,16.87,-99.33,972.2,79.0,43.38996505737305,119.0994873046875,112.5032730102539,93.6180191040039,100.75379943847656,56.76237487792969,51.313018798828125,41.99809265136719,47.53828048706055,13.560691833496094,11.69257640838623,10.596571922302246,12.565567016601562
2024-09-23 12:00:00,EP102024,36.0,2024-09-24 18:00:00,1 days 06:00:00,16.83,-99.82,1000.4,39.9,47.98956298828125,93.03925323486328,81.74256134033203,60.24724197387695,75.1630630493164,3.9429094791412354,3.398975610733032,1.437086820602417,2.1629154682159424,0.1246540546417236,0.2916935682296753,0.0149174900725483,0.0262186080217361
2024-09-23 12:00:00,EP102024,36.0,2024-09-25 00:00:00,1 days 12:00:00,16.68,-100.36,1001.1,33.4,85.20567321777344,29.87801551818848,28.350181579589844,17.081796646118164,22.52627944946289,0.0,0.2270071059465408,0.4879239201545715,0.0,0.0098204379901289,0.3370724022388458,0.3161386251449585,0.1380830407142639
2024-09-23 12:00:00,EP102024,36.0,2024-09-25 06:00:00,1 days 18:00:00,15.94,-100.26,999.0,37.9,89.3528823852539,31.69925308227539,31.663759231567383,23.24687957763672,25.07973861694336,0.0764302909374237,0.076762281358242,0.0,0.0,0.1538683921098709,0.0661468282341957,0.0556341893970966,0.0
2024-09-23 12:00:00,EP102024,36.0,2024-09-25 12:00:00,2 days 00:00:00,15.82,-100.92,993.5,52.2,49.60608673095703,120.55339813232422,111.02350616455078,96.23700714111328,107.84603118896484,38.97229766845703,36.70291519165039,29.59231376647949,32.266639709472656,0.5943573117256165,0.5778183341026306,0.6186735033988953,0.4357391893863678
2024-09-23 12:00:00,EP102024,36.0,2024-09-25 18:00:00,2 days 06:00:00,15.81,-100.21,990.5,60.2,62.31420135498047,164.97396850585938,156.9097137451172,131.01364135742188,144.8444061279297,62.69113540649414,57.057350158691406,43.98281478881836,50.55574798583984,2.835132837295532,2.323568820953369,1.6372087001800537,2.126806735992432
2024-09-23 12:00:00,EP102024,36.0,2024-09-26 00:00:00,2 days 12:00:00,15.89,-100.69,984.8,65.0,35.428253173828125,156.1741485595703,147.86683654785156,127.47946166992188,137.86209106445312,78.09912109375,74.44576263427734,61.90748596191406,67.38517761230469,31.46085357666016,29.240280151367188,24.45034408569336,27.006502151489254
2024-09-23 12:00:00,EP102024,36.0,2024-09-26 06:00:00,2 days 18:00:00,16.06,-100.83,982.3,70.1,46.359222412109375,101.18937683105467,100.57435607910156,91.31043243408205,96.13111114501952,45.9468002319336,39.918453216552734,31.42683219909668,37.490943908691406,1.2306232452392578,0.5589172840118408,0.3945596814155578,1.3303656578063965
2024-09-23 12:00:00,EP102024,36.0,2024-09-26 12:00:00,3 days 00:00:00,16.73,-101.2,983.2,64.0,45.05775833129883,159.51268005371094,155.21376037597656,130.2448272705078,136.59640502929688,58.898963928222656,53.79767990112305,40.384708404541016,46.685245513916016,0.3467001020908355,0.0,0.0,0.2095042914152145
2024-09-23 12:00:00,EP102024,36.0,2024-09-26 18:00:00,3 days 06:00:00,16.93,-101.34,961.3,94.3,42.7695541381836,119.72663116455078,128.2427520751953,112.88504028320312,108.68477630615234,63.58985900878906,62.07829284667969,55.46072006225586,57.92504501342773,38.54411315917969,36.54334259033203,31.86993789672852,34.32698059082031
2024-09-23 12:00:00,EP102024,36.0,2024-09-27 00:00:00,3 days 12:00:00,17.05,-101.58,973.7,80.4,41.18629837036133,155.9635772705078,163.385986328125,143.013916015625,146.53961181640625,84.98985290527344,80.71597290039062,67.82819366455078,73.85676574707031,35.26374435424805,33.75791549682617,28.634225845336918,31.41500663757324
2024-09-23 12:00:00,EP102024,36.0,2024-09-27 06:00:00,3 days 18:00:00,17.73,-101.64,987.7,55.1,51.068321228027344,68.2018051147461,63.28511428833008,55.21082305908203,57.72580337524414,17.99556541442871,18.217988967895508,15.705095291137695,15.490456581115724,0.6323961615562439,0.5453890562057495,0.9096466302871704,0.6986680626869202
2024-09-23 12:00:00,EP102024,36.0,2024-09-27 12:00:00,4 days 00:00:00,18.4,-101.5,997.2,37.3,42.45536804199219,4.769365310668945,8.295762062072754,5.63833475112915,2.657017946243286,0.0,1.0081623792648315,0.4407433569431305,0.0,0.0,0.0777098089456558,0.159247025847435,0.0
2024-09-23 12:00:00,AL972024,37.0,2024-09-23 12:00:00,0 days 00:00:00,17.2,-81.7,1004.0,30.0,185.1999325872245,,,,,,,,,,,,
2024-09-23 12:00:00,AL972024,37.0,2024-09-23 18:00:00,0 days 06:00:00,17.84,-81.6,1004.0,28.5,85.92581176757812,0.9486069679260254,1.0588239431381226,0.0,0.0,0.197616308927536,0.2826988101005554,0.1667567938566208,0.0221152920275926,0.0,0.040088053792715,0.0443098507821559,0.0
2024-09-23 12:00:00,AL972024,37.0,2024-09-24 00:00:00,0 days 12:00:00,17.89,-81.79,1002.9,33.4,115.18537139892578,22.21616744995117,20.28169822692871,6.866795539855957,13.665275573730469,0.0,0.2129917740821838,0.0,0.0,0.0623099021613597,0.0,0.1219935417175293,0.0020749005489051
2024-09-23 12:00:00,AL972024,37.0,2024-09-24 06:00:00,0 days 18:00:00,18.15,-82.45,1002.2,34.9,125.09520721435548,18.69919204711914,12.92264461517334,1.8394008874893188,9.997784614562988,0.268895149230957,0.3437599539756775,0.0181390941143035,0.0997600927948951,6.105477223172784e-05,0.0076637067832052,0.025649880990386,0.0
2024-09-23 12:00:00,AL972024,37.0,2024-09-24 12:00:00,1 days 00:00:00,18.37,-83.3,1001.5,35.8,83.12376403808594,22.285120010375977,19.919586181640625,6.495515823364258,12.18824863433838,0.6672210693359375,1.0192242860794067,0.1024687066674232,0.0580409467220306,0.0297781117260456,0.0,0.0,0.0
2024-09-23 12:00:00,AL972024,37.0,2024-09-24 18:00:00,1 days 06:00:00,18.69,-83.91,999.7,41.9,114.0224838256836,73.00397491455078,60.30140686035156,33.21233367919922,49.600345611572266,0.1797672063112259,0.0,0.0,0.0,0.0,0.02316864579916,0.0116267660632729,0.0
2024-09-23 12:00:00,AL972024,37.0,2024-09-25 00:00:00,1 days 12:00:00,18.8,-84.39,998.3,47.1,132.31491088867188,210.3834991455078,179.0474853515625,120.36287689208984,161.15415954589844,1.503818392753601,0.0,0.0,0.4956631660461426,0.0196812357753515,0.0,0.0,0.0572035498917102
2024-09-23 12:00:00,AL972024,37.0,2024-09-25 06:00:00,1 days 18:00:00,19.54,-85.21,992.4,55.9,54.95855712890625,228.0856170654297,201.23033142089844,143.4373016357422,181.4823303222656,80.7633056640625,72.24093627929688,51.980690002441406,63.64103698730469,1.12377667427063,0.0092441253364086,0.0,0.3567478060722351
2024-09-23 12:00:00,AL972024,37.0,2024-09-25 12:00:00,2 days 00:00:00,20.42,-85.44,989.6,60.6,70.90675354003906,192.3204803466797,173.61370849609375,123.36959838867188,150.56484985351562,77.82274627685547,68.57868957519531,48.35367965698242,60.25384521484375,7.6744704246521,5.897990703582764,3.819087266921997,5.78770637512207
2024-09-23 12:00:00,AL972024,37.0,2024-09-25 18:00:00,2 days 06:00:00,21.54,-85.64,978.2,74.0,41.932254791259766,191.198974609375,169.51022338867188,110.83761596679688,143.12388610839844,81.64202117919922,69.45598602294922,46.71488571166992,62.624637603759766,15.446046829223633,11.786640167236328,7.861182689666748,11.737773895263672
2024-09-23 12:00:00,AL972024,37.0,2024-09-26 00:00:00,2 days 12:00:00,22.78,-86.12,971.7,80.2,44.84622573852539,202.70358276367188,182.33580017089844,118.45382690429688,153.1024169921875,95.75714874267578,84.01274871826172,61.29328536987305,76.97083282470703,43.235477447509766,38.40890884399414,30.05757522583008,36.08504486083984
2024-09-23 12:00:00,AL972024,37.0,2024-09-26 06:00:00,2 days 18:00:00,24.22,-86.41,963.9,90.9,38.24055480957031,183.0557098388672,165.67605590820312,115.39761352539062,140.57705688476562,81.248291015625,72.78472137451172,56.07900619506836,66.52568817138672,32.65791702270508,28.892133712768555,23.400615692138672,27.35611343383789
2024-09-23 12:00:00,AL972024,37.0,2024-09-26 12:00:00,3 days 00:00:00,25.16,-86.07,947.8,106.8,46.93813705444336,286.1400451660156,280.44091796875,212.4820556640625,231.7707672119141,148.40756225585938,141.82774353027344,116.13551330566406,127.28874969482422,77.03020477294922,72.6092758178711,60.55103302001953,66.78785705566406
2024-09-23 12:00:00,AL972024,37.0,2024-09-26 18:00:00,3 days 06:00:00,26.98,-85.34,950.3,105.0,38.00536346435547,194.2705993652344,197.7020721435547,138.6157989501953,152.9671173095703,94.0921630859375,89.41146850585938,70.96634674072266,80.35289764404297,53.26534652709961,50.47884750366211,42.36557388305664,46.979454040527344
2024-09-23 12:00:00,AL972024,37.0,2024-09-27 00:00:00,3 days 12:00:00,29.39,-84.36,951.2,97.6,54.67511749267578,226.6827545166016,221.01795959472656,147.46070861816406,168.66111755371094,106.0678253173828,99.1140365600586,76.32243347167969,87.9915771484375,58.06310272216797,53.63996124267578,43.50020217895508,49.15781784057617
2024-09-23 12:00:00,AL972024,37.0,2024-09-27 06:00:00,3 days 18:00:00,32.25,-84.23,977.6,58.5,37.09400177001953,157.1553955078125,157.58157348632812,123.97113037109376,117.859130859375,66.76338195800781,64.44912719726562,47.47031784057617,52.02266311645508,4.118241310119629,3.1771883964538574,1.8196266889572144,2.697765350341797
2024-09-23 12:00:00,AL972024,37.0,2024-09-27 12:00:00,4 days 00:00:00,35.06,-86.14,984.0,40.7,134.41513061523438,119.98707580566406,119.01925659179688,93.27546691894533,86.0368423461914,11.011713981628418,13.006402969360352,9.307984352111816,8.584101676940918,0.2511874735355377,0.064296543598175,0.2700591683387756,0.1933196038007736
2024-09-23 12:00:00,AL972024,37.0,2024-09-27 18:00:00,4 days 06:00:00,36.12,-88.47,986.6,34.3,166.559814453125,21.83746910095215,21.658435821533203,10.281293869018556,8.979878425598145,0.4756269156932831,1.3992308378219604,0.0,0.5189880132675171,0.4316169619560241,0.3370604813098907,0.0286851655691862,0.3274161517620086
2024-09-23 12:00:00,AL972024,37.0,2024-09-28 00:00:00,4 days 12:00:00,36.32,-88.79,989.0,27.3,137.76890563964844,2.954268217086792,6.351963996887207,1.3492919206619265,0.0,0.0,0.5083544254302979,0.4180312156677246,0.0,0.0,0.1748607754707336,0.0,0.0
2024-09-23 12:00:00,AL972024,37.0,2024-09-28 06:00:00,4 days 18:00:00,37.09,-88.86,994.6,23.1,173.18003845214844,3.522658348083496,8.660561561584473,10.436120986938477,5.676753997802734,0.0,0.0052365991286933,0.6718788146972656,0.0,0.0,0.1030340269207954,0.0,0.0
2024-09-23 12:00:00,AL972024,37.0,2024-09-28 12:00:00,5 days 00:00:00,38.09,-89.45,996.7,22.9,136.13906860351562,0.3797034323215484,0.0,0.0,0.4073812067508697,0.0,0.3571211397647857,0.1559765040874481,0.0,0.0,0.0,0.0,0.0
2024-09-23 12:00:00,AL972024,37.0,2024-09-28 18:00:00,5 days 06:00:00,39.01,-89.86,1000.4,19.4,168.7583465576172,2.7530245780944824,1.0887724161148071,0.0,2.439336061477661,0.0,0.0,0.0,0.0,0.0,0.0,0.0,0.0368433818221092
2024-09-23 12:00:00,AL972024,37.0,2024-09-29 00:00:00,5 days 12:00:00,39.2,-90.2,1000.5,21.2,65.03501892089844,0.0,0.0,2.1112775802612305,0.0,0.0,0.2444258034229278,0.5485129952430725,0.0,0.1008517518639564,0.0452260300517082,0.128849908709526,0.0977704599499702
2024-09-23 12:00:00,AL972024,37.0,2024-09-29 06:00:00,5 days 18:00:00,39.33,-91.97,1004.3,20.7,166.87759399414062,3.786119699478149,0.0,0.978338897228241,4.888741970062256,0.2674941718578338,0.2380095273256302,0.0,0.1263605952262878,0.0568217001855373,0.0281658843159675,0.0302847120910882,0.0409509390592575
2024-09-23 12:00:00,AL972024,37.0,2024-09-29 12:00:00,6 days 00:00:00,39.29,-91.14,1002.4,21.4,76.42310333251953,0.0,1.0166746377944946,4.664352893829346,0.0,0.0,7.417286542477086e-05,0.0538012385368347,0.0,0.0,0.0,0.0,0.0
2024-09-23 12:00:00,EP102024,37.0,2024-09-23 12:00:00,0 days 00:00:00,14.6,-98.4,992.0,60.0,37.03998651744491,74.07997303488982,55.55997977616736,55.55997977616736,55.55997977616736,37.03998651744491,0.0,0.0,0.0,,,,
2024-09-23 12:00:00,EP102024,37.0,2024-09-23 18:00:00,0 days 06:00:00,15.22,-98.56,992.0,56.0,32.605159759521484,87.53247833251953,80.03929901123047,57.027793884277344,71.93070220947266,19.83488273620605,16.045461654663086,10.63476276397705,14.98882293701172,0.6662663221359253,0.3513468205928802,0.0242473818361759,0.5726137757301331
2024-09-23 12:00:00,EP102024,37.0,2024-09-24 00:00:00,0 days 12:00:00,16.23,-98.42,989.6,58.5,32.891109466552734,62.81012344360352,57.89237594604492,42.32052993774414,49.5582275390625,25.30562973022461,22.36297607421875,17.4536075592041,20.105430603027344,5.499676704406738,4.389205932617188,3.773488521575928,4.691355705261231
2024-09-23 12:00:00,EP102024,37.0,2024-09-24 06:00:00,0 days 18:00:00,16.55,-99.12,990.7,57.3,45.525672912597656,68.6541976928711,62.92815780639648,49.17032241821289,57.01639175415039,19.46089744567871,17.795923233032227,14.92851734161377,15.74652862548828,0.6970189809799194,0.526817262172699,0.9580777883529664,0.743907630443573
2024-09-23 12:00:00,EP102024,37.0,2024-09-24 12:00:00,1 days 00:00:00,16.42,-99.42,999.3,41.1,57.66389846801758,33.247806549072266,34.194000244140625,20.305044174194336,23.70966148376465,2.998018741607666,3.471933364868164,1.85524582862854,1.6484047174453735,0.0,0.1378248333930969,0.1423762142658233,0.0
2024-09-23 12:00:00,EP102024,37.0,2024-09-24 18:00:00,1 days 06:00:00,16.96,-100.47,1001.1,37.9,93.76202392578124,57.10887145996094,50.977821350097656,32.29430389404297,41.78141021728516,0.3402346670627594,0.4185707569122314,0.3299197554588318,0.2399198561906814,0.1829541772603988,0.5139395594596863,0.3867848813533783,0.0620769746601581
2024-09-23 12:00:00,EP102024,37.0,2024-09-25 00:00:00,1 days 12:00:00,15.78,-100.66,1001.8,35.5,134.2305450439453,114.90875244140624,106.09041595458984,79.91818237304688,92.5184097290039,0.0,0.0,0.0,0.0,0.2047253251075744,0.2461264580488205,0.0584359094500541,0.066506415605545
2024-09-23 12:00:00,EP102024,37.0,2024-09-25 06:00:00,1 days 18:00:00,15.88,-101.9,1000.4,39.2,77.61811065673828,110.50172424316406,100.34431457519533,78.60453796386719,90.32369995117188,0.1468115001916885,0.0242915004491806,0.007929547689855,0.0,0.2124074548482895,0.2618434727191925,0.1063797026872634,0.0150673864409327
2024-09-23 12:00:00,EP102024,37.0,2024-09-25 12:00:00,2 days 00:00:00,15.68,-101.47,1000.0,39.1,90.508544921875,48.52921676635742,44.995513916015625,31.37188720703125,38.36492538452149,0.7256297469139099,0.6618816256523132,0.6396578550338745,0.4757247269153595,0.0658544600009918,0.2535200119018554,0.2055844813585281,0.0490790717303752
2024-09-23 12:00:00,EP102024,37.0,2024-09-25 18:00:00,2 days 06:00:00,15.76,-101.48,996.0,47.9,93.16438293457033,93.94074249267578,85.55403137207031,61.893802642822266,73.0927734375,2.002634286880493,1.457387924194336,0.2707582712173462,0.8847498297691345,0.0477170310914516,0.0854421705007553,0.0,0.0
2024-09-23 12:00:00,EP102024,37.0,2024-09-26 00:00:00,2 days 12:00:00,15.91,-101.05,990.1,57.8,48.55181121826172,128.22811889648438,120.58570861816406,92.46820068359376,104.44721221923828,46.00986099243164,41.45376205444336,30.5581111907959,35.84340286254883,2.030989408493042,1.4747788906097412,0.8695094585418701,1.3262397050857544
2024-09-23 12:00:00,EP102024,37.0,2024-09-26 06:00:00,2 days 18:00:00,16.0,-100.95,977.0,77.3,34.074188232421875,115.1750946044922,110.7402572631836,96.47042083740234,103.97264862060548,50.52539825439453,47.78662109375,41.13657379150391,44.26948165893555,19.18770408630371,17.50149917602539,15.163853645324709,16.8389835357666
2024-09-23 12:00:00,EP102024,37.0,2024-09-26 12:00:00,3 days 00:00:00,16.7,-101.41,973.1,80.3,42.835357666015625,153.2967071533203,146.4632110595703,123.26294708251952,130.53675842285156,80.64000701904297,76.4250259399414,65.2563705444336,70.63566589355469,43.5633544921875,40.4033088684082,34.320552825927734,37.75590133666992
2024-09-23 12:00:00,EP102024,37.0,2024-09-26 18:00:00,3 days 06:00:00,17.49,-101.65,972.9,80.5,28.104623794555664,122.38849639892578,113.44074249267578,93.07128143310548,99.6670379638672,58.457984924316406,54.44757843017578,45.863712310791016,51.30101013183594,32.602752685546875,30.01497840881348,25.34140396118164,28.274879455566406
2024-09-23 12:00:00,EP102024,37.0,2024-09-27 00:00:00,3 days 12:00:00,17.78,-101.8,986.7,58.6,40.23918914794922,88.95781707763672,84.44087219238281,67.19584655761719,75.4269790649414,33.6292724609375,31.57941436767578,25.30141258239746,27.414552688598636,3.838714122772217,3.1820333003997803,2.9888246059417725,3.3712193965911865
2024-09-23 12:00:00,EP102024,37.0,2024-09-27 06:00:00,3 days 18:00:00,18.0,-102.36,993.7,51.4,33.31367874145508,59.08874130249024,56.7283821105957,50.9202995300293,52.2644157409668,15.989126205444336,16.640262603759766,15.163469314575195,13.638912200927734,0.29337939620018,0.7872340083122253,1.137852907180786,0.6405531167984009
2024-09-23 12:00:00,EP102024,37.0,2024-09-27 12:00:00,4 days 00:00:00,18.39,-102.41,1001.1,30.8,79.89947509765625,13.1597900390625,14.59108829498291,11.405844688415527,9.734665870666504,0.2988255321979522,1.2491064071655271,1.3817609548568726,0.4358205795288086,0.0,0.2923260033130646,0.3842038512229919,0.1328367739915847
2024-09-23 12:00:00,EP102024,37.0,2024-09-27 18:00:00,4 days 06:00:00,18.95,-103.02,1005.8,24.3,104.57929229736328,4.034413814544678,8.121841430664062,6.307458877563477,3.5621354579925537,0.0,0.401440680027008,0.9180418848991394,0.0,0.1386401951313018,1.0251336097717283,0.8582655787467957,0.2441135197877884
2024-09-23 12:00:00,AL972024,38.0,2024-09-23 12:00:00,0 days 00:00:00,17.2,-81.7,1004.0,30.0,185.1999325872245,,,,,,,,,,,,
2024-09-23 12:00:00,AL972024,38.0,2024-09-23 18:00:00,0 days 06:00:00,17.38,-81.9,1002.4,30.5,80.9256591796875,10.324711799621582,9.000164031982422,1.655378341674805,4.998709201812744,0.0,0.0,0.0,0.0,0.0,0.0,0.0,0.0
2024-09-23 12:00:00,AL972024,38.0,2024-09-24 00:00:00,0 days 12:00:00,18.05,-82.26,1004.8,32.3,160.81967163085938,5.25894832611084,3.358106851577759,0.0,0.0589052625000476,0.0426776744425296,0.3424900472164154,0.0752128437161445,0.0305117685347795,0.0,0.0461042486131191,0.0504454635083675,0.0
2024-09-23 12:00:00,AL972024,38.0,2024-09-24 06:00:00,0 days 18:00:00,18.01,-82.34,1000.0,39.2,76.62838745117188,107.42422485351562,96.1776351928711,69.02771759033203,83.73724365234375,0.2385406494140625,0.0,0.0,0.0,0.1359912604093551,0.085009828209877,0.0304721761494874,0.0156975388526916
2024-09-23 12:00:00,AL972024,38.0,2024-09-24 12:00:00,1 days 00:00:00,18.87,-83.87,1002.5,33.4,143.88365173339844,4.673786163330078,2.063891649246216,0.0,0.0,0.0,0.0216991957277059,0.1895713359117508,0.0,0.0049628489650785,0.0,0.0,0.0
2024-09-23 12:00:00,AL972024,38.0,2024-09-24 18:00:00,1 days 06:00:00,19.19,-84.17,999.5,38.8,79.25865936279297,51.85991287231445,45.24106597900391,24.4429931640625,35.135379791259766,0.1656363606452942,0.0,0.0,0.0,0.1014649644494056,0.0213668178766965,0.0,0.0
2024-09-23 12:00:00,AL972024,38.0,2024-09-25 00:00:00,1 days 12:00:00,19.69,-84.87,993.2,48.5,76.97958374023438,96.48895263671876,87.93419647216797,61.01050567626953,72.96831512451172,0.408896803855896,0.0,0.0,0.0,0.1662911772727966,0.0877040326595306,0.0326648280024528,0.1843588501214981
2024-09-23 12:00:00,AL972024,38.0,2024-09-25 06:00:00,1 days 18:00:00,20.19,-85.2,988.8,58.8,42.26848602294922,98.46672821044922,91.28921508789062,54.3213005065918,75.46359252929688,10.596296310424805,8.353232383728027,1.6497817039489746,5.297802448272705,0.0,0.0,0.0,0.0
2024-09-23 12:00:00,AL972024,38.0,2024-09-25 12:00:00,2 days 00:00:00,21.62,-86.0,981.3,69.4,61.55338287353516,223.5598907470703,198.6002197265625,142.30467224121094,183.6277313232422,104.52306365966795,89.78804016113281,66.98074340820312,84.89606475830078,30.25914764404297,26.178754806518555,20.422462463378903,25.18624687194824
2024-09-23 12:00:00,AL972024,38.0,2024-09-25 18:00:00,2 days 06:00:00,22.48,-86.02,971.8,79.1,50.2104721069336,233.16604614257807,209.55386352539065,154.5394287109375,201.5660400390625,110.74365234375,96.0876693725586,74.45233154296875,92.41793060302734,44.15519714355469,39.48271179199219,31.394229888916016,37.70989990234375
2024-09-23 12:00:00,AL972024,38.0,2024-09-26 00:00:00,2 days 12:00:00,23.43,-86.33,962.2,87.4,26.36402130126953,202.2216644287109,188.4183807373047,132.58595275878906,163.6783447265625,87.43986511230469,74.75643920898438,56.24819564819336,71.42399597167969,36.58953857421875,31.90705108642578,25.21579360961914,30.96139907836914
2024-09-23 12:00:00,AL972024,38.0,2024-09-26 06:00:00,2 days 18:00:00,24.99,-86.5,949.5,102.1,23.870824813842773,301.5567626953125,290.8409729003906,207.3428649902344,248.72964477539065,139.3407745361328,128.68479919433594,101.9438705444336,116.85093688964844,73.14253234863281,68.46338653564453,56.30595779418945,62.94850540161133
2024-09-23 12:00:00,AL972024,38.0,2024-09-26 12:00:00,3 days 00:00:00,26.21,-85.79,945.6,106.5,23.275789260864254,265.0142517089844,271.58270263671875,198.02102661132807,215.7410125732422,119.27545928955078,115.3947296142578,93.16985321044922,99.05549621582033,55.538692474365234,53.89507675170898,45.2290267944336,48.23902893066406
2024-09-23 12:00:00,AL972024,38.0,2024-09-26 18:00:00,3 days 06:00:00,28.62,-85.04,937.5,113.8,47.28557586669922,262.292236328125,275.0772399902344,192.76890563964844,212.79730224609372,123.57632446289062,120.90039825439452,96.8093719482422,101.65000915527344,71.05370330810547,68.43659210205078,57.2396354675293,61.983375549316406
2024-09-23 12:00:00,AL972024,38.0,2024-09-27 00:00:00,3 days 12:00:00,31.06,-84.54,948.6,92.1,29.482566833496094,346.250732421875,344.8460388183594,263.14520263671875,296.4100341796875,175.75840759277344,172.58511352539062,140.5230255126953,150.8004608154297,89.86852264404297,87.7074203491211,73.56360626220703,78.37284088134766
2024-09-23 12:00:00,AL972024,38.0,2024-09-27 06:00:00,3 days 18:00:00,33.55,-84.67,977.4,54.9,105.28446197509766,228.5230865478516,237.88626098632807,176.49151611328125,179.40032958984375,38.31106185913086,37.893436431884766,23.21595764160156,25.15407943725586,0.0,0.0,0.0,0.0
2024-09-23 12:00:00,AL972024,38.0,2024-09-27 12:00:00,4 days 00:00:00,35.96,-85.45,985.1,37.5,41.56916427612305,145.24827575683594,142.3137969970703,103.9561767578125,111.4481201171875,6.710428714752197,6.94796085357666,4.162407398223877,4.296945095062256,0.0,0.0833275765180587,0.1813562363386154,0.0
2024-09-23 12:00:00,AL972024,38.0,2024-09-27 18:00:00,4 days 06:00:00,37.72,-86.5,990.4,26.5,50.1655502319336,7.738426685333252,3.9172964096069336,0.0,0.0,0.8506778478622437,0.0,0.0,0.6057185530662537,0.2586121559143066,0.0624166466295719,0.0,0.0833586677908897
2024-09-23 12:00:00,AL972024,38.0,2024-09-28 00:00:00,4 days 12:00:00,38.08,-88.28,994.5,24.3,68.43033599853516,7.437434673309326,0.0,0.0278692040592432,4.620200157165527,0.0,0.2252386659383773,0.0,0.7062971591949463,0.0557758323848247,0.0,0.0730882212519645,0.217300996184349
2024-09-23 12:00:00,EP102024,38.0,2024-09-23 12:00:00,0 days 00:00:00,14.6,-98.4,992.0,60.0,37.03998651744491,74.07997303488982,55.55997977616736,55.55997977616736,55.55997977616736,37.03998651744491,0.0,0.0,0.0,,,,
2024-09-23 12:00:00,EP102024,38.0,2024-09-23 18:00:00,0 days 06:00:00,15.21,-98.31,988.7,57.8,27.723285675048828,115.76498413085938,109.51882934570312,87.9992904663086,100.65402221679688,43.42089080810547,38.02145004272461,29.230823516845703,34.15084457397461,1.2357394695281982,0.4447515606880188,0.0,0.795684278011322
2024-09-23 12:00:00,EP102024,38.0,2024-09-24 00:00:00,0 days 12:00:00,15.77,-98.0,993.4,53.2,51.71586227416992,55.60344696044922,52.92527770996094,41.24848175048828,47.36660003662109,17.14488410949707,14.664734840393066,10.22912311553955,13.16934585571289,0.6539538502693176,0.1774447113275528,0.0,0.2936737835407257
2024-09-23 12:00:00,EP102024,38.0,2024-09-24 06:00:00,0 days 18:00:00,15.94,-97.96,983.6,65.7,21.43967056274414,89.95458984375,85.3321762084961,76.96858215332031,81.52154541015625,51.91744613647461,50.14651107788086,41.60051345825195,45.98536682128906,23.608837127685547,21.94634437561035,18.984113693237305,20.57807159423828
2024-09-23 12:00:00,EP102024,38.0,2024-09-24 12:00:00,1 days 00:00:00,16.22,-98.4,1001.5,33.1,95.82984161376952,0.0,1.80551278591156,0.0,0.0,0.28360316157341,0.7597500085830688,0.6049245595932007,0.4666054844856262,0.3055071830749511,0.353501558303833,0.3260262012481689,0.3583605885505676
2024-09-23 12:00:00,EP102024,38.0,2024-09-24 18:00:00,1 days 06:00:00,16.62,-98.92,1001.5,31.7,48.86884689331055,25.24884033203125,23.927589416503903,13.29692554473877,18.878156661987305,3.90215802192688,3.0665879249572754,2.715775728225708,3.2425031661987305,0.4243358373641968,0.3385206758975982,0.2364965975284576,0.402444839477539
2024-09-23 12:00:00,EP102024,38.0,2024-09-25 00:00:00,1 days 12:00:00,17.11,-101.68,1000.8,30.7,72.36443328857422,2.5548255443573,5.189137935638428,0.0,0.9737173914909364,1.3284718990325928,0.2901903688907623,0.0,0.9318885207176208,0.6406798958778381,0.1678509265184402,0.0314240343868732,0.3756069540977478
2024-09-23 12:00:00,EP102024,38.0,2024-09-25 06:00:00,1 days 18:00:00,16.49,-101.88,1000.9,30.2,73.91547393798828,10.09244441986084,9.059368133544922,2.5699944496154785,5.613415718078613,0.0,0.2701803147792816,0.0,0.0,0.9584372639656068,0.7019222378730774,0.5846574306488037,0.7389510273933411
2024-09-23 12:00:00,EP102024,38.0,2024-09-25 12:00:00,2 days 00:00:00,16.25,-101.52,998.9,38.4,86.77816772460938,59.55343627929688,58.55993270874024,45.75323867797852,48.59051132202149,0.8125938177108765,1.0059106349945068,0.4124927818775177,0.2875111103057861,0.1873520463705063,0.2134579420089721,0.2645670771598816,0.0
2024-09-23 12:00:00,EP102024,38.0,2024-09-25 18:00:00,2 days 06:00:00,15.95,-101.93,992.2,50.3,65.29959106445312,139.4979705810547,130.66094970703125,107.6041488647461,119.60980224609376,31.616544723510746,27.98324203491211,20.79301071166992,24.50289535522461,0.0,0.0,0.0,0.0
2024-09-23 12:00:00,EP102024,38.0,2024-09-26 00:00:00,2 days 12:00:00,16.28,-102.07,986.7,58.4,34.93608856201172,110.13005828857422,109.27635955810548,89.80526733398438,93.84632110595705,20.965614318847656,18.148712158203125,13.392704963684082,15.80365753173828,0.4224185347557068,0.0074833277612924,0.0,0.1753342002630233
2024-09-23 12:00:00,EP102024,38.0,2024-09-26 06:00:00,2 days 18:00:00,16.74,-101.39,987.5,54.8,40.464481353759766,150.6892547607422,144.8240509033203,125.75220489501952,135.1025390625,74.19841766357422,69.36923217773438,55.15818405151367,61.676246643066406,16.020078659057617,15.200566291809082,12.78262424468994,13.513949394226074
2024-09-23 12:00:00,EP102024,38.0,2024-09-26 12:00:00,3 days 00:00:00,17.36,-101.58,988.9,53.0,47.76848220825195,133.25303649902344,127.88309478759766,106.50804138183594,115.14991760253906,40.83612060546875,37.05141830444336,28.075836181640625,32.487579345703125,1.610124945640564,1.375322937965393,0.8108841180801392,0.9829993844032288
2024-09-23 12:00:00,EP102024,38.0,2024-09-26 18:00:00,3 days 06:00:00,17.64,-101.75,992.2,49.9,73.6487045288086,70.39756774902344,70.65199279785156,56.31904602050781,60.51253890991211,26.334835052490234,23.500185012817383,17.100139617919922,20.682676315307617,1.3503634929656982,0.7593190670013428,0.0788531526923179,0.9505174160003662
2024-09-23 12:00:00,EP102024,38.0,2024-09-27 00:00:00,3 days 12:00:00,18.06,-101.53,991.5,43.1,48.53267288208008,88.47554016113281,85.03713989257812,72.56688690185547,77.07905578613281,12.33380889892578,11.839674949645996,9.375236511230469,10.204668045043944,0.3235308825969696,0.2749493718147278,0.4759140014648437,0.1247205734252929
2024-09-23 12:00:00,EP102024,38.0,2024-09-27 06:00:00,3 days 18:00:00,19.0,-101.59,995.4,40.9,86.25517272949219,71.6559829711914,67.94615936279297,57.44927215576172,63.51301956176758,6.474117755889893,6.832003593444824,5.008247375488281,5.969788074493408,0.1736996471881866,0.1308640092611313,0.2239827364683151,0.2117409855127334
2024-09-23 12:00:00,EP102024,38.0,2024-09-27 12:00:00,4 days 00:00:00,18.83,-101.88,999.0,29.1,52.40591812133789,7.16582727432251,5.417806625366211,5.9490485191345215,7.905330657958984,0.7114044427871704,1.7378783226013184,1.3424512147903442,1.166084051132202,0.3028864860534668,0.1731594651937484,0.1901231855154037,0.1974877417087555
2024-09-23 12:00:00,AL972024,39.0,2024-09-23 12:00:00,0 days 00:00:00,17.2,-81.7,1004.0,30.0,185.1999325872245,,,,,,,,,,,,
2024-09-23 12:00:00,AL972024,39.0,2024-09-23 18:00:00,0 days 06:00:00,17.37,-81.64,1001.8,32.6,74.52682495117188,7.086475849151611,4.9376540184021,0.0,3.401801347732544,0.325214147567749,0.1475503146648407,0.10691599547863,0.0842422991991043,0.0006869586650282,0.0724390149116516,0.0513180270791053,0.0
2024-09-23 12:00:00,AL972024,39.0,2024-09-24 00:00:00,0 days 12:00:00,17.03,-81.87,1000.5,33.8,64.00557708740234,12.087915420532228,9.519970893859863,4.311340808868408,9.52049732208252,0.4790657460689544,0.3842948377132416,0.036436166614294,0.2272340655326843,0.0,0.0,0.0,0.0
2024-09-23 12:00:00,AL972024,39.0,2024-09-24 06:00:00,0 days 18:00:00,18.01,-82.82,999.4,38.0,75.53987121582031,45.83916473388672,37.64518356323242,23.132204055786133,32.94818115234375,0.0,0.0,0.0,0.0,0.0154766365885734,0.0814233645796775,0.0358442962169647,0.0
2024-09-23 12:00:00,AL972024,39.0,2024-09-24 12:00:00,1 days 00:00:00,18.66,-83.19,1000.3,36.5,134.31829833984375,4.81440544128418,2.996229648590088,0.0,0.0954568311572074,0.0,0.1975965946912765,0.1994712650775909,0.0,0.0,0.0150315519422292,0.0,0.0
2024-09-23 12:00:00,AL972024,39.0,2024-09-24 18:00:00,1 days 06:00:00,19.57,-84.26,998.4,44.3,133.1262664794922,70.80033111572266,58.82621765136719,37.03384399414063,51.340370178222656,0.0,0.0,0.0,0.0,0.0565867908298969,0.0,0.0,0.0
2024-09-23 12:00:00,AL972024,39.0,2024-09-25 00:00:00,1 days 12:00:00,20.02,-84.93,996.2,47.7,140.93267822265625,46.36395263671875,39.724945068359375,20.73210334777832,31.06043243408203,0.2649045586585998,0.0,0.0,0.0,0.061919555068016,0.0,0.0313644893467426,0.1203793436288833
2024-09-23 12:00:00,AL972024,39.0,2024-09-25 06:00:00,1 days 18:00:00,20.88,-85.39,989.6,56.6,86.6498794555664,100.86896514892578,91.9969482421875,59.55655670166016,76.48574829101562,8.207891464233398,6.684436321258545,2.495849609375,4.316555023193359,0.0,0.0,0.0,0.0
2024-09-23 12:00:00,AL972024,39.0,2024-09-25 12:00:00,2 days 00:00:00,22.02,-85.95,990.4,54.0,93.5400390625,220.82342529296875,202.19468688964844,151.719970703125,180.64718627929688,71.85542297363281,61.97067260742188,45.37550735473633,55.69267272949219,0.2898139059543609,0.0,0.0,0.0
2024-09-23 12:00:00,AL972024,39.0,2024-09-25 18:00:00,2 days 06:00:00,23.1,-86.29,984.2,61.0,53.59685516357422,225.04234313964844,208.84390258789065,161.83944702148438,189.72630310058597,84.80057525634766,73.37488555908203,55.25005340576172,66.4303207397461,3.665947675704956,2.5586788654327397,1.100405216217041,2.357949495315552
2024-09-23 12:00:00,AL972024,39.0,2024-09-26 00:00:00,2 days 12:00:00,24.17,-86.44,971.0,74.6,36.31710433959961,204.5106964111328,191.11892700195312,137.5406494140625,166.6398468017578,82.39102172851562,72.08633422851562,53.000099182128906,65.54605865478516,22.90243911743164,20.15584945678711,15.91622543334961,18.88344383239746
2024-09-23 12:00:00,AL972024,39.0,2024-09-26 06:00:00,2 days 18:00:00,25.68,-86.39,966.3,81.5,60.310977935791016,218.4330902099609,209.79168701171875,142.26690673828125,166.85330200195312,88.90507507324219,82.85238647460938,63.279884338378906,72.58033752441406,38.84474182128906,36.23712539672852,29.538896560668945,32.98317337036133
2024-09-23 12:00:00,AL972024,39.0,2024-09-26 12:00:00,3 days 00:00:00,27.58,-85.08,958.4,91.7,65.28675842285156,275.4794311523437,273.0966491699219,187.66336059570312,213.4646453857422,123.81133270263672,116.77222442626952,89.26725769042969,99.88101959228516,51.68850326538086,49.04258346557617,39.78699493408203,43.544166564941406
2024-09-23 12:00:00,AL972024,39.0,2024-09-26 18:00:00,3 days 06:00:00,29.62,-84.56,955.3,90.7,66.43753814697266,260.179443359375,255.78753662109372,180.85926818847656,207.5011749267578,117.07036590576172,112.02033996582033,87.9052963256836,96.34317016601562,61.27000427246094,57.90254974365234,48.12718200683594,52.14582824707031
2024-09-23 12:00:00,AL972024,39.0,2024-09-27 00:00:00,3 days 12:00:00,32.65,-84.63,974.3,57.2,94.27196502685548,197.3519744873047,204.93565368652344,150.6298065185547,152.7789764404297,64.88302612304688,63.51165771484375,44.69652557373047,47.95814895629883,4.135878562927246,4.534823417663574,3.1924824714660645,2.3540496826171875
2024-09-23 12:00:00,AL972024,39.0,2024-09-27 06:00:00,3 days 18:00:00,35.51,-86.16,983.2,39.2,49.405757904052734,98.12220764160156,101.28372955322266,71.72981262207031,75.58383178710938,3.800006151199341,4.826474189758301,1.6705905199050903,1.4623721837997437,0.0,0.0416026562452316,0.0,0.0
2024-09-23 12:00:00,AL972024,39.0,2024-09-27 12:00:00,4 days 00:00:00,36.87,-88.36,991.8,34.1,148.61045837402344,12.36745548248291,9.188380241394045,1.521296739578247,1.7308950424194336,0.1229090616106987,0.1482995152473449,0.0,0.0491755120456218,0.418963611125946,0.0475508496165275,0.0,0.0308482740074396
2024-09-23 12:00:00,AL972024,39.0,2024-09-27 18:00:00,4 days 06:00:00,36.62,-90.11,996.4,32.3,200.8691864013672,0.0,0.203830674290657,0.0,0.0,0.0,0.0,0.0,0.0,0.1721519827842712,0.0,0.0,0.1165778636932373
2024-09-23 12:00:00,AL972024,39.0,2024-09-28 00:00:00,4 days 12:00:00,36.76,-92.76,1000.9,25.6,184.30615234375,0.0,0.2247645854949951,0.0,0.0,0.0,0.0,0.0,0.0,0.0,0.0,0.0,0.0
2024-09-23 12:00:00,EP102024,39.0,2024-09-23 12:00:00,0 days 00:00:00,14.6,-98.4,992.0,60.0,37.03998651744491,74.07997303488982,55.55997977616736,55.55997977616736,55.55997977616736,37.03998651744491,0.0,0.0,0.0,,,,
2024-09-23 12:00:00,EP102024,39.0,2024-09-23 18:00:00,0 days 06:00:00,14.57,-98.03,986.5,62.2,34.24540328979492,96.43246459960938,93.3154296875,80.26805877685547,86.83416748046875,34.18275451660156,30.116674423217773,25.183971405029297,28.79222869873047,5.728799819946289,4.546438217163086,3.610715627670288,4.996292591094971
2024-09-23 12:00:00,EP102024,39.0,2024-09-24 00:00:00,0 days 12:00:00,15.07,-98.03,991.9,54.8,30.156639099121094,120.71813201904295,116.97957611083984,89.52363586425781,100.65010833740234,44.3603744506836,38.644927978515625,28.77786064147949,35.29107666015625,1.7741080522537231,0.8246142864227295,0.2463545054197311,1.1499985456466677
2024-09-23 12:00:00,EP102024,39.0,2024-09-24 06:00:00,0 days 18:00:00,15.27,-97.76,990.7,55.0,24.23052024841309,70.87211608886719,70.55923461914062,59.03436279296875,63.83235168457031,33.76932907104492,30.78365707397461,23.012954711914062,27.21341323852539,6.45907735824585,5.011054039001465,3.7531332969665527,5.151339530944824
2024-09-23 12:00:00,EP102024,39.0,2024-09-24 12:00:00,1 days 00:00:00,15.8,-97.6,983.5,69.8,48.45374298095703,70.14632415771484,69.56829833984375,54.89344024658203,58.90681076049805,34.491458892822266,31.75306510925293,25.321849822998047,29.53483009338379,16.51563835144043,14.59653091430664,12.026835441589355,14.355365753173828
2024-09-23 12:00:00,EP102024,39.0,2024-09-24 18:00:00,1 days 06:00:00,16.27,-97.29,997.5,42.2,58.57741928100586,37.297977447509766,38.86506271362305,28.724763870239254,30.53134536743164,3.76849889755249,3.6607353687286377,3.108848810195923,3.209064483642578,0.0,0.0440006218850612,0.023932633921504,0.1154640689492225
2024-09-23 12:00:00,EP102024,39.0,2024-09-25 00:00:00,1 days 12:00:00,16.37,-98.14,1000.5,36.3,98.14879608154295,3.5875322818756104,3.202775478363037,1.5639400482177734,4.470405101776123,2.2565858364105225,1.8550477027893064,0.9205644726753236,1.870863437652588,0.0,0.0,0.0229579731822013,0.0
2024-09-23 12:00:00,AL972024,40.0,2024-09-23 12:00:00,0 days 00:00:00,17.2,-81.7,1004.0,30.0,185.1999325872245,,,,,,,,,,,,
2024-09-23 12:00:00,AL972024,40.0,2024-09-23 18:00:00,0 days 06:00:00,17.24,-82.17,1006.1,25.8,163.6846923828125,0.1415162086486816,1.6417138576507568,0.0,0.0,0.0,0.1866002678871154,0.1607583463191986,0.0,0.0324365459382534,0.0189807806164026,0.0544627867639064,0.0817827358841896
2024-09-23 12:00:00,AL972024,40.0,2024-09-24 00:00:00,0 days 12:00:00,18.1,-81.85,1001.3,39.0,115.2267608642578,6.816180229187012,5.63185453414917,0.0,1.9766161441802976,0.1035934835672378,0.2217190116643905,0.137260302901268,0.0,0.0,0.0045740203931927,0.0142492856830358,0.0
2024-09-23 12:00:00,AL972024,40.0,2024-09-24 06:00:00,0 days 18:00:00,18.59,-82.38,1000.1,44.7,141.4293670654297,118.48529052734376,103.18611907958984,71.25337219238281,89.95983123779297,0.0,0.0,0.0,0.0,0.0667476132512092,0.1789511442184448,0.149364486336708,0.0223000477999448
2024-09-23 12:00:00,AL972024,40.0,2024-09-24 12:00:00,1 days 00:00:00,18.69,-83.37,995.0,50.1,61.64824295043945,154.6763153076172,142.28761291503906,96.22216033935548,122.1380615234375,8.666629791259766,6.164251804351807,1.3087282180786133,5.31192684173584,0.0,0.0,0.0,0.0
2024-09-23 12:00:00,AL972024,40.0,2024-09-24 18:00:00,1 days 06:00:00,19.11,-84.26,993.6,50.5,105.3773422241211,98.20245361328124,84.59471130371094,52.095703125,71.15898895263672,0.5745719075202942,0.0,0.0,0.0,0.0642263516783714,0.0532047376036644,0.0,0.0199178215116262
2024-09-23 12:00:00,AL972024,40.0,2024-09-25 00:00:00,1 days 12:00:00,19.44,-84.81,991.4,57.3,60.18522262573242,190.1497802734375,170.5513458251953,123.523681640625,155.36976623535156,51.27446365356445,43.452396392822266,30.005523681640625,38.76078796386719,0.0,0.0,0.0,0.0
2024-09-23 12:00:00,AL972024,40.0,2024-09-25 06:00:00,1 days 18:00:00,20.15,-85.35,984.2,66.3,39.82799530029297,176.74888610839844,154.19656372070312,104.19654846191406,143.52767944335938,70.58702850341797,56.79919052124024,38.1158561706543,54.48597717285156,10.844386100769045,6.9296698570251465,3.902753591537476,8.286430358886719
2024-09-23 12:00:00,AL972024,40.0,2024-09-25 12:00:00,2 days 00:00:00,21.33,-86.03,975.6,74.5,39.335636138916016,215.35986328125,190.3545684814453,124.71800994873048,177.3292694091797,96.3691864013672,79.97991180419922,56.312686920166016,77.11256408691406,31.01496696472168,25.42416000366211,19.008129119873047,25.655229568481445
2024-09-23 12:00:00,AL972024,40.0,2024-09-25 18:00:00,2 days 06:00:00,22.28,-86.24,957.2,94.6,49.00912094116211,205.37814331054688,185.21487426757807,129.63436889648438,157.8488311767578,86.37399291992188,74.95549774169922,57.67550659179688,71.42085266113281,44.46909332275391,39.29154586791992,31.40336036682129,38.04781723022461
2024-09-23 12:00:00,AL972024,40.0,2024-09-26 00:00:00,2 days 12:00:00,23.44,-86.32,954.3,98.9,43.04851150512695,225.8508758544922,217.7256622314453,155.8289031982422,180.1796417236328,100.35881042480467,91.8111801147461,71.53335571289062,81.77334594726562,43.364349365234375,40.02488708496094,33.0880012512207,37.25507736206055
2024-09-23 12:00:00,AL972024,40.0,2024-09-26 06:00:00,2 days 18:00:00,25.09,-86.34,952.9,101.1,59.98463439941406,274.8681640625,270.1729736328125,200.5316162109375,223.76280212402344,122.17584991455078,116.02962493896484,93.1613998413086,102.14250946044922,57.14213180541992,54.3712272644043,45.013282775878906,49.15435409545898
2024-09-23 12:00:00,AL972024,40.0,2024-09-26 12:00:00,3 days 00:00:00,26.67,-85.71,950.9,101.1,56.45934677124024,232.89427185058597,230.3410797119141,149.62327575683594,178.48306274414062,92.58055114746094,84.85191345214844,62.67013931274414,72.18526458740234,40.87226104736328,37.77452850341797,30.31471443176269,34.48067855834961
2024-09-23 12:00:00,AL972024,40.0,2024-09-26 18:00:00,3 days 06:00:00,29.12,-85.19,952.2,91.4,58.39173889160156,210.3865203857422,199.5313262939453,121.38844299316406,150.0885467529297,74.61294555664062,65.71743774414062,44.897216796875,56.13211441040039,27.877094268798828,24.31004524230957,18.98464012145996,23.43612670898437
2024-09-23 12:00:00,AL972024,40.0,2024-09-27 00:00:00,3 days 12:00:00,32.31,-85.83,981.5,47.7,46.91852951049805,204.43084716796875,208.30419921875,145.67625427246094,155.91050720214844,24.823091506958008,23.97975730895996,12.386100769042969,15.41777229309082,0.0,0.0,0.0,0.0
2024-09-23 12:00:00,AL972024,40.0,2024-09-27 06:00:00,3 days 18:00:00,34.85,-86.18,985.9,41.9,52.32132339477539,145.87747192382812,146.3295135498047,108.3485336303711,115.61165618896484,9.86756706237793,10.1279296875,5.342782020568848,5.4146728515625,0.0,0.0,0.0,0.0
2024-09-23 12:00:00,AL972024,40.0,2024-09-27 12:00:00,4 days 00:00:00,36.24,-87.48,993.9,25.5,59.78508758544922,8.244036674499512,7.945906639099121,1.7872079610824585,0.0,0.1198269799351692,0.216820016503334,0.5323219895362854,0.2218208163976669,0.3373907506465912,0.2742621600627899,0.3217698931694031,0.3305088877677917
2024-09-23 12:00:00,EP102024,40.0,2024-09-23 12:00:00,0 days 00:00:00,14.6,-98.4,992.0,60.0,37.03998651744491,74.07997303488982,55.55997977616736,55.55997977616736,55.55997977616736,37.03998651744491,0.0,0.0,0.0,,,,
2024-09-23 12:00:00,EP102024,40.0,2024-09-23 18:00:00,0 days 06:00:00,15.18,-98.47,978.4,75.6,37.61988067626953,86.21375274658203,81.71409606933594,66.0692138671875,74.03648376464844,43.319095611572266,38.417362213134766,32.50006103515625,37.41914749145508,20.50969123840332,17.949552536010742,15.110450744628906,17.90300941467285
2024-09-23 12:00:00,EP102024,40.0,2024-09-24 00:00:00,0 days 12:00:00,16.01,-98.23,976.3,78.4,29.35748863220215,83.09207153320312,74.37477111816406,53.82359313964844,67.98637390136719,35.24159240722656,27.79619407653809,20.258787155151367,28.41661834716797,13.509093284606934,10.54708480834961,8.377808570861816,11.630446434020996
2024-09-23 12:00:00,EP102024,40.0,2024-09-24 06:00:00,0 days 18:00:00,16.16,-98.22,984.5,65.9,54.65412902832031,78.32723999023438,72.78490447998047,58.47895431518555,66.4636459350586,29.33243560791016,26.39056205749512,19.82581901550293,23.980100631713867,7.28624963760376,6.311061859130859,5.217431545257568,6.321328639984131
2024-09-23 12:00:00,EP102024,40.0,2024-09-24 12:00:00,1 days 00:00:00,16.66,-98.55,988.6,54.1,31.23532485961914,82.46963500976562,75.06217956542969,62.69443893432617,68.78262329101562,30.36248207092285,27.595802307128903,20.000226974487305,24.51410484313965,3.555734157562256,2.9693057537078857,2.4625043869018555,2.953056573867798
2024-09-23 12:00:00,EP102024,40.0,2024-09-24 18:00:00,1 days 06:00:00,17.41,-99.05,997.6,40.0,63.5527458190918,37.19059371948242,36.28617477416992,23.260120391845703,28.5306396484375,6.902941703796387,6.154383182525635,4.7818708419799805,4.934311389923096,0.2258303612470626,0.2517224252223968,0.0,0.1850023567676544
2024-09-23 12:00:00,EP102024,40.0,2024-09-25 00:00:00,1 days 12:00:00,17.23,-99.56,999.9,30.3,59.70367813110352,0.0,0.0,0.0,0.0912050381302833,1.7671855688095093,1.2306175231933594,0.979421079158783,1.405309557914734,0.0,0.0,0.0,0.0
2024-09-23 12:00:00,EP102024,40.0,2024-09-25 06:00:00,1 days 18:00:00,16.52,-99.25,1000.5,30.1,65.97025299072266,9.809283256530762,6.543372631072998,5.23508358001709,8.93161392211914,0.8504679799079895,1.365187644958496,1.0543982982635498,1.0776323080062866,0.7234873175621033,0.7980700135231018,0.7288058400154114,0.7518749237060547
2024-09-23 12:00:00,EP102024,40.0,2024-09-25 12:00:00,2 days 00:00:00,16.15,-99.24,998.9,32.8,64.52406311035156,8.303315162658691,6.660130977630615,4.021295070648193,8.556962013244629,0.0,0.0,0.2748432457447052,0.1459628343582153,0.5634787678718567,0.6252421140670776,0.4841254651546478,0.515450656414032
2024-09-23 12:00:00,EP102024,40.0,2024-09-25 18:00:00,2 days 06:00:00,15.38,-99.56,1001.8,30.9,103.80069732666016,4.882827758789063,4.663454532623291,0.5770003795623779,2.390157461166382,0.6549813747406006,0.6318945288658142,0.5346838235855103,0.5109871029853821,0.1083775609731674,0.1016399636864662,0.0364410914480686,0.148939162492752
2024-09-23 12:00:00,EP102024,40.0,2024-09-26 00:00:00,2 days 12:00:00,15.9,-99.37,998.6,38.3,91.20162963867188,36.27489471435547,35.518795013427734,24.384578704833984,29.66321182250977,0.2275454550981521,0.1347310841083526,0.0,0.0,0.1900929659605026,0.1593205630779266,0.0172604192048311,0.0980846881866455
2024-09-23 12:00:00,EP102024,40.0,2024-09-26 06:00:00,2 days 18:00:00,16.28,-98.64,998.0,38.7,104.58732604980467,61.90638732910156,60.02376556396485,48.475547790527344,50.85953140258789,2.9437830448150635,3.323657512664795,2.447599411010742,2.585474729537964,0.3873872756958008,0.584364116191864,0.6695727705955505,0.497092604637146
2024-09-23 12:00:00,EP102024,40.0,2024-09-26 12:00:00,3 days 00:00:00,16.43,-98.42,995.6,41.2,88.08000946044922,26.927553176879883,26.13058853149414,21.1240234375,21.324419021606445,1.796377420425415,2.7913777828216557,2.173259735107422,1.93949556350708,0.2291801273822784,0.383737176656723,0.3892262578010559,0.2093540281057357
2024-09-23 12:00:00,EP102024,40.0,2024-09-26 18:00:00,3 days 06:00:00,16.64,-98.98,1001.0,32.3,81.73542785644531,5.103617668151856,6.670444488525391,3.924579620361328,4.654592990875244,0.7571978569030762,0.7566320896148682,1.0351645946502686,0.7835873365402222,0.0060351318679749,0.0,0.010998560115695,0.0462424010038375
2024-09-23 12:00:00,EP102024,40.0,2024-09-27 00:00:00,3 days 12:00:00,17.08,-99.27,998.5,28.8,53.26332473754883,0.0,0.0,1.074666976928711,2.081161499023437,0.7663105726242065,0.5077089667320251,0.4148114919662475,0.9234074354171752,0.1863698661327362,0.001380510511808,0.1169154942035675,0.2008418440818786
2024-09-23 12:00:00,EP102024,40.0,2024-09-27 06:00:00,3 days 18:00:00,17.47,-99.16,999.2,30.3,51.18572616577149,6.194060802459717,1.32746684551239,2.7203686237335205,8.811322212219238,1.0153571367263794,1.2196124792099,1.6533265113830566,1.5066194534301758,0.4369819462299347,0.391796350479126,0.5541151165962219,0.4958333075046539
2024-09-23 12:00:00,EP102024,40.0,2024-09-27 12:00:00,4 days 00:00:00,17.43,-100.57,1001.5,26.8,54.6154670715332,0.0,0.0,0.0,0.0,0.0,0.3881542086601257,0.2575657069683075,0.0087226331233978,0.184006005525589,0.1993400901556015,0.1075028106570243,0.0682023912668228
2024-09-23 12:00:00,AL972024,41.0,2024-09-23 12:00:00,0 days 00:00:00,17.2,-81.7,1004.0,30.0,185.1999325872245,,,,,,,,,,,,
2024-09-23 12:00:00,AL972024,41.0,2024-09-23 18:00:00,0 days 06:00:00,17.87,-81.63,1003.4,29.8,120.67842864990234,0.0552590228617191,0.5439565777778625,0.0,0.0,0.0512066073715686,0.3220120370388031,0.1534958779811859,0.0,0.0,0.0,0.0,0.0
2024-09-23 12:00:00,AL972024,41.0,2024-09-24 00:00:00,0 days 12:00:00,18.34,-81.89,1003.1,33.1,113.69853973388672,1.55589759349823,0.1406374722719192,0.0,0.0326677933335304,0.0,0.0,0.0,0.0,0.0023863981477916,0.0,0.0,0.0
2024-09-23 12:00:00,AL972024,41.0,2024-09-24 06:00:00,0 days 18:00:00,18.36,-82.81,1000.4,35.7,81.61503601074219,9.631340980529783,6.243058681488037,0.0,0.0,0.1043509393930435,0.2413507550954818,0.0,0.0,0.2010718435049057,0.0792675539851188,0.015160733833909,0.0
2024-09-23 12:00:00,AL972024,41.0,2024-09-24 12:00:00,1 days 00:00:00,19.18,-83.59,998.3,40.3,98.60667419433594,157.95750427246094,145.90338134765625,107.52082824707033,125.48489379882812,0.3908747136592865,0.0,0.0,0.0,0.2154320031404495,0.1094193682074546,0.3114737868309021,0.2963133454322815
2024-09-23 12:00:00,AL972024,41.0,2024-09-24 18:00:00,1 days 06:00:00,19.66,-84.43,994.5,49.6,120.76205444335938,66.10762023925781,53.58491516113281,32.09305191040039,46.88755798339844,0.2982602715492248,0.0,0.0,0.0,0.0547470152378082,0.0093521131202578,0.0,0.0
2024-09-23 12:00:00,AL972024,41.0,2024-09-25 00:00:00,1 days 12:00:00,19.6,-85.0,991.1,49.5,98.21043395996094,65.41514587402344,58.02347946166992,36.95753479003906,48.2752799987793,0.458550751209259,0.0,0.0,0.0,0.2909638583660126,0.1347530484199524,0.0,0.2009550333023071
2024-09-23 12:00:00,AL972024,41.0,2024-09-25 06:00:00,1 days 18:00:00,20.42,-85.63,990.3,55.0,104.72747039794922,141.00486755371094,130.66458129882812,94.25662994384766,113.05170440673828,7.549087047576904,6.153778553009033,1.997860550880432,4.32612943649292,0.0,0.0,0.0,0.0
2024-09-23 12:00:00,AL972024,41.0,2024-09-25 12:00:00,2 days 00:00:00,21.45,-86.33,988.6,55.6,62.44861602783203,210.8512725830078,196.8485565185547,148.52069091796875,172.57081604003906,49.28519821166992,42.63061141967773,29.909358978271484,37.92863845825195,0.2344244718551635,0.0,0.0,0.0
2024-09-23 12:00:00,AL972024,41.0,2024-09-25 18:00:00,2 days 06:00:00,21.75,-86.38,982.4,62.4,75.0094985961914,133.47616577148438,130.6533203125,90.50102996826172,103.81385040283205,25.06723403930664,21.506635665893555,13.146416664123535,17.492549896240234,0.1095693483948707,0.0,0.0,0.0
2024-09-23 12:00:00,AL972024,41.0,2024-09-26 00:00:00,2 days 12:00:00,22.88,-85.89,975.2,73.2,60.99822616577149,193.15103149414065,182.73367309570312,129.69668579101562,155.20823669433594,73.60457611083984,63.86696243286133,45.86070251464844,57.30975341796875,17.950010299682617,15.369929313659668,11.64490795135498,14.57033634185791
2024-09-23 12:00:00,AL972024,41.0,2024-09-26 06:00:00,2 days 18:00:00,24.13,-85.79,973.5,75.8,75.2752914428711,194.97903442382807,191.7610321044922,138.85350036621094,155.8188018798828,69.36132049560547,64.87123107910156,50.175968170166016,56.31286239624024,30.05137062072754,28.30169486999512,23.148799896240234,25.34252166748047
2024-09-23 12:00:00,AL972024,41.0,2024-09-26 12:00:00,3 days 00:00:00,25.2,-85.25,957.0,94.0,26.48233413696289,242.38824462890625,244.1363525390625,179.06126403808594,192.5039978027344,109.9460906982422,104.5333480834961,82.5413589477539,90.33219146728516,47.378055572509766,45.16722106933594,37.520782470703125,40.071998596191406
2024-09-23 12:00:00,AL972024,41.0,2024-09-26 18:00:00,3 days 06:00:00,26.5,-84.43,957.0,92.5,52.96767044067383,262.56268310546875,268.4936218261719,196.90147399902344,211.03225708007807,126.39027404785156,124.77926635742188,101.48826599121094,106.48782348632812,71.54618072509766,68.74857330322266,57.31145095825195,61.08551025390625
2024-09-23 12:00:00,AL972024,41.0,2024-09-27 00:00:00,3 days 12:00:00,28.93,-83.25,937.4,108.5,27.17513465881348,285.00701904296875,291.08843994140625,219.3703155517578,236.0206451416016,131.09625244140625,129.8734130859375,104.81647491455078,109.1931381225586,59.2282600402832,58.77964782714844,50.03117370605469,51.91784286499024
2024-09-23 12:00:00,AL972024,41.0,2024-09-27 06:00:00,3 days 18:00:00,31.99,-82.82,972.1,63.7,98.06399536132812,146.01133728027344,150.6745147705078,98.07653045654295,103.18163299560548,14.498177528381348,16.993244171142578,5.809444427490234,6.394760608673096,0.0,0.0517494343221187,0.0,0.0
2024-09-23 12:00:00,AL972024,41.0,2024-09-27 12:00:00,4 days 00:00:00,35.02,-83.36,978.1,47.2,56.66977691650391,284.6925354003906,286.3606262207031,233.87924194335935,240.85394287109372,67.56956481933594,64.79305267333984,48.58307266235352,51.24597930908203,0.0,0.0881657674908638,0.0,0.0
2024-09-23 12:00:00,AL972024,41.0,2024-09-27 18:00:00,4 days 06:00:00,36.14,-85.31,987.1,35.4,176.85267639160156,41.827735900878906,44.48821640014648,29.6115665435791,25.006805419921875,1.3154058456420898,1.1975017786026,1.2868320941925049,1.2115494012832642,0.2996704578399658,0.0,0.1083578765392303,0.0
2024-09-23 12:00:00,AL972024,41.0,2024-09-28 00:00:00,4 days 12:00:00,36.27,-87.83,992.0,27.4,181.37237548828125,42.074405670166016,43.6761474609375,26.456438064575195,26.553312301635746,0.0,0.0,0.0,0.0,0.0,0.0,0.0,0.0
2024-09-23 12:00:00,AL972024,41.0,2024-09-28 06:00:00,4 days 18:00:00,36.63,-88.5,990.0,24.2,68.13796997070312,21.854825973510746,19.56243133544922,13.28446102142334,15.940810203552246,0.0,0.0,0.0,0.0,0.1589177101850509,0.0865755826234817,0.0253695137798786,0.0
2024-09-23 12:00:00,AL972024,41.0,2024-09-28 12:00:00,5 days 00:00:00,36.6,-87.88,999.1,20.8,152.1368865966797,0.0,0.0,0.0,0.5402204990386963,0.5499616861343384,0.0,0.0,0.0983050614595413,0.1278348118066787,0.0,0.0,0.0
2024-09-23 12:00:00,AL972024,41.0,2024-09-28 18:00:00,5 days 06:00:00,37.0,-88.27,998.6,17.4,72.27989959716797,0.0,0.0,0.0,0.0,0.0,0.0,0.0,0.0,0.0,0.0,0.0,0.0
2024-09-23 12:00:00,EP102024,41.0,2024-09-23 12:00:00,0 days 00:00:00,14.6,-98.4,992.0,60.0,37.03998651744491,74.07997303488982,55.55997977616736,55.55997977616736,55.55997977616736,37.03998651744491,0.0,0.0,0.0,,,,
2024-09-23 12:00:00,EP102024,41.0,2024-09-23 18:00:00,0 days 06:00:00,15.45,-98.72,983.2,69.3,42.739200592041016,89.15531158447266,81.55451202392578,57.328712463378906,71.71367645263672,34.01251220703125,27.81889915466309,21.034893035888672,26.891578674316406,5.350594520568848,3.2263104915618896,2.2382383346557617,4.441544532775879
2024-09-23 12:00:00,EP102024,41.0,2024-09-24 00:00:00,0 days 12:00:00,15.91,-98.72,970.7,85.1,30.64019012451172,91.7999038696289,90.89659118652344,72.39366912841797,78.72496795654297,45.318145751953125,40.22100067138672,33.45050811767578,39.49098587036133,23.637636184692383,21.09303474426269,18.04666519165039,21.143909454345703
2024-09-23 12:00:00,EP102024,41.0,2024-09-24 06:00:00,0 days 18:00:00,15.83,-98.87,969.2,88.2,18.338550567626957,104.73450469970705,99.9915542602539,86.37590026855469,94.75946807861328,51.02317810058594,48.06485366821289,40.57161712646485,45.365989685058594,27.47212028503418,25.072139739990234,21.48930549621582,24.285213470458984
2024-09-23 12:00:00,EP102024,41.0,2024-09-24 12:00:00,1 days 00:00:00,16.71,-98.73,973.1,79.6,22.68627166748047,100.28759765625,96.43547821044922,80.67071533203125,86.8767318725586,40.8655891418457,37.49663925170898,30.07204818725586,34.68115234375,14.569499969482422,13.247471809387209,11.547188758850098,12.924272537231444
2024-09-23 12:00:00,EP102024,41.0,2024-09-24 18:00:00,1 days 06:00:00,17.08,-99.11,995.2,45.8,70.55077362060547,54.2802848815918,54.03457260131836,37.30263519287109,44.05988693237305,5.731042861938477,5.191108703613281,4.304122924804688,4.514564514160156,0.1434824764728546,0.0504767261445522,0.0919624492526054,0.087067149579525
2024-09-23 12:00:00,EP102024,41.0,2024-09-25 00:00:00,1 days 12:00:00,16.88,-99.2,1000.4,31.5,97.91790771484376,17.972732543945312,14.671859741210938,9.511550903320312,12.751054763793944,0.7822315096855164,0.3345832824707031,0.0,0.8672324419021606,0.5683140158653259,0.2459428012371063,0.2277266234159469,0.4642256200313568
2024-09-23 12:00:00,EP102024,41.0,2024-09-25 06:00:00,1 days 18:00:00,16.62,-100.36,1003.0,29.4,137.10118103027344,2.4663212299346924,0.0,0.0,2.349313497543335,0.0,0.0,0.0,0.0,1.771713137626648,1.0584301948547363,0.8274762034416199,1.5688695907592771
2024-09-23 12:00:00,EP102024,41.0,2024-09-25 12:00:00,2 days 00:00:00,16.14,-100.72,1000.0,32.2,67.00894165039062,13.775524139404297,13.442968368530272,8.57798957824707,9.464746475219728,0.4133261442184448,0.8710538148880005,0.534876823425293,0.7096502780914307,1.0870894193649292,0.9649116396903992,0.8651412725448608,0.9155238270759584
2024-09-23 12:00:00,EP102024,41.0,2024-09-25 18:00:00,2 days 06:00:00,15.95,-100.24,1001.6,33.4,117.97821807861328,23.35573005676269,22.103628158569336,12.21160888671875,17.256378173828125,0.0,0.0052493251860141,0.1190000474452972,0.0,0.0436468981206417,0.0,0.0464355796575546,0.0347475633025169
2024-09-23 12:00:00,EP102024,41.0,2024-09-26 00:00:00,2 days 12:00:00,15.67,-100.32,999.7,36.5,105.30087280273438,19.7055721282959,19.03353500366211,11.469504356384276,14.650551795959473,0.8178324103355408,0.3280559480190277,0.0,0.6907020807266235,0.0806281641125679,0.0,0.0,0.0795248821377754
2024-09-23 12:00:00,EP102024,41.0,2024-09-26 06:00:00,2 days 18:00:00,16.87,-100.27,997.8,42.8,83.9590835571289,47.41093063354492,42.19661712646485,29.825340270996094,39.10445785522461,1.0408663749694824,1.1702741384506226,0.438064843416214,0.7215716242790222,0.4593709409236908,0.4738595187664032,0.4441118240356445,0.4819843471050262
2024-09-23 12:00:00,EP102024,41.0,2024-09-26 12:00:00,3 days 00:00:00,16.86,-99.23,994.0,44.9,38.323204040527344,50.04890441894531,48.53242874145508,39.97148513793945,44.04207611083984,8.103131294250488,8.534172058105469,6.102229595184326,6.530210494995117,1.1495647430419922,1.0632556676864624,0.8988041281700134,0.9697461128234864
2024-09-23 12:00:00,EP102024,41.0,2024-09-26 18:00:00,3 days 06:00:00,16.98,-100.68,994.0,51.0,61.47435760498047,110.15885162353516,104.170654296875,82.44388580322266,93.61312866210938,36.2091064453125,31.882349014282227,24.427059173583984,28.76433753967285,0.4767138063907623,0.005201325751841,0.0,0.1866281777620315
2024-09-23 12:00:00,EP102024,41.0,2024-09-27 00:00:00,3 days 12:00:00,17.48,-100.92,999.2,32.9,54.77798461914063,9.760316848754885,7.242748737335205,2.5112106800079346,6.477372169494629,1.9665679931640625,1.5065516233444214,0.2809767723083496,1.6111226081848145,0.4542818069458008,0.1693744510412216,0.0709843561053276,0.2260409593582153
2024-09-23 12:00:00,EP102024,41.0,2024-09-27 06:00:00,3 days 18:00:00,17.81,-101.47,1002.4,32.0,106.9560089111328,16.26734161376953,15.923442840576172,13.179642677307127,12.146323204040527,0.4340583682060241,1.176436424255371,1.1819628477096558,0.8068268895149231,0.044486716389656,0.1372434198856353,0.1574052274227142,0.1374557763338089
2024-09-23 12:00:00,EP102024,41.0,2024-09-27 12:00:00,4 days 00:00:00,17.8,-102.13,998.1,36.2,62.0005989074707,62.255279541015625,58.236595153808594,52.43297576904297,60.74956512451172,4.188962459564209,3.996013641357422,3.5292348861694336,4.06204080581665,0.0,0.0,0.2584366500377655,0.0
2024-09-23 12:00:00,EP102024,41.0,2024-09-27 18:00:00,4 days 06:00:00,18.0,-102.26,1002.9,30.7,96.79695892333984,7.593720436096191,9.987329483032228,2.876908540725708,4.293693065643311,1.8389865159988403,1.491251826286316,1.0621023178100586,1.3002656698226929,0.4114682972431183,0.1944690644741058,0.0,0.3759617209434509
2024-09-23 12:00:00,EP102024,41.0,2024-09-28 00:00:00,4 days 12:00:00,18.52,-103.5,1004.0,24.2,87.58016967773438,0.3219754099845886,0.0,0.0,0.6544221043586731,0.3980236053466797,0.0,0.0,0.020304063335061,0.1540742516517639,0.0,0.0,0.0
2024-09-23 12:00:00,EP102024,41.0,2024-09-28 06:00:00,4 days 18:00:00,19.22,-103.5,999.3,28.5,46.05441665649414,12.465435028076172,8.77043342590332,10.223230361938477,14.781269073486328,0.91370689868927,1.8559911251068115,1.4002543687820437,1.4658032655715942,0.0,0.0,0.0027573402039706,0.0
2024-09-23 12:00:00,EP102024,41.0,2024-09-28 12:00:00,5 days 00:00:00,19.6,-105.1,1005.1,23.4,103.2916030883789,0.0,0.0,0.0,0.0,0.0,0.0539361387491226,0.0,0.0,0.0962126329541206,0.0087219215929508,0.0,0.0527647100389003
2024-09-23 12:00:00,AL972024,42.0,2024-09-23 12:00:00,0 days 00:00:00,17.2,-81.7,1004.0,30.0,185.1999325872245,,,,,,,,,,,,
2024-09-23 12:00:00,AL972024,42.0,2024-09-23 18:00:00,0 days 06:00:00,17.36,-81.77,1006.4,28.0,160.4630584716797,0.4958008825778961,0.4079578220844269,0.0,0.0,0.0,0.1100370809435844,0.2724505960941314,0.0,0.0,0.0,0.0270122420042753,0.0
2024-09-23 12:00:00,AL972024,42.0,2024-09-24 00:00:00,0 days 12:00:00,17.97,-81.98,1003.3,34.3,125.27857208251952,7.356374263763428,6.300738334655762,0.0,3.4744977951049805,0.0667721927165985,0.5929155945777893,0.2081766575574875,0.0,0.0,0.0522639602422714,0.0525834932923316,0.0
2024-09-23 12:00:00,AL972024,42.0,2024-09-24 06:00:00,0 days 18:00:00,18.35,-82.41,1001.6,39.3,113.54231262207033,33.48139953613281,27.20019149780273,13.980063438415527,22.20894241333008,0.1135807186365127,0.342430830001831,0.0,0.0,0.0714524760842323,0.0504979752004146,0.0383470691740512,0.0
2024-09-23 12:00:00,AL972024,42.0,2024-09-24 12:00:00,1 days 00:00:00,18.86,-83.36,997.9,40.6,70.28117370605469,34.96089172363281,29.095346450805664,14.696724891662598,23.073373794555664,0.5455737113952637,0.0911856517195701,0.0,0.2243510484695434,0.2092710435390472,0.0188409760594367,0.0108255967497825,0.0639501437544822
2024-09-23 12:00:00,AL972024,42.0,2024-09-24 18:00:00,1 days 06:00:00,18.86,-84.12,999.9,40.7,150.70913696289062,79.26615142822266,71.57102966308594,48.109161376953125,57.86280822753906,0.0,0.0,0.0,0.0,0.1057089269161224,0.0401284359395504,0.0476246066391468,0.0871859639883041
2024-09-23 12:00:00,AL972024,42.0,2024-09-25 00:00:00,1 days 12:00:00,19.44,-84.55,992.7,48.5,136.48912048339844,73.3671646118164,65.9836654663086,46.77300262451172,55.72541809082031,0.0,0.0,0.0,0.0,0.0,0.0,0.0,0.072584681212902
2024-09-23 12:00:00,AL972024,42.0,2024-09-25 06:00:00,1 days 18:00:00,20.13,-85.01,993.0,49.0,108.40122985839844,120.81549835205078,111.07831573486328,79.60176086425781,93.26473999023438,0.0,0.0,0.0,0.0,0.435841292142868,0.3960414826869964,0.17255300283432,0.3503313958644867
2024-09-23 12:00:00,AL972024,42.0,2024-09-25 12:00:00,2 days 00:00:00,21.25,-85.17,984.2,60.3,47.89857482910156,166.9339141845703,158.63839721679688,110.91336059570312,129.93826293945312,31.35515022277832,26.871662139892575,16.703092575073242,22.15903854370117,0.0,0.0,0.0,0.0
2024-09-23 12:00:00,AL972024,42.0,2024-09-25 18:00:00,2 days 06:00:00,22.79,-85.64,979.7,68.9,39.976524353027344,245.0328369140625,218.56578063964844,145.90518188476562,198.46051025390625,113.6453628540039,97.73689270019533,71.7358627319336,90.93782043457033,36.00261688232422,31.668851852416992,24.71578788757324,29.602333068847656
2024-09-23 12:00:00,AL972024,42.0,2024-09-26 00:00:00,2 days 12:00:00,23.8,-86.3,966.4,90.2,75.36640167236328,354.6423034667969,358.4796447753906,302.493896484375,314.6771240234375,181.0023193359375,179.47567749023438,151.76260375976562,152.1985626220703,57.54362869262695,61.21903610229492,53.74989318847656,50.16634750366211
2024-09-23 12:00:00,AL972024,42.0,2024-09-26 06:00:00,2 days 18:00:00,25.05,-85.49,952.2,100.3,22.90987205505371,271.195068359375,250.6470947265625,170.16372680664062,220.70086669921875,122.4021987915039,108.54037475585938,82.74304962158203,101.07674407958984,61.59847640991211,55.80607604980469,44.70469284057617,52.87085723876953
2024-09-23 12:00:00,AL972024,42.0,2024-09-26 12:00:00,3 days 00:00:00,26.84,-85.27,952.3,95.9,63.141868591308594,251.0047607421875,239.5172271728516,162.57054138183594,194.21783447265625,110.68209838867188,99.7191925048828,75.64088439941406,89.65811157226562,51.84332275390625,47.41057586669922,38.057708740234375,44.27288818359375
2024-09-23 12:00:00,AL972024,42.0,2024-09-26 18:00:00,3 days 06:00:00,28.73,-84.81,950.8,97.6,23.819509506225582,306.7128601074219,298.7120361328125,213.9793243408203,251.73228454589844,149.1938934326172,140.6837615966797,112.10753631591795,125.6413345336914,83.45536041259766,78.79203033447266,64.43614959716797,71.8957290649414
2024-09-23 12:00:00,AL972024,42.0,2024-09-27 00:00:00,3 days 12:00:00,31.2,-84.58,961.5,74.7,33.16677474975586,204.8883209228516,204.7042236328125,151.5108184814453,166.1851043701172,90.3583984375,85.68618774414062,64.4120101928711,71.07911682128906,28.211381912231445,26.44303703308105,21.6926212310791,23.381641387939453
2024-09-23 12:00:00,AL972024,42.0,2024-09-27 06:00:00,3 days 18:00:00,33.47,-85.58,977.9,51.9,113.15476989746094,179.58958435058594,184.11688232421875,134.87857055664062,136.3141632080078,11.967608451843262,12.91370964050293,6.155904769897461,6.149959564208984,0.0,0.0,0.0,0.0
2024-09-23 12:00:00,AL972024,42.0,2024-09-27 12:00:00,4 days 00:00:00,35.57,-86.31,989.5,35.9,171.74412536621094,57.53746795654297,51.636417388916016,35.33242416381836,35.963722229003906,0.0,0.0,0.0,0.0,0.1328531056642532,0.0,0.0,0.3085722327232361
2024-09-23 12:00:00,AL972024,42.0,2024-09-27 18:00:00,4 days 06:00:00,36.69,-88.68,996.8,21.7,69.51193237304688,6.293123245239258,3.343921899795532,4.771282196044922,0.0,0.0,0.2650482356548309,0.0,0.0031898389570415,0.2870279550552368,0.1990813463926315,0.0441025979816913,0.0
2024-09-23 12:00:00,AL972024,42.0,2024-09-28 00:00:00,4 days 12:00:00,36.62,-91.1,1003.4,25.8,188.4262542724609,1.2459360361099243,0.0,0.0,0.0,0.0,0.0,0.0,0.0,0.0,0.0,0.0899298340082168,0.0045202104374766
2024-09-23 12:00:00,EP102024,42.0,2024-09-23 12:00:00,0 days 00:00:00,14.6,-98.4,992.0,60.0,37.03998651744491,74.07997303488982,55.55997977616736,55.55997977616736,55.55997977616736,37.03998651744491,0.0,0.0,0.0,,,,
2024-09-23 12:00:00,EP102024,42.0,2024-09-23 18:00:00,0 days 06:00:00,14.65,-98.32,995.5,51.1,59.00626754760742,69.52985382080078,67.96672821044922,52.64203643798828,58.725955963134766,20.678659439086918,18.31932830810547,13.845306396484377,15.671862602233888,0.0,0.0,0.0,0.0
2024-09-23 12:00:00,EP102024,42.0,2024-09-24 00:00:00,0 days 12:00:00,15.74,-98.62,979.4,72.4,41.569786071777344,79.18221282958984,75.71678161621094,62.72954940795898,67.82086181640625,38.48182678222656,34.35546875,28.22784996032715,33.066856384277344,18.912681579589844,16.99051856994629,14.45212173461914,16.59332847595215
2024-09-23 12:00:00,EP102024,42.0,2024-09-24 06:00:00,0 days 18:00:00,16.36,-99.05,986.1,63.1,50.57155990600586,57.70818328857422,57.007572174072266,46.2026481628418,48.14340591430664,27.15451431274414,25.10465812683105,19.588401794433597,22.71478843688965,13.474038124084473,12.03749179840088,9.986672401428224,11.580498695373535
2024-09-23 12:00:00,EP102024,42.0,2024-09-24 12:00:00,1 days 00:00:00,17.13,-99.03,996.5,37.9,52.4577522277832,61.57905960083008,56.16360092163086,46.436805725097656,53.06071090698242,1.9199284315109253,2.7340493202209477,2.2963342666625977,1.6833933591842651,0.1504818797111511,0.4839601814746856,0.4658320248126983,0.3098645508289337
2024-09-23 12:00:00,EP102024,42.0,2024-09-24 18:00:00,1 days 06:00:00,16.16,-100.07,1003.0,31.2,106.52156066894533,3.486578702926636,2.317713975906372,0.0,0.869503378868103,0.5659992694854736,0.2784129679203033,0.0369862765073776,0.3351197242736816,0.1168720349669456,0.0,0.0,0.1539331227540969
2024-09-23 12:00:00,EP102024,42.0,2024-09-25 00:00:00,1 days 12:00:00,16.49,-99.58,1004.1,27.1,116.49080657958984,0.0,0.0249795112758874,0.0,0.0,0.2645748853683471,0.0,0.0,0.159620776772499,0.1062483415007591,0.1082300320267677,0.0318914055824279,0.1521275490522384
2024-09-23 12:00:00,EP102024,42.0,2024-09-25 06:00:00,1 days 18:00:00,15.39,-101.58,1002.8,31.6,117.4351043701172,5.077199935913086,5.66597318649292,1.3119211196899414,3.242347478866577,0.1204786375164985,0.5868585109710693,0.1118654236197471,0.0,0.1317935585975647,0.1617553085088729,0.0664586499333381,0.1041956320405006
2024-09-23 12:00:00,EP102024,42.0,2024-09-25 12:00:00,2 days 00:00:00,16.07,-100.87,997.6,34.6,56.560394287109375,27.71192741394043,25.29586601257324,18.64338111877441,23.27080535888672,0.0,0.0,0.0,0.0,1.399181604385376,1.2346941232681274,1.159457802772522,1.2771234512329102
2024-09-23 12:00:00,EP102024,42.0,2024-09-25 18:00:00,2 days 06:00:00,15.78,-100.53,986.9,60.9,26.282344818115234,104.26419830322266,101.55013275146484,83.62853240966797,92.977294921875,52.41086196899414,48.55035018920898,39.01372528076172,44.67839813232422,17.72916603088379,15.942551612854004,12.932537078857422,15.267441749572754
2024-09-23 12:00:00,EP102024,42.0,2024-09-26 00:00:00,2 days 12:00:00,15.84,-100.43,993.9,48.9,83.81062316894531,131.13780212402344,127.87895965576172,109.32781982421876,112.24040985107422,42.10082244873047,38.29461288452149,30.86654281616211,33.720882415771484,2.18606948852539,2.3645825386047363,1.8494127988815308,1.5027415752410889
2024-09-23 12:00:00,EP102024,42.0,2024-09-26 06:00:00,2 days 18:00:00,16.15,-100.43,982.4,66.5,35.28565216064453,105.18620300292967,97.57528686523438,78.7225112915039,93.50534057617188,44.58861541748047,39.231929779052734,29.578725814819336,37.37392425537109,15.296195030212402,12.893951416015623,10.075204849243164,13.105260848999023
2024-09-23 12:00:00,EP102024,42.0,2024-09-26 12:00:00,3 days 00:00:00,16.18,-100.6,986.6,59.9,60.57095336914063,97.61619567871094,94.97577667236328,74.89149475097656,79.61536407470703,36.00349044799805,31.32842063903809,23.080297470092773,28.6055965423584,5.435331344604492,3.98626708984375,2.5507524013519287,4.231666564941406
2024-09-23 12:00:00,EP102024,42.0,2024-09-26 18:00:00,3 days 06:00:00,16.64,-100.51,981.7,69.3,23.56301498413086,122.66602325439452,120.74089813232422,104.43611145019533,109.4810562133789,65.77664947509766,63.0982780456543,52.11127471923828,56.84151840209961,27.22283363342285,25.593645095825195,21.966041564941406,23.46524810791016
2024-09-23 12:00:00,EP102024,42.0,2024-09-27 00:00:00,3 days 12:00:00,17.23,-100.74,989.9,48.7,55.660457611083984,115.02411651611328,118.24613189697266,100.84089660644533,99.75343322753906,20.052753448486328,18.83169174194336,14.49744701385498,15.377514839172363,0.0,0.0730615407228469,0.0,0.0
2024-09-23 12:00:00,EP102024,42.0,2024-09-27 06:00:00,3 days 18:00:00,18.09,-101.05,998.5,33.5,91.60237884521484,10.34377098083496,11.781262397766112,11.474215507507324,10.008975982666016,2.0968246459960938,3.325432538986206,2.431689500808716,2.041938543319702,0.6737118363380432,0.9051655530929564,0.5475625395774841,0.6440432667732239
2024-09-23 12:00:00,EP102024,42.0,2024-09-27 12:00:00,4 days 00:00:00,18.34,-101.89,1000.9,30.1,113.86651611328124,0.0,1.8993465900421145,2.0759875774383545,0.7611280083656311,0.0,0.3390815258026123,0.6375042796134949,0.3591144382953644,1.3837450742721558,1.250953197479248,1.226831316947937,1.209954857826233
2024-09-23 12:00:00,AL972024,43.0,2024-09-23 12:00:00,0 days 00:00:00,17.2,-81.7,1004.0,30.0,185.1999325872245,,,,,,,,,,,,
2024-09-23 12:00:00,AL972024,43.0,2024-09-23 18:00:00,0 days 06:00:00,17.44,-81.51,1004.0,31.2,134.78773498535156,1.7192769050598145,0.2978265285491943,0.0,0.0,0.0205994788557291,0.4151066541671753,0.320188045501709,0.2159621268510818,0.0,0.0,0.0081602837890386,0.0016201911494135
2024-09-23 12:00:00,AL972024,43.0,2024-09-24 00:00:00,0 days 12:00:00,17.92,-82.14,1000.0,34.0,81.77992248535156,5.471626281738281,4.272677898406982,0.0,2.455716133117676,0.2124568819999694,0.3240358829498291,0.157164916396141,0.0,0.0,0.080701358616352,0.136184811592102,0.0
2024-09-23 12:00:00,AL972024,43.0,2024-09-24 06:00:00,0 days 18:00:00,18.23,-82.48,999.1,39.5,78.51920318603516,45.01714324951172,37.12197494506836,21.507444381713867,32.14641189575195,0.0,0.0,0.0,0.0,0.151686206459999,0.0951756611466407,0.0480992011725902,0.0250033177435398
2024-09-23 12:00:00,AL972024,43.0,2024-09-24 12:00:00,1 days 00:00:00,18.86,-83.43,997.2,40.5,94.65318298339844,125.43954467773438,113.93372344970705,84.66095733642578,99.91671752929688,0.5545707941055298,0.0511344671249389,0.0,0.0157666802406311,0.0003174497687723,0.043538898229599,0.0614550374448299,0.0
2024-09-23 12:00:00,AL972024,43.0,2024-09-24 18:00:00,1 days 06:00:00,19.22,-84.51,997.5,42.0,138.14341735839844,47.08077621459961,38.41592788696289,20.342544555664062,31.32661819458008,0.0082705179229378,0.0,0.0,0.0,0.1117899864912033,0.0,0.0,0.0056413020938634
2024-09-23 12:00:00,AL972024,43.0,2024-09-25 00:00:00,1 days 12:00:00,19.5,-85.01,995.1,47.9,65.13116455078125,183.8171844482422,171.21290588378906,128.07147216796875,150.9573516845703,29.420778274536133,24.479490280151367,16.24138069152832,21.88228225708008,0.0,0.0,0.0,0.0
2024-09-23 12:00:00,AL972024,43.0,2024-09-25 06:00:00,1 days 18:00:00,20.69,-85.73,986.8,59.0,83.40052795410156,93.8636474609375,81.90494537353516,49.95146179199219,69.46942901611328,2.2676596641540527,1.0523205995559692,0.0,0.0,0.326377272605896,0.2408253699541092,0.0093416254967451,0.1737010180950164
2024-09-23 12:00:00,AL972024,43.0,2024-09-25 12:00:00,2 days 00:00:00,21.37,-86.25,980.3,67.3,45.0975341796875,184.0656890869141,165.01329040527344,119.95968627929688,151.66827392578125,79.78607177734375,67.21488952636719,49.8439826965332,64.73352813720703,26.194372177124023,21.987091064453125,16.968095779418945,21.858192443847656
2024-09-23 12:00:00,AL972024,43.0,2024-09-25 18:00:00,2 days 06:00:00,22.37,-86.61,976.0,72.1,36.25609588623047,206.46499633789065,188.9038848876953,139.25296020507812,172.064453125,93.87327575683594,81.58588409423828,61.87171173095703,75.66722106933594,28.666608810424805,25.25080680847168,20.08633804321289,23.71982192993164
2024-09-23 12:00:00,AL972024,43.0,2024-09-26 00:00:00,2 days 12:00:00,23.21,-86.37,962.9,87.7,45.6855354309082,219.42068481445312,209.96237182617188,150.67373657226562,172.64486694335938,90.76392364501952,82.71974182128906,63.553253173828125,73.5604476928711,36.9458236694336,34.07908248901367,27.71448135375977,31.308460235595703
2024-09-23 12:00:00,AL972024,43.0,2024-09-26 06:00:00,2 days 18:00:00,24.72,-86.14,954.4,99.0,52.675872802734375,210.24703979492188,211.31105041503903,156.03469848632812,166.28269958496094,92.59626007080078,88.50470733642578,70.81675720214844,76.2027359008789,39.76210403442383,37.96343231201172,31.84407615661621,34.35297393798828
2024-09-23 12:00:00,AL972024,43.0,2024-09-26 12:00:00,3 days 00:00:00,26.18,-85.6,953.1,100.1,51.719993591308594,215.54864501953125,224.2395782470703,165.31468200683594,169.15658569335938,92.13400268554688,89.97498321533203,71.9353256225586,75.67373657226562,40.49909973144531,38.84347915649414,32.67851638793945,34.748085021972656
2024-09-23 12:00:00,AL972024,43.0,2024-09-26 18:00:00,3 days 06:00:00,28.19,-84.74,934.5,118.4,19.111162185668945,266.6079406738281,271.19744873046875,192.8058013916016,216.10269165039065,123.1873016357422,118.7613296508789,95.46190643310548,101.9058074951172,61.93473815917969,59.78167724609375,50.32505798339844,54.24941253662109
2024-09-23 12:00:00,AL972024,43.0,2024-09-27 00:00:00,3 days 12:00:00,30.69,-84.25,964.5,75.6,84.27405548095703,206.0926513671875,208.2212829589844,138.15478515625,157.4803924560547,74.40852355957031,69.28526306152344,48.80771255493164,54.43072128295898,18.76937866210937,17.352317810058594,13.566126823425291,14.978896141052246
2024-09-23 12:00:00,AL972024,43.0,2024-09-27 06:00:00,3 days 18:00:00,33.82,-84.44,975.4,54.0,41.86827087402344,177.6334686279297,183.47119140625,135.32229614257812,139.29725646972656,19.52681350708008,21.16324615478516,11.59250259399414,12.001931190490724,0.0,0.3689567446708679,0.0646490603685379,0.0
2024-09-23 12:00:00,AL972024,43.0,2024-09-27 12:00:00,4 days 00:00:00,36.28,-85.15,983.5,40.6,52.01078414916992,200.3946990966797,191.9570770263672,149.36782836914062,160.68560791015625,9.66258716583252,10.316987991333008,5.88632869720459,7.104213237762451,0.0,0.0,0.0,0.0
2024-09-23 12:00:00,AL972024,43.0,2024-09-27 18:00:00,4 days 06:00:00,37.93,-86.57,992.8,28.5,64.25818634033203,7.809213161468506,4.30835485458374,0.0,0.0,0.486492782831192,0.1824413985013961,0.0174584127962589,0.1498939096927642,0.3028767704963684,0.2345127463340759,0.063405618071556,0.0
2024-09-23 12:00:00,AL972024,43.0,2024-09-28 00:00:00,4 days 12:00:00,38.49,-87.64,998.7,23.0,142.6059112548828,6.050159454345703,1.9876494407653809,0.0,0.0,0.4490121304988861,0.8187851905822754,0.0,0.5375369787216187,0.0239986553788185,0.0,0.0,0.0
2024-09-23 12:00:00,AL972024,43.0,2024-09-28 06:00:00,4 days 18:00:00,39.35,-90.6,1000.2,24.0,150.99008178710938,5.599958896636963,2.2313952445983887,0.9374781250953674,2.428385972976685,0.0,0.0737109631299972,0.0,0.0,0.0,0.0,0.0,0.0
2024-09-23 12:00:00,EP102024,43.0,2024-09-23 12:00:00,0 days 00:00:00,14.6,-98.4,992.0,60.0,37.03998651744491,74.07997303488982,55.55997977616736,55.55997977616736,55.55997977616736,37.03998651744491,0.0,0.0,0.0,,,,
2024-09-23 12:00:00,EP102024,43.0,2024-09-23 18:00:00,0 days 06:00:00,15.14,-98.49,992.0,55.1,54.40442657470703,96.16909790039062,85.87326049804688,65.44359588623047,82.5670166015625,45.26823806762695,37.43806457519531,28.387845993041992,36.04864501953125,6.095660209655762,4.109194755554199,2.715049743652344,4.786503791809082
2024-09-23 12:00:00,EP102024,43.0,2024-09-24 00:00:00,0 days 12:00:00,16.21,-98.9,988.2,60.0,33.84051513671875,75.82743835449219,66.06120300292969,49.25761795043945,64.24947357177734,31.305744171142575,24.461837768554688,16.1086368560791,24.358789443969727,5.534856796264648,3.5564682483673096,2.101948976516724,4.4136152267456055
2024-09-23 12:00:00,EP102024,43.0,2024-09-24 06:00:00,0 days 18:00:00,16.72,-99.25,990.1,54.5,36.089691162109375,74.56208801269531,66.91252899169922,53.85197448730469,64.37287902832031,25.537302017211918,22.54378700256348,16.03840446472168,20.456392288208008,2.225715398788452,1.554608941078186,1.0149109363555908,1.6483144760131836
2024-09-23 12:00:00,EP102024,43.0,2024-09-24 12:00:00,1 days 00:00:00,16.95,-100.2,991.0,49.5,31.309404373168945,51.26006317138672,47.64516067504883,40.96919250488281,47.61406707763672,11.826358795166016,11.174278259277344,8.13671588897705,9.658634185791016,0.6699978709220886,0.5064749717712402,0.4891510307788849,0.7048584818840027
2024-09-23 12:00:00,EP102024,43.0,2024-09-24 18:00:00,1 days 06:00:00,16.49,-100.19,999.4,40.6,90.14973449707033,21.40885162353516,20.81200218200684,10.419288635253906,16.523475646972656,1.8914629220962524,1.791154384613037,1.5039825439453125,1.381980061531067,0.0736820697784423,0.0,0.0,0.0928549543023109
2024-09-23 12:00:00,EP102024,43.0,2024-09-25 00:00:00,1 days 12:00:00,16.9,-100.95,1000.2,30.1,70.33374786376953,1.435080885887146,1.4379786252975464,0.0,0.3645049035549164,0.8589656352996826,0.7611852884292603,0.2628794014453888,0.86909419298172,0.1816549003124237,0.1877810508012771,0.004661307670176,0.2161788493394851
2024-09-23 12:00:00,EP102024,43.0,2024-09-25 06:00:00,1 days 18:00:00,16.23,-100.6,1000.1,33.8,103.71009063720705,0.0,0.0,0.0,0.0,0.0,0.2765357196331024,0.3210655748844147,0.1766205132007599,0.7200908660888672,0.5986879467964172,0.6911239624023438,0.7956141829490662
2024-09-23 12:00:00,EP102024,43.0,2024-09-25 12:00:00,2 days 00:00:00,16.52,-101.27,998.7,32.3,71.69605255126953,42.14241790771485,40.23040008544922,31.320167541503903,33.218204498291016,0.2139554172754287,0.4827063083648681,0.3029535412788391,0.132735401391983,0.6204018592834473,0.6079717874526978,0.549964189529419,0.5204999446868896
2024-09-23 12:00:00,EP102024,43.0,2024-09-25 18:00:00,2 days 06:00:00,16.3,-100.45,994.9,40.5,40.41542434692383,23.257614135742188,24.32023811340332,17.629846572875977,19.962087631225582,4.515161514282227,3.925547599792481,3.056711435317993,3.656129837036133,0.0975507125258445,0.0,0.0,0.0702295526862144
2024-09-23 12:00:00,EP102024,43.0,2024-09-26 00:00:00,2 days 12:00:00,16.86,-99.95,999.8,34.4,97.56922149658205,8.562026977539062,6.693079948425293,0.9272249937057496,5.867480754852295,0.8978545665740967,0.4341344833374023,0.0,0.3822402656078338,0.0622157528996467,0.0815714821219444,0.0064460826106369,0.0034558058250695
2024-09-23 12:00:00,EP102024,43.0,2024-09-26 06:00:00,2 days 18:00:00,17.28,-100.25,997.9,37.8,87.62037658691406,25.207521438598636,22.740758895874023,17.64586639404297,23.21617317199707,0.2719260156154632,0.8951290249824524,1.0150078535079956,0.5513210296630859,0.2482321411371231,0.4347117841243744,0.3520691394805908,0.2373317778110504
2024-09-23 12:00:00,EP102024,43.0,2024-09-26 12:00:00,3 days 00:00:00,17.26,-100.58,1001.2,29.9,110.6015167236328,2.4369170665740967,1.2098299264907837,0.0,1.147774338722229,0.0139002744108438,0.1665940880775451,0.0383373200893402,0.1734366416931152,0.3331933915615082,0.3145595192909241,0.1884147226810455,0.1927764415740966
2024-09-23 12:00:00,EP102024,43.0,2024-09-26 18:00:00,3 days 06:00:00,17.18,-100.12,1001.3,29.4,45.08717346191406,7.728523254394531,8.741189002990723,5.82019567489624,8.052115440368652,1.822287678718567,1.912292718887329,1.4484466314315796,1.5650913715362549,0.3250108063220978,0.1947685182094574,0.1120054125785827,0.3302274346351623
2024-09-23 12:00:00,EP102024,43.0,2024-09-27 00:00:00,3 days 12:00:00,17.11,-100.79,1001.3,30.7,101.68730926513672,2.7106308937072754,2.2969777584075928,0.0,1.4836198091506958,0.6562158465385437,0.3060666620731354,0.0,0.5151378512382507,0.1050605848431587,0.0,0.0,0.1597250699996948
2024-09-23 12:00:00,EP102024,43.0,2024-09-27 06:00:00,3 days 18:00:00,17.41,-100.63,1000.9,24.4,57.62712478637695,0.0,0.7297078371047974,0.4415954053401947,0.0,0.0,0.2028244733810424,0.2743342220783233,0.0,0.2316103875637054,0.1463209986686706,0.2221586406230926,0.2614466547966003
2024-09-23 12:00:00,EP102024,43.0,2024-09-27 12:00:00,4 days 00:00:00,17.74,-101.19,1001.3,24.6,67.2006607055664,0.0,0.0,0.0,0.4974598288536072,0.0,0.0521195903420448,0.5639811754226685,0.0,0.3021084666252136,0.262904405593872,0.3533719778060913,0.1914512068033218
2024-09-23 12:00:00,AL972024,44.0,2024-09-23 12:00:00,0 days 00:00:00,17.2,-81.7,1004.0,30.0,185.1999325872245,,,,,,,,,,,,
2024-09-23 12:00:00,AL972024,44.0,2024-09-23 18:00:00,0 days 06:00:00,17.41,-82.13,1004.1,23.4,84.1086654663086,3.3697195053100586,3.161813497543335,1.1260459423065186,0.8695793747901917,0.0,0.0,0.0,0.0,0.2864983081817627,0.0444282628595829,0.1373929232358932,0.1319779604673385
2024-09-23 12:00:00,AL972024,44.0,2024-09-24 00:00:00,0 days 12:00:00,18.21,-82.3,1005.1,30.8,154.0552520751953,1.8055051565170288,0.0,0.0,0.0,0.0,0.296525776386261,0.1485984921455383,0.163219928741455,0.0,0.0,0.0374784767627716,0.0
2024-09-23 12:00:00,AL972024,44.0,2024-09-24 06:00:00,0 days 18:00:00,18.52,-82.92,1003.2,33.3,169.5631866455078,3.256026029586792,2.435415029525757,0.0,0.0,0.0,0.3028174936771393,0.0,0.0,0.0,0.0,0.0,0.0
2024-09-23 12:00:00,AL972024,44.0,2024-09-24 12:00:00,1 days 00:00:00,18.89,-83.38,999.3,43.0,144.6530303955078,45.501983642578125,36.17730712890625,20.75882339477539,30.11017799377441,0.0,0.0,0.0,0.0,0.0332785844802856,0.0,0.0,0.0023078564554452
2024-09-23 12:00:00,AL972024,44.0,2024-09-24 18:00:00,1 days 06:00:00,19.25,-84.15,997.8,41.6,70.08084869384766,133.29283142089844,119.76524353027344,81.97509765625,103.30784606933594,2.4526867866516118,0.700431227684021,0.0,0.5408984422683716,0.0079828854650259,0.0,0.0,0.0
2024-09-23 12:00:00,AL972024,44.0,2024-09-25 00:00:00,1 days 12:00:00,19.49,-84.84,988.0,59.5,87.46331787109375,134.1684112548828,121.23790740966795,83.68145751953125,107.04366302490234,4.35279655456543,2.321897029876709,0.0,1.6549032926559448,0.0650417730212211,0.0,0.0,0.0
2024-09-23 12:00:00,AL972024,44.0,2024-09-25 06:00:00,1 days 18:00:00,20.47,-85.31,985.6,58.8,53.1006965637207,211.8516845703125,187.78175354003903,142.0253448486328,180.3790740966797,97.5202178955078,85.57569885253906,65.10729217529297,78.93196105957031,17.597408294677734,15.797371864318848,12.48206615447998,14.416897773742676
2024-09-23 12:00:00,AL972024,44.0,2024-09-25 12:00:00,2 days 00:00:00,21.47,-85.76,972.3,81.6,44.819854736328125,190.9581451416016,183.3923797607422,139.96328735351562,157.26515197753906,73.47834777832031,64.90885925292969,51.603782653808594,57.17426681518555,12.567750930786133,11.598810195922852,9.479888916015623,10.533347129821776
2024-09-23 12:00:00,AL972024,44.0,2024-09-25 18:00:00,2 days 06:00:00,21.93,-86.02,965.3,85.6,25.294878005981445,253.0890350341797,232.83377075195312,160.6988983154297,207.42335510253903,118.3353042602539,103.55018615722656,79.59761047363281,98.70418548583984,62.49379348754883,55.78583526611328,44.56739044189453,52.97125625610352
2024-09-23 12:00:00,AL972024,44.0,2024-09-26 00:00:00,2 days 12:00:00,22.84,-86.26,953.3,103.2,41.89485168457031,294.5865783691406,277.98760986328125,203.65313720703125,241.00457763671875,137.7432098388672,127.8798828125,103.34635925292967,117.70506286621094,73.14747619628906,68.54340362548828,56.63825988769531,63.17953109741211
2024-09-23 12:00:00,AL972024,44.0,2024-09-26 06:00:00,2 days 18:00:00,24.21,-85.78,946.4,108.1,28.13717460632324,298.1041564941406,293.9359130859375,220.7430877685547,249.14974975585935,142.99197387695312,136.76162719726562,113.27593231201172,122.8520278930664,83.99077606201172,80.3118896484375,67.4979476928711,73.15945434570312
2024-09-23 12:00:00,AL972024,44.0,2024-09-26 12:00:00,3 days 00:00:00,26.24,-85.1,934.6,120.3,22.57221984863281,285.2921447753906,285.8981018066406,213.96383666992188,241.6569366455078,137.17474365234375,133.07135009765625,110.8840103149414,119.37494659423828,82.29570007324219,79.06219482421875,66.75273895263672,72.7556381225586
2024-09-23 12:00:00,AL972024,44.0,2024-09-26 18:00:00,3 days 06:00:00,28.25,-84.29,937.5,112.9,55.61544418334961,271.4399108886719,272.7317199707031,191.6375732421875,219.71031188964844,119.66667938232422,116.70462799072266,92.83987426757812,98.6762237548828,68.37627410888672,66.05026245117188,55.18990707397461,59.86467361450195
2024-09-23 12:00:00,AL972024,44.0,2024-09-27 00:00:00,3 days 12:00:00,30.93,-83.35,958.6,77.0,40.58497619628906,321.2021789550781,325.0135192871094,244.6630706787109,269.35308837890625,158.7731475830078,156.04713439941406,124.93497467041016,133.1756591796875,68.23991394042969,66.55608367919922,56.03377151489258,58.30710220336914
2024-09-23 12:00:00,AL972024,44.0,2024-09-27 06:00:00,3 days 18:00:00,34.47,-84.04,978.1,48.1,58.99630737304688,142.58721923828125,156.9014892578125,112.93667602539062,111.09783172607422,8.234724998474121,11.185794830322266,4.662085056304932,3.3105664253234863,0.0,0.0,0.0,0.0
2024-09-23 12:00:00,AL972024,44.0,2024-09-27 12:00:00,4 days 00:00:00,36.59,-85.2,985.4,37.6,92.01245880126952,44.38697052001953,40.32756042480469,24.412336349487305,28.42021942138672,1.921154499053955,1.419932246208191,0.7255563139915466,0.7402166724205017,0.3425117433071136,0.0714073553681373,0.0,0.1014101207256317
2024-09-23 12:00:00,AL972024,44.0,2024-09-27 18:00:00,4 days 06:00:00,37.18,-88.05,990.9,26.9,74.07764434814453,12.472858428955078,10.355990409851074,6.309320449829102,7.57884407043457,0.0608454123139381,0.4200357496738434,0.0,0.0,0.6506698131561279,0.3991594612598419,0.0239629223942756,0.3527173697948456
2024-09-23 12:00:00,EP102024,44.0,2024-09-23 12:00:00,0 days 00:00:00,14.6,-98.4,992.0,60.0,37.03998651744491,74.07997303488982,55.55997977616736,55.55997977616736,55.55997977616736,37.03998651744491,0.0,0.0,0.0,,,,
2024-09-23 12:00:00,EP102024,44.0,2024-09-23 18:00:00,0 days 06:00:00,15.09,-98.76,994.5,46.6,42.35989761352539,49.323856353759766,51.455562591552734,40.310306549072266,41.92317199707031,1.9864306449890137,1.8166887760162356,1.1650007963180542,1.2579108476638794,0.0,0.0,0.0,0.0
2024-09-23 12:00:00,EP102024,44.0,2024-09-24 00:00:00,0 days 12:00:00,15.88,-98.47,978.6,76.1,42.90438461303711,102.12369537353516,94.81364440917967,75.26396942138672,83.73883056640625,45.706939697265625,40.35210800170898,32.72467041015625,38.80487823486328,21.214500427246094,19.23257827758789,15.963872909545898,18.358041763305664
2024-09-23 12:00:00,EP102024,44.0,2024-09-24 06:00:00,0 days 18:00:00,16.18,-98.72,974.6,81.3,42.883243560791016,88.66822814941406,87.54747009277344,69.24314880371094,73.98055267333984,44.39222717285156,40.63637161254883,32.73076629638672,38.10262298583984,24.673816680908203,21.968093872070312,18.60384559631348,21.389568328857425
2024-09-23 12:00:00,EP102024,44.0,2024-09-24 12:00:00,1 days 00:00:00,17.05,-99.28,987.5,58.6,63.77675247192383,87.13153076171875,82.76268768310547,67.47747039794922,72.11266326904297,23.89973258972168,22.40766716003418,16.744047164916992,18.85622978210449,1.817928433418274,1.5881508588790894,1.339728593826294,1.3150421380996704
2024-09-23 12:00:00,EP102024,44.0,2024-09-24 18:00:00,1 days 06:00:00,17.4,-99.18,996.2,39.0,41.34601211547852,61.72298431396485,59.44459533691406,47.04872512817383,54.91316223144531,6.574488639831543,6.224430561065674,4.990039348602295,5.293607711791992,0.0,0.0112776486203074,0.1120083555579185,0.068001814186573
2024-09-23 12:00:00,EP102024,44.0,2024-09-25 00:00:00,1 days 12:00:00,17.3,-99.92,1003.4,27.1,105.51322174072266,0.0,0.0,0.0,0.0,2.0649096965789795,0.806807279586792,0.9846766591072084,2.019320249557495,0.6677597761154175,0.2182971835136413,0.324818342924118,0.6065059304237366
2024-09-23 12:00:00,EP102024,44.0,2024-09-25 06:00:00,1 days 18:00:00,17.22,-100.75,1000.6,32.5,74.84420776367188,58.02147674560547,55.56846237182617,47.01353454589844,50.62934112548828,10.953675270080566,10.16184139251709,7.248775959014893,8.939482688903809,0.4975976347923279,0.4676814377307892,0.4876069724559784,0.2938069701194763
2024-09-23 12:00:00,EP102024,44.0,2024-09-25 12:00:00,2 days 00:00:00,16.29,-101.66,998.1,38.6,69.2173080444336,43.09001159667969,38.89697265625,31.287988662719727,36.56699752807617,0.0,0.0,0.0,0.0,0.4117951989173889,0.4621607363224029,0.4141556024551391,0.2232829630374908
2024-09-23 12:00:00,EP102024,44.0,2024-09-25 18:00:00,2 days 06:00:00,16.29,-101.14,993.7,46.3,43.991172790527344,85.34371185302734,82.63099670410156,64.80184936523438,71.32014465332031,23.536182403564453,21.43659019470215,15.304936408996582,18.04722595214844,0.828146755695343,0.3924154937267303,0.2025980800390243,0.4878389239311218
2024-09-23 12:00:00,EP102024,44.0,2024-09-26 00:00:00,2 days 12:00:00,16.44,-100.74,986.8,61.4,55.01949691772461,113.22063446044922,110.0038833618164,90.81732177734376,96.02274322509766,44.85726165771485,41.12495040893555,32.029109954833984,36.31857299804688,8.313626289367676,7.62533712387085,6.1945390701293945,6.825232982635498
2024-09-23 12:00:00,EP102024,44.0,2024-09-26 06:00:00,2 days 18:00:00,17.27,-100.98,989.5,54.2,45.64858627319336,135.77188110351562,126.32942199707033,108.89832305908205,118.01405334472656,39.860595703125,36.35365676879883,27.866989135742188,32.578819274902344,1.515504002571106,1.236938238143921,1.078944444656372,1.1070115566253662
2024-09-23 12:00:00,EP102024,44.0,2024-09-26 12:00:00,3 days 00:00:00,17.17,-101.1,994.1,43.0,48.09601211547852,46.56936264038086,44.54966735839844,41.02274703979492,42.08069610595703,8.330854415893555,8.830801963806152,6.753424644470215,7.046166896820068,0.5268428325653076,0.6148917078971863,0.6922081112861633,0.3691429793834686
2024-09-23 12:00:00,EP102024,44.0,2024-09-26 18:00:00,3 days 06:00:00,17.74,-100.85,997.1,41.2,70.07199096679688,26.84716033935547,32.401851654052734,22.048587799072266,21.995519638061523,6.623267650604248,6.122950077056885,4.311082363128662,4.811843395233154,0.5255450010299683,0.18960040807724,0.0,0.3255060911178589
2024-09-23 12:00:00,EP102024,44.0,2024-09-27 00:00:00,3 days 12:00:00,17.82,-101.87,999.7,29.1,56.01876068115234,13.327977180480955,9.352526664733888,7.281716346740723,13.006340026855469,1.6857773065567017,1.6784828901290894,0.7396924495697021,1.6215561628341677,0.1735891103744506,0.1226103752851486,0.1257606893777847,0.2086367160081863
2024-09-23 12:00:00,EP102024,44.0,2024-09-27 06:00:00,3 days 18:00:00,18.15,-101.45,999.8,27.2,59.49638748168945,17.05943489074707,17.059696197509766,14.871885299682615,15.33482551574707,1.4372029304504397,2.5783114433288574,1.746608018875122,1.9122023582458496,0.4799477458000183,0.3518776893615722,0.3423759043216705,0.35246342420578
2024-09-23 12:00:00,EP102024,44.0,2024-09-27 12:00:00,4 days 00:00:00,18.61,-100.78,1002.1,23.3,63.15916061401367,0.0,0.0,0.0,0.0,0.0,0.3357366323471069,0.3059332966804504,0.2112133353948593,0.2923035621643066,0.1689963191747665,0.3319967985153198,0.0447268933057785
2024-09-23 12:00:00,AL972024,45.0,2024-09-23 12:00:00,0 days 00:00:00,17.2,-81.7,1004.0,30.0,185.1999325872245,,,,,,,,,,,,
2024-09-23 12:00:00,AL972024,45.0,2024-09-23 18:00:00,0 days 06:00:00,17.35,-81.87,1004.7,29.4,114.45368957519533,0.0,0.8057392239570618,0.0,0.0,0.0,0.1162730008363723,0.0,0.0,0.0810000300407409,0.0,0.0,0.0
2024-09-23 12:00:00,AL972024,45.0,2024-09-24 00:00:00,0 days 12:00:00,17.96,-82.33,1002.5,33.5,114.04810333251952,2.5001232624053955,1.8482325077056885,0.0,0.0,0.0,0.1893558204174041,0.0,0.0,0.0198050066828727,0.0,0.0,0.0
2024-09-23 12:00:00,AL972024,45.0,2024-09-24 06:00:00,0 days 18:00:00,18.25,-82.34,998.1,39.5,68.95619201660156,41.27388000488281,32.69023895263672,18.804616928100582,28.747711181640625,0.1168854907155036,0.0,0.0,0.0,0.152673989534378,0.1336720585823059,0.0582213774323463,0.0303865205496549
2024-09-23 12:00:00,AL972024,45.0,2024-09-24 12:00:00,1 days 00:00:00,18.73,-83.08,997.8,40.5,68.68116760253906,12.456902503967283,9.019525527954102,0.0,6.2932610511779785,0.6420802474021912,0.1809123456478119,0.0,0.2231426388025283,0.1144069135189056,0.0075673582032322,0.0075085004791617,0.0
2024-09-23 12:00:00,AL972024,45.0,2024-09-24 18:00:00,1 days 06:00:00,19.26,-84.6,998.3,40.3,112.67859649658205,3.703115224838257,1.5927705764770508,0.0,0.0,0.0,0.1634133011102676,0.0,0.0,0.0,0.0,0.0,0.0
2024-09-23 12:00:00,AL972024,45.0,2024-09-25 00:00:00,1 days 12:00:00,19.59,-85.09,997.5,42.5,60.729862213134766,91.31160736083984,85.48843383789062,55.66579818725586,70.48725128173828,6.212579250335693,4.96102237701416,1.3828630447387695,3.584924697875977,0.0,0.0,0.0,0.0
2024-09-23 12:00:00,AL972024,45.0,2024-09-25 06:00:00,1 days 18:00:00,21.08,-85.98,991.0,53.6,120.34207916259766,88.00460052490234,74.44391632080078,46.01668167114258,63.0893783569336,0.854138970375061,0.0,0.0,0.0,0.3441013395786285,0.3815548419952392,0.073496401309967,0.2242137193679809
2024-09-23 12:00:00,AL972024,45.0,2024-09-25 12:00:00,2 days 00:00:00,21.93,-86.64,984.1,64.1,48.93207550048828,226.45831298828125,208.27120971679688,155.16314697265625,189.40792846679688,100.9999542236328,87.86666107177734,66.04059600830078,81.63338470458984,19.45833396911621,16.756011962890625,12.673954963684082,15.966069221496582
2024-09-23 12:00:00,AL972024,45.0,2024-09-25 18:00:00,2 days 06:00:00,22.65,-86.92,975.0,74.2,33.13409423828125,211.73922729492188,191.1139373779297,146.4565887451172,177.7733917236328,104.59906768798828,94.77875518798828,76.29971313476562,90.06877899169922,50.780033111572266,46.73823928833008,38.39200592041016,43.57761764526367
2024-09-23 12:00:00,AL972024,45.0,2024-09-26 00:00:00,2 days 12:00:00,23.29,-86.51,974.9,72.7,42.69300079345703,178.8657989501953,175.26690673828125,127.59657287597656,143.60281372070312,78.76239776611328,72.52433013916016,55.13456726074219,63.16606903076172,28.28278160095215,26.309816360473636,21.06810760498047,23.5444393157959
2024-09-23 12:00:00,AL972024,45.0,2024-09-26 06:00:00,2 days 18:00:00,24.55,-85.93,967.0,86.7,64.96047973632812,223.6379547119141,221.9883270263672,157.49636840820312,178.92156982421875,102.3052749633789,97.30372619628906,75.91889953613281,84.6325912475586,51.95904922485352,48.94429397583008,39.86538696289063,43.9033432006836
2024-09-23 12:00:00,AL972024,45.0,2024-09-26 12:00:00,3 days 00:00:00,26.17,-84.82,956.3,95.0,26.4454345703125,277.0275573730469,277.9604797363281,208.84390258789065,227.6396942138672,135.49110412597656,132.89796447753906,107.31974792480467,115.64276123046876,65.98363494873047,64.08853912353516,53.42301177978516,56.79775238037109
2024-09-23 12:00:00,AL972024,45.0,2024-09-26 18:00:00,3 days 06:00:00,28.53,-84.07,953.2,98.2,53.339385986328125,213.1822662353516,213.27281188964844,148.5878143310547,162.90045166015625,93.74392700195312,89.72840118408203,70.12598419189453,76.65367126464844,47.44154739379883,44.77326583862305,36.98776245117188,40.41634368896485
2024-09-23 12:00:00,AL972024,45.0,2024-09-27 00:00:00,3 days 12:00:00,31.31,-83.33,968.9,71.2,81.67808532714844,182.22579956054688,186.4889678955078,127.83356475830078,136.7173309326172,73.29659271240234,69.04522705078125,50.01454162597656,55.87326431274414,22.85737609863281,20.416898727416992,16.20949363708496,18.065940856933597
2024-09-23 12:00:00,AL972024,45.0,2024-09-27 06:00:00,3 days 18:00:00,34.51,-83.52,982.7,44.2,52.49240112304688,149.87295532226562,154.2579345703125,109.36585998535156,115.16950225830078,7.257885456085205,8.711140632629395,3.3810884952545166,3.291640520095825,0.0,0.0,0.0,0.0
2024-09-23 12:00:00,AL972024,45.0,2024-09-27 12:00:00,4 days 00:00:00,36.04,-85.01,992.4,30.6,123.10725402832033,10.325360298156738,4.841760158538818,1.255859136581421,0.601469099521637,0.0,0.0,0.0,0.0,0.6394847631454468,0.0450327731668949,0.0,0.3120560050010681
2024-09-23 12:00:00,AL972024,45.0,2024-09-27 18:00:00,4 days 06:00:00,37.19,-86.83,990.9,31.2,69.08939361572266,24.73155212402344,9.426592826843262,7.921238422393799,15.824989318847656,1.7390427589416504,0.8845928311347961,0.0,2.066608667373657,0.7029709815979004,0.2688698768615722,0.25749671459198,0.6648165583610535
2024-09-23 12:00:00,AL972024,45.0,2024-09-28 00:00:00,4 days 12:00:00,37.35,-88.88,1002.2,22.6,137.07232666015625,0.0,0.0,0.0,0.0,0.0,0.0,0.0,0.0,0.1066353172063827,0.0,0.0,0.0881548449397087
2024-09-23 12:00:00,AL972024,45.0,2024-09-28 06:00:00,4 days 18:00:00,34.68,-91.51,1001.6,24.6,134.52395629882812,0.0,0.0,0.0,0.0,0.4920341074466705,0.6349846124649048,0.079360507428646,0.0,0.0,0.0,0.0,0.0
2024-09-23 12:00:00,AL972024,45.0,2024-09-28 12:00:00,5 days 00:00:00,35.61,-92.29,998.7,25.1,84.65309143066406,2.5112476348876958,0.6153302192687988,0.0,0.0,0.0,0.1586611717939376,0.415937066078186,0.0,0.0,0.0432554185390472,0.0194761082530021,0.0
2024-09-23 12:00:00,EP102024,45.0,2024-09-23 12:00:00,0 days 00:00:00,14.6,-98.4,992.0,60.0,37.03998651744491,74.07997303488982,55.55997977616736,55.55997977616736,55.55997977616736,37.03998651744491,0.0,0.0,0.0,,,,
2024-09-23 12:00:00,EP102024,45.0,2024-09-23 18:00:00,0 days 06:00:00,15.29,-98.56,987.0,62.4,38.512943267822266,86.07661437988281,78.09800720214844,58.491790771484375,70.21924591064453,40.390533447265625,34.449825286865234,26.91120147705078,32.57520294189453,11.059008598327637,8.829100608825684,6.894129276275635,9.276615142822266
2024-09-23 12:00:00,EP102024,45.0,2024-09-24 00:00:00,0 days 12:00:00,15.91,-98.52,978.4,72.4,30.61995887756348,72.1851806640625,67.2490463256836,52.781524658203125,61.34003829956055,35.86769485473633,29.61285781860352,23.70230865478516,29.80414581298828,12.53930950164795,10.000365257263184,8.307000160217285,11.105204582214355
2024-09-23 12:00:00,EP102024,45.0,2024-09-24 06:00:00,0 days 18:00:00,16.08,-98.92,976.4,76.7,24.164316177368164,108.40826416015624,104.14787292480467,90.9543914794922,99.13734436035156,56.30240249633789,54.44827651977539,45.85719299316406,50.52976989746094,28.331466674804688,26.66889953613281,22.997806549072266,25.0261173248291
2024-09-23 12:00:00,EP102024,45.0,2024-09-24 12:00:00,1 days 00:00:00,16.58,-98.85,982.8,64.9,37.47601318359375,103.79440307617188,98.835205078125,81.8950424194336,91.78467559814452,42.690162658691406,38.06173706054688,29.90526962280273,35.15178680419922,10.992938041687012,9.773521423339844,8.22932243347168,9.505562782287598
2024-09-23 12:00:00,EP102024,45.0,2024-09-24 18:00:00,1 days 06:00:00,17.01,-99.71,999.5,36.2,78.61333465576172,7.103971004486084,5.831475257873535,0.3429434597492218,3.1832945346832275,1.3407200574874878,1.325887680053711,1.564427375793457,1.359736680984497,0.5091288089752197,0.2746466100215912,0.2870025932788849,0.7783495783805847
2024-09-23 12:00:00,EP102024,45.0,2024-09-25 00:00:00,1 days 12:00:00,17.03,-99.46,999.8,29.4,57.909664154052734,0.4851652979850769,0.0,0.0,0.0,2.3152170181274414,1.5376999378204346,0.8250923156738281,2.140202522277832,0.4615564346313476,0.1785713881254196,0.1588490456342697,0.4000864624977112
2024-09-23 12:00:00,EP102024,45.0,2024-09-25 06:00:00,1 days 18:00:00,16.27,-101.06,1002.8,29.2,115.3545379638672,0.0,1.2043825387954712,0.0,0.9460107684135436,0.0,0.0,0.0,0.0455608703196048,0.4787626266479492,0.279888778924942,0.1364036053419113,0.5419102311134338
2024-09-23 12:00:00,EP102024,45.0,2024-09-25 12:00:00,2 days 00:00:00,16.25,-101.43,996.6,42.4,63.12169647216797,127.36482238769533,122.962646484375,100.42255401611328,109.5349349975586,9.637310028076172,8.192630767822266,5.054103851318359,7.047862529754639,0.1633450239896774,0.2208646535873413,0.2595915794372558,0.1176913678646087
2024-09-23 12:00:00,EP102024,45.0,2024-09-25 18:00:00,2 days 06:00:00,16.28,-100.86,987.8,57.5,26.61602783203125,108.16033935546876,102.98155212402344,89.18638610839844,96.64649200439452,54.66852951049805,50.48686218261719,41.27814483642578,46.06926727294922,13.365310668945312,12.076748847961426,9.811503410339355,11.426462173461914
2024-09-23 12:00:00,EP102024,45.0,2024-09-26 00:00:00,2 days 12:00:00,16.53,-100.74,988.3,57.7,46.13892364501953,92.97164154052734,86.3368148803711,65.95248413085938,77.73629760742188,40.535911560058594,34.16694641113281,25.07223129272461,32.91895294189453,8.544363975524902,6.429125785827637,4.672067642211914,7.014469146728516
2024-09-23 12:00:00,EP102024,45.0,2024-09-26 06:00:00,2 days 18:00:00,16.82,-100.85,987.3,59.7,56.92760848999024,116.56178283691406,114.04625701904295,99.68768310546876,103.76709747314452,52.01405715942383,48.49493408203125,39.04376602172852,44.10548400878906,12.16298484802246,11.274787902832031,9.40297794342041,10.499778747558594
2024-09-23 12:00:00,EP102024,45.0,2024-09-26 12:00:00,3 days 00:00:00,17.39,-101.46,983.4,61.1,40.0973014831543,134.8463897705078,130.80001831054688,117.32438659667967,120.15628051757812,71.96734619140625,68.0010986328125,56.32649993896485,62.49922180175781,22.352542877197266,21.27410697937012,18.118682861328125,19.367156982421875
2024-09-23 12:00:00,EP102024,45.0,2024-09-26 18:00:00,3 days 06:00:00,17.74,-101.26,993.5,45.3,73.98321533203125,59.820289611816406,58.25171661376953,46.35725784301758,47.93971252441406,15.719310760498049,14.332868576049805,10.553401947021484,12.788643836975098,0.3263365030288696,0.1756424307823181,0.0,0.1804529875516891
2024-09-23 12:00:00,EP102024,45.0,2024-09-27 00:00:00,3 days 12:00:00,17.91,-101.52,988.8,55.1,63.61064910888672,69.85165405273438,66.12505340576172,56.72013473510742,63.83053970336914,31.41387176513672,27.668018341064453,21.56393814086914,26.316349029541016,5.539844512939453,4.35246467590332,3.730475902557373,4.701149940490723
2024-09-23 12:00:00,EP102024,45.0,2024-09-27 06:00:00,3 days 18:00:00,17.93,-101.24,995.3,36.0,39.44725036621094,37.504825592041016,34.75263977050781,28.823183059692383,31.85605239868164,2.047865867614746,2.5789310932159424,1.82240891456604,2.136526107788086,0.5593328475952148,0.3150568306446075,0.3732655048370361,0.4741157591342926
2024-09-23 12:00:00,EP102024,45.0,2024-09-27 12:00:00,4 days 00:00:00,17.91,-102.05,1001.5,26.7,87.05199432373047,1.8126760721206665,0.3573648631572723,0.0,0.6172786951065063,0.2247759997844696,0.198770985007286,0.1188965290784835,0.112233780324459,0.1738069802522659,0.0266114976257085,0.0606933198869228,0.1740866899490356
2024-09-23 12:00:00,AL972024,46.0,2024-09-23 12:00:00,0 days 00:00:00,17.2,-81.7,1004.0,30.0,185.1999325872245,,,,,,,,,,,,
2024-09-23 12:00:00,AL972024,46.0,2024-09-23 18:00:00,0 days 06:00:00,17.01,-82.19,1005.5,23.3,92.36222076416016,0.0,0.0,0.0,0.0047005731612443,0.2507079541683197,0.0,0.1960458755493164,0.0768206268548965,0.0362543687224388,0.0,0.1128537505865097,0.0222639944404363
2024-09-23 12:00:00,AL972024,46.0,2024-09-24 00:00:00,0 days 12:00:00,18.1,-82.07,1002.7,36.3,132.5801544189453,6.1262946128845215,4.00271463394165,0.0,3.042589902877808,0.0,0.1676062047481537,0.0,0.0,0.0,0.0013767639175057,0.0304975360631942,0.0
2024-09-23 12:00:00,AL972024,46.0,2024-09-24 06:00:00,0 days 18:00:00,18.11,-82.91,1000.7,37.9,113.7006607055664,3.439514636993408,1.9315147399902344,0.0,0.0437457486987113,0.0,0.3473185300827026,0.0,0.0,0.0497412048280239,0.0034339863341301,0.0,0.0
2024-09-23 12:00:00,AL972024,46.0,2024-09-24 12:00:00,1 days 00:00:00,18.92,-83.58,995.1,46.7,65.6113052368164,142.2151641845703,130.71395874023438,95.18741607666016,113.9288101196289,21.43087577819824,18.374889373779297,12.091419219970703,15.653095245361328,0.0,0.0,0.0,0.0
2024-09-23 12:00:00,AL972024,46.0,2024-09-24 18:00:00,1 days 06:00:00,19.3,-84.48,996.1,44.1,85.52433013916016,141.3402862548828,130.50991821289062,98.3381576538086,113.20561981201172,0.8859767913818359,0.0818409696221351,0.0,0.1195689588785171,0.0752641335129737,0.0592882707715034,0.0469508804380893,0.0967636406421661
2024-09-23 12:00:00,AL972024,46.0,2024-09-25 00:00:00,1 days 12:00:00,19.37,-84.92,989.8,54.2,52.22754669189453,93.539306640625,85.24689483642578,58.70407104492188,73.67972564697266,7.792847156524658,5.715986251831055,2.6451575756073,4.709853172302246,0.2310885488986969,0.0,0.0,0.0247515644878149
2024-09-23 12:00:00,AL972024,46.0,2024-09-25 06:00:00,1 days 18:00:00,20.21,-85.68,984.0,62.2,51.05221939086914,226.2281951904297,202.5611267089844,160.89035034179688,197.14306640625,110.2808609008789,98.41165161132812,77.48027801513672,92.6017608642578,29.79069709777832,27.279720306396484,22.069581985473636,25.256641387939453
2024-09-23 12:00:00,AL972024,46.0,2024-09-25 12:00:00,2 days 00:00:00,21.44,-86.36,969.4,84.0,48.72787857055664,306.48199462890625,292.4120788574219,239.10389709472656,271.4482421875,142.65513610839844,135.01551818847656,111.76193237304688,119.54024505615234,42.816139221191406,43.51938247680664,37.62451553344727,37.36168670654297
2024-09-23 12:00:00,AL972024,46.0,2024-09-25 18:00:00,2 days 06:00:00,21.79,-86.34,971.8,75.2,45.808841705322266,241.33966064453125,222.51693725585935,172.0137481689453,204.1563415527344,117.57953643798828,106.94730377197266,85.87762451171875,100.16552734375,49.80280303955078,46.18559646606445,37.70735168457031,42.765235900878906
2024-09-23 12:00:00,AL972024,46.0,2024-09-26 00:00:00,2 days 12:00:00,23.11,-86.54,961.1,89.8,36.14849853515625,219.06561279296875,204.5499267578125,141.81088256835938,169.58535766601562,99.0003662109375,88.27423095703125,67.48888397216797,82.18095397949219,53.82315444946289,48.1074104309082,38.761348724365234,45.69683456420898
2024-09-23 12:00:00,AL972024,46.0,2024-09-26 06:00:00,2 days 18:00:00,24.45,-86.29,965.9,86.1,68.23969268798828,213.8425750732422,206.01971435546875,147.3777618408203,169.22608947753906,99.74166107177734,92.81925964355467,73.59101104736328,83.37030792236328,51.484962463378906,48.05581283569336,39.30266571044922,43.99376678466797
2024-09-23 12:00:00,AL972024,46.0,2024-09-26 12:00:00,3 days 00:00:00,25.66,-85.85,951.1,100.4,30.453784942626957,298.6110534667969,295.2138366699219,213.29147338867188,245.3487243652344,144.09092712402344,137.13125610351562,109.82755279541016,121.74011993408205,72.0533218383789,69.04570770263672,57.04067993164063,62.18374252319336
2024-09-23 12:00:00,AL972024,46.0,2024-09-26 18:00:00,3 days 06:00:00,27.8,-85.32,940.7,112.9,38.30998229980469,242.2558441162109,241.2342987060547,159.29698181152344,187.76564025878903,104.62882995605467,95.95281219482422,73.93310546875,84.56266784667969,55.05409240722656,50.792518615722656,41.72614669799805,47.33671569824219
2024-09-23 12:00:00,AL972024,46.0,2024-09-27 00:00:00,3 days 12:00:00,29.79,-84.93,947.6,97.1,43.86589813232422,192.0608367919922,193.67919921875,121.61575317382812,142.55422973632812,74.21924591064453,68.54450225830078,48.74007034301758,57.960845947265625,38.93746948242188,35.20799255371094,28.52345085144043,33.306663513183594
2024-09-23 12:00:00,AL972024,46.0,2024-09-27 06:00:00,3 days 18:00:00,32.2,-84.71,978.4,56.4,114.35128021240234,189.3597869873047,193.43435668945312,134.96434020996094,141.71153259277344,33.73354721069336,32.92972946166992,19.091148376464844,22.12227249145508,0.0,0.0,0.0,0.0
2024-09-23 12:00:00,AL972024,46.0,2024-09-27 12:00:00,4 days 00:00:00,34.31,-85.12,986.8,36.3,53.40228271484375,65.00031280517578,66.13243865966797,43.94883346557617,45.04571533203125,1.1934973001480105,2.3879313468933105,0.762997567653656,0.3260829746723175,0.0,0.0,0.0,0.0
2024-09-23 12:00:00,AL972024,46.0,2024-09-27 18:00:00,4 days 06:00:00,36.1,-86.36,995.2,31.8,169.38702392578125,8.775031089782715,6.238028049468994,0.2896189987659454,0.0,0.8534591794013977,0.3099194169044494,0.6350952982902527,0.6479724645614624,0.1085938736796379,0.0,0.0,0.0
2024-09-23 12:00:00,AL972024,46.0,2024-09-28 00:00:00,4 days 12:00:00,37.57,-87.46,1000.2,26.3,171.34213256835938,2.237412929534912,0.0,0.0,0.0,0.0,0.0291668754070997,0.0,0.3643710017204284,0.0,0.0,0.0,0.0
2024-09-23 12:00:00,EP102024,46.0,2024-09-23 12:00:00,0 days 00:00:00,14.6,-98.4,992.0,60.0,37.03998651744491,74.07997303488982,55.55997977616736,55.55997977616736,55.55997977616736,37.03998651744491,0.0,0.0,0.0,,,,
2024-09-23 12:00:00,EP102024,46.0,2024-09-23 18:00:00,0 days 06:00:00,15.37,-98.81,984.6,67.6,32.488059997558594,114.01680755615234,103.32201385498048,84.66648864746094,100.96569061279295,52.208152770996094,45.341190338134766,36.83757019042969,44.412715911865234,15.151387214660645,12.875405311584473,10.379694938659668,13.129509925842283
2024-09-23 12:00:00,EP102024,46.0,2024-09-24 00:00:00,0 days 12:00:00,16.61,-99.36,975.6,78.7,38.1087760925293,85.35459899902344,75.40335845947266,59.64502334594727,69.7911148071289,41.8560791015625,34.81683349609375,27.82193946838379,35.7912483215332,20.96511459350586,17.952695846557617,14.967544555664062,18.36770820617676
2024-09-23 12:00:00,EP102024,46.0,2024-09-24 06:00:00,0 days 18:00:00,16.38,-99.19,973.7,78.6,38.6546630859375,88.4075698852539,80.41020202636719,66.62120056152344,77.7467041015625,42.10002899169922,37.12775421142578,30.77452278137207,36.55811309814453,21.80666160583496,18.778329849243164,16.108545303344727,19.300540924072266
2024-09-23 12:00:00,EP102024,46.0,2024-09-24 12:00:00,1 days 00:00:00,16.84,-99.37,973.2,77.6,27.64913558959961,91.51131439208984,83.8955078125,71.65838623046875,82.15885162353516,43.02276992797852,38.22039794921875,31.21226119995117,37.21965789794922,20.635025024414062,18.527687072753903,15.83992862701416,18.442873001098636
2024-09-23 12:00:00,EP102024,46.0,2024-09-24 18:00:00,1 days 06:00:00,17.62,-99.81,994.2,43.0,41.21940994262695,86.22801971435547,78.94526672363281,64.91688537597656,76.77935791015625,11.927011489868164,10.461875915527344,8.574511528015137,9.661761283874512,0.0,0.0,0.0495400130748748,0.0302919633686542
2024-09-23 12:00:00,EP102024,46.0,2024-09-25 00:00:00,1 days 12:00:00,16.31,-100.18,999.6,32.4,66.22796630859375,17.54424476623535,15.68846321105957,15.603131294250488,16.234655380249023,0.0,0.0507890507578849,0.6153390407562256,0.2700311541557312,0.2400653511285781,0.1516550928354263,0.2698712050914764,0.2166671603918075
2024-09-23 12:00:00,EP102024,46.0,2024-09-25 06:00:00,1 days 18:00:00,16.55,-99.98,999.6,35.4,78.26091003417969,53.33614730834961,49.018043518066406,39.53145599365234,46.566532135009766,0.422786146402359,0.7689275145530701,0.6253111362457275,0.5398539304733276,0.2047649323940277,0.3376031816005707,0.4555259048938751,0.315799742937088
2024-09-23 12:00:00,EP102024,46.0,2024-09-25 12:00:00,2 days 00:00:00,16.22,-101.68,990.7,49.8,59.89632034301758,192.18087768554688,188.5290985107422,161.05142211914062,168.56838989257812,26.877553939819336,23.957250595092773,19.303565979003903,21.934993743896484,0.014147781766951,0.2030892223119735,0.2918562889099121,0.0418334752321243
2024-09-23 12:00:00,EP102024,46.0,2024-09-25 18:00:00,2 days 06:00:00,16.37,-100.77,993.9,44.6,58.36893081665039,153.90574645996094,145.26998901367188,117.02446746826172,130.31460571289062,27.337745666503903,24.386890411376957,17.708463668823242,20.95440673828125,0.117470696568489,0.0313160642981529,0.0,0.0
2024-09-23 12:00:00,EP102024,46.0,2024-09-26 00:00:00,2 days 12:00:00,16.59,-101.33,982.8,63.0,50.026954650878906,132.70335388183594,121.61368560791016,96.2848663330078,111.21257781982422,64.23059844970703,56.68975067138672,44.15380096435547,53.65560150146485,21.9038143157959,18.89280128479004,15.323347091674805,18.334619522094727
2024-09-23 12:00:00,EP102024,46.0,2024-09-26 06:00:00,2 days 18:00:00,16.67,-101.52,981.8,68.1,53.78725051879883,132.32931518554688,122.00062561035156,106.54277801513672,115.64299774169922,64.07428741455078,58.9592170715332,48.04205703735352,55.453643798828125,24.594865798950195,22.059349060058597,18.294443130493164,21.02102851867676
2024-09-23 12:00:00,EP102024,46.0,2024-09-26 12:00:00,3 days 00:00:00,17.31,-101.84,981.4,65.2,40.96687316894531,136.83103942871094,129.68612670898438,115.79337310791016,122.03512573242188,70.6495361328125,65.54678344726562,53.37620162963867,61.38532257080078,28.44750022888184,26.355682373046875,21.954111099243164,24.383657455444336
2024-09-23 12:00:00,EP102024,46.0,2024-09-26 18:00:00,3 days 06:00:00,18.43,-101.78,992.3,49.2,70.17908477783203,90.9862823486328,91.22789001464844,69.93804168701172,75.3450927734375,21.153657913208008,19.54608917236328,15.22519874572754,16.425519943237305,0.741664469242096,0.5971423983573914,0.2701416611671448,0.3236051499843597
2024-09-23 12:00:00,EP102024,46.0,2024-09-27 00:00:00,3 days 12:00:00,18.65,-102.07,999.4,30.2,62.93644714355469,6.286088943481445,5.488612651824951,2.7414650917053223,6.155837059020996,3.165663719177246,1.739629864692688,0.8180138468742371,1.734174728393555,0.3671755194664001,0.0,0.0,0.3117317259311676
2024-09-23 12:00:00,EP102024,46.0,2024-09-27 06:00:00,3 days 18:00:00,18.83,-102.22,999.7,31.2,109.05015563964844,8.584226608276367,5.181429862976074,5.375843048095703,6.36712646484375,1.2817596197128296,1.6875603199005127,1.337076187133789,1.925125002861023,0.0,0.0121798310428857,0.0570249482989311,0.0513072498142719
2024-09-23 12:00:00,EP102024,46.0,2024-09-27 12:00:00,4 days 00:00:00,18.88,-102.5,1000.1,24.6,46.53110504150391,0.0,0.0,0.0,1.1777939796447754,0.0,0.0,0.7742458581924438,0.0,0.1649427711963653,0.1961906999349594,0.3200282752513885,0.2898119390010834
2024-09-23 12:00:00,AL972024,47.0,2024-09-23 12:00:00,0 days 00:00:00,17.2,-81.7,1004.0,30.0,185.1999325872245,,,,,,,,,,,,
2024-09-23 12:00:00,AL972024,47.0,2024-09-23 18:00:00,0 days 06:00:00,17.31,-81.86,1003.9,32.5,153.70040893554688,2.639331817626953,1.6121426820755005,0.0,0.0,0.0,0.0379959419369697,0.1389718651771545,0.0384081900119781,0.0,0.0,0.0016558780334889,0.0
2024-09-23 12:00:00,AL972024,47.0,2024-09-24 00:00:00,0 days 12:00:00,17.55,-82.14,1002.1,36.5,143.7005615234375,5.132748603820801,3.423473596572876,0.0,1.3106282949447632,0.0,0.0275449305772781,0.0,0.050284419208765,0.0,0.0,0.0,0.0
2024-09-23 12:00:00,AL972024,47.0,2024-09-24 06:00:00,0 days 18:00:00,18.4,-82.58,999.0,47.5,100.52871704101562,85.4043197631836,74.06859588623047,44.00598907470703,64.83374786376953,2.5092945098876958,1.4378684759140017,0.0,0.600146472454071,0.0,0.0,0.0,0.0
2024-09-23 12:00:00,AL972024,47.0,2024-09-24 12:00:00,1 days 00:00:00,19.13,-83.38,996.6,44.6,83.50675964355469,211.2549743652344,197.71649169921875,145.628173828125,168.827880859375,9.087090492248535,5.972323417663574,2.443519115447998,5.5638346672058105,0.0,0.0,0.0,0.0
2024-09-23 12:00:00,AL972024,47.0,2024-09-24 18:00:00,1 days 06:00:00,19.2,-84.17,996.6,45.3,153.74766540527344,169.6573486328125,153.5524139404297,113.4393539428711,132.63417053222656,0.0,0.0,0.0,0.0,0.1627392321825027,0.199446365237236,0.1819065660238266,0.2548893690109253
2024-09-23 12:00:00,AL972024,47.0,2024-09-25 00:00:00,1 days 12:00:00,19.75,-84.18,994.1,51.2,123.93743896484376,110.37283325195312,103.6722183227539,72.14595794677734,84.24665069580078,1.4449312686920166,0.2238200157880783,0.0,0.0,0.2355832606554031,0.0727179870009422,0.0,0.1890011876821518
2024-09-23 12:00:00,AL972024,47.0,2024-09-25 06:00:00,1 days 18:00:00,20.39,-84.82,988.0,58.9,88.34342193603516,156.00942993164062,143.21897888183594,104.9848175048828,125.8683853149414,22.41288948059082,19.05712127685547,11.661865234375,16.08791732788086,0.0,0.0,0.0,0.0
2024-09-23 12:00:00,AL972024,47.0,2024-09-25 12:00:00,2 days 00:00:00,21.37,-85.13,980.5,67.2,41.91756057739258,205.48052978515625,182.4569091796875,128.68283081054688,170.29705810546875,92.76123809814452,79.39415740966797,58.823692321777344,74.89859771728516,26.806062698364254,23.180376052856445,17.96991729736328,22.259477615356445
2024-09-23 12:00:00,AL972024,47.0,2024-09-25 18:00:00,2 days 06:00:00,22.22,-85.59,973.4,75.1,30.1887321472168,204.7981109619141,182.9219207763672,128.86558532714844,166.87399291992188,95.48213958740234,81.59403228759766,61.59301376342773,78.6327896118164,38.430702209472656,33.33287811279297,26.12369155883789,32.29757308959961
2024-09-23 12:00:00,AL972024,47.0,2024-09-26 00:00:00,2 days 12:00:00,23.14,-85.47,970.4,77.5,54.38850021362305,166.5272674560547,156.52728271484375,102.73270416259766,125.01844787597656,59.68704605102539,49.8889045715332,33.73324203491211,44.38981628417969,12.297813415527344,9.178378105163574,6.096827507019043,9.786468505859377
2024-09-23 12:00:00,AL972024,47.0,2024-09-26 06:00:00,2 days 18:00:00,24.85,-84.9,962.7,88.3,57.42770004272461,237.3964385986328,233.5064697265625,163.36280822753906,188.1592254638672,94.5500030517578,88.01227569580078,66.96422576904297,76.30853271484375,41.71367645263672,38.85725402832031,31.75825309753418,35.119667053222656
2024-09-23 12:00:00,AL972024,47.0,2024-09-26 12:00:00,3 days 00:00:00,25.89,-84.06,941.3,111.7,39.07060241699219,386.45263671875,383.1710510253906,294.5711669921875,332.5122985839844,192.07493591308597,187.67752075195312,157.7427978515625,168.38699340820312,102.67539978027344,101.2173080444336,84.95281982421875,90.59133911132812
2024-09-23 12:00:00,AL972024,47.0,2024-09-26 18:00:00,3 days 06:00:00,28.21,-83.47,949.1,97.9,62.277042388916016,299.9023742675781,303.3400573730469,219.5497894287109,243.369873046875,140.90570068359375,138.22215270996094,112.6789321899414,117.54037475585938,71.88459014892578,70.06695556640625,58.95351791381836,62.05800247192383
2024-09-23 12:00:00,AL972024,47.0,2024-09-27 00:00:00,3 days 12:00:00,30.61,-82.41,964.5,71.7,40.16672897338867,279.28680419921875,285.0643920898437,209.80616760253903,232.13119506835935,142.2019500732422,139.27777099609375,111.54676818847656,117.82453155517578,58.799049377441406,57.73485565185547,48.27094268798828,50.12685012817383
2024-09-23 12:00:00,AL972024,47.0,2024-09-27 06:00:00,3 days 18:00:00,33.45,-82.73,976.7,48.9,45.611324310302734,160.1963653564453,170.2872772216797,116.93667602539062,118.9083251953125,16.62099838256836,17.89727783203125,7.692175388336182,8.301230430603027,0.0,0.0,0.0,0.0
2024-09-23 12:00:00,AL972024,47.0,2024-09-27 12:00:00,4 days 00:00:00,35.44,-83.01,984.8,45.2,131.20407104492188,128.4234619140625,127.14625549316406,93.95181274414062,98.8388442993164,6.526785850524902,6.268299579620361,3.0891802310943604,3.3180699348449707,0.0,0.0,0.0,0.0
2024-09-23 12:00:00,AL972024,47.0,2024-09-27 18:00:00,4 days 06:00:00,37.24,-83.79,994.3,32.9,142.10623168945312,19.36941719055176,12.907660484313965,6.117844104766846,7.052796363830566,1.501685380935669,0.968411147594452,0.53324955701828,0.8990543484687805,0.2018215507268905,0.2058267891407013,0.0,0.122189462184906
2024-09-23 12:00:00,AL972024,47.0,2024-09-28 00:00:00,4 days 12:00:00,38.92,-84.66,1000.9,25.0,147.92105102539062,0.0,0.0,0.0,0.0,0.0,0.0,0.0,0.2958227097988128,0.1387583613395691,0.0265755504369735,0.0909240096807479,0.0
2024-09-23 12:00:00,AL972024,47.0,2024-09-28 06:00:00,4 days 18:00:00,37.96,-87.65,998.3,19.4,68.22068786621094,0.2830890715122223,2.3523197174072266,1.0880614519119265,0.0748471245169639,0.0,0.0,0.0,0.0,0.1742779165506363,0.0488650351762771,0.0,0.1673452407121658
2024-09-23 12:00:00,AL972024,47.0,2024-09-28 12:00:00,5 days 00:00:00,36.51,-90.2,1003.6,21.6,195.98123168945312,0.0,0.0,0.0,0.0,0.0,0.0,0.7826651334762573,0.0,0.0,0.0,0.0,0.0
2024-09-23 12:00:00,EP102024,47.0,2024-09-23 12:00:00,0 days 00:00:00,14.6,-98.4,992.0,60.0,37.03998651744491,74.07997303488982,55.55997977616736,55.55997977616736,55.55997977616736,37.03998651744491,0.0,0.0,0.0,,,,
2024-09-23 12:00:00,EP102024,47.0,2024-09-23 18:00:00,0 days 06:00:00,15.1,-98.17,993.7,52.3,52.31403732299805,81.11891174316406,78.98165893554688,58.32618713378906,67.11112976074219,13.660513877868652,12.294777870178224,8.640581130981445,9.735307693481444,0.0,0.0,0.0,0.0
2024-09-23 12:00:00,EP102024,47.0,2024-09-24 00:00:00,0 days 12:00:00,16.03,-98.23,989.6,60.2,57.041133880615234,87.4209213256836,84.62516784667969,64.75560760498047,74.36124420166016,38.33450698852539,33.145057678222656,24.625362396240234,30.980655670166016,6.753955841064453,5.425117015838623,4.417537212371826,5.618584632873535
2024-09-23 12:00:00,EP102024,47.0,2024-09-24 06:00:00,0 days 18:00:00,16.09,-97.98,997.9,42.6,87.97598266601562,34.66295623779297,36.73550033569336,28.472091674804688,28.801029205322266,5.4527997970581055,5.944129943847656,3.9251320362091056,4.557628154754639,0.0,0.2530018985271454,0.1859605312347412,0.0
2024-09-23 12:00:00,EP102024,47.0,2024-09-24 12:00:00,1 days 00:00:00,16.87,-98.68,997.6,35.1,57.24712371826172,44.59297180175781,40.08698272705078,34.71813201904297,41.290409088134766,2.2751076221466064,2.9510223865509038,2.553191900253296,2.324472427368164,0.9283003807067872,0.9459160566329956,0.9970966577529908,0.8177765011787415
2024-09-23 12:00:00,EP102024,47.0,2024-09-24 18:00:00,1 days 06:00:00,15.25,-101.17,1005.1,25.9,139.2460479736328,1.621037840843201,1.8489121198654173,0.9861416816711426,0.0,0.1976595520973205,0.5280544757843018,0.0,0.0,0.0,0.0,0.0429445095360279,0.0
2024-09-23 12:00:00,EP102024,47.0,2024-09-25 00:00:00,1 days 12:00:00,15.9,-101.1,1001.9,32.7,131.1670684814453,1.1656455993652344,1.0739113092422483,0.0,0.0,0.3596789836883545,0.1252034604549408,0.0,0.2874111831188202,0.099119983613491,0.0573465563356876,0.0186766032129526,0.135521724820137
2024-09-23 12:00:00,AL972024,48.0,2024-09-23 12:00:00,0 days 00:00:00,17.2,-81.7,1004.0,30.0,185.1999325872245,,,,,,,,,,,,
2024-09-23 12:00:00,AL972024,48.0,2024-09-23 18:00:00,0 days 06:00:00,17.39,-81.88,1005.3,26.9,139.68209838867188,0.8978235721588135,1.7591910362243652,0.0,0.0,0.0,0.4583325684070587,0.3753010034561157,0.0,0.0189057234674692,0.0570987574756145,0.0326926372945308,0.0
2024-09-23 12:00:00,AL972024,48.0,2024-09-24 00:00:00,0 days 12:00:00,18.05,-82.37,1002.8,34.3,118.3644790649414,0.8141247034072876,0.0,0.0,0.0,0.0,0.0,0.0,0.0,0.0,0.0103097558021545,0.0346386209130287,0.0
2024-09-23 12:00:00,AL972024,48.0,2024-09-24 06:00:00,0 days 18:00:00,18.54,-82.64,1000.6,38.8,102.20500946044922,4.753087520599365,2.6929056644439697,0.0,0.0,0.0,0.1517789214849472,0.0501647889614105,0.0,0.139109656214714,0.0,0.0,0.0
2024-09-23 12:00:00,AL972024,48.0,2024-09-24 12:00:00,1 days 00:00:00,18.43,-83.99,1000.4,39.2,143.11936950683594,18.926246643066406,14.10054874420166,5.802852630615234,10.764208793640137,0.0,0.0860242992639541,0.0936504527926445,0.0,0.1682096421718597,0.0255325380712747,0.0086561320349574,0.0517870225012302
2024-09-23 12:00:00,AL972024,48.0,2024-09-24 18:00:00,1 days 06:00:00,19.15,-84.12,1000.0,39.3,157.33888244628906,22.1920223236084,16.067699432373047,6.1783623695373535,11.35195255279541,0.0,0.0,0.0,0.0,0.0,0.0112190181389451,0.0,0.0
2024-09-23 12:00:00,AL972024,48.0,2024-09-25 00:00:00,1 days 12:00:00,19.25,-85.07,999.0,39.4,68.71907806396484,57.23443222045898,51.88436126708984,32.70240020751953,42.00446701049805,0.6590749025344849,0.109290637075901,0.0,0.0602376982569694,0.1669332981109619,0.0547521486878395,0.0731365159153938,0.0467556901276111
2024-09-23 12:00:00,AL972024,48.0,2024-09-25 06:00:00,1 days 18:00:00,19.8,-85.83,995.0,46.4,119.9316864013672,172.6424102783203,166.3870849609375,130.49423217773438,141.56495666503906,5.085928916931152,4.205834865570068,2.0959181785583496,3.2114782333374023,0.0,0.0,0.0,0.0
2024-09-23 12:00:00,AL972024,48.0,2024-09-25 12:00:00,2 days 00:00:00,20.77,-86.2,985.6,61.6,45.187477111816406,170.42640686035156,163.0344696044922,112.16561126708984,135.01771545410156,49.44816970825195,42.5796127319336,27.57168197631836,36.1758918762207,0.0896995589137077,0.0,0.0,0.0
2024-09-23 12:00:00,AL972024,48.0,2024-09-25 18:00:00,2 days 06:00:00,21.82,-86.26,976.0,73.3,43.6091194152832,261.5979309082031,238.16403198242188,171.91102600097656,219.66796875,122.77694702148438,108.1453628540039,83.02114868164062,100.91083526611328,40.77048873901367,36.77745056152344,29.45657730102539,34.17386245727539
2024-09-23 12:00:00,AL972024,48.0,2024-09-26 00:00:00,2 days 12:00:00,23.13,-86.54,965.2,84.2,27.241498947143555,225.4461669921875,208.37762451171875,142.09512329101562,182.3378753662109,100.66075897216795,89.18853759765625,66.73348236083984,82.52947998046875,46.30787658691406,41.89927673339844,33.56758117675781,39.25563430786133
2024-09-23 12:00:00,AL972024,48.0,2024-09-26 06:00:00,2 days 18:00:00,24.32,-86.62,966.2,82.3,40.59035873413086,296.4578857421875,281.5380859375,207.8587646484375,246.92779541015625,139.19918823242188,128.28897094726562,101.1206512451172,114.9673309326172,51.23104095458984,48.55491256713867,39.779544830322266,43.52513885498047
2024-09-23 12:00:00,AL972024,48.0,2024-09-26 12:00:00,3 days 00:00:00,26.13,-85.97,952.3,100.4,48.82614517211914,239.0941162109375,236.42955017089844,160.63856506347656,182.0496063232422,107.9709243774414,103.4909896850586,80.49343872070312,89.09719848632812,57.92036819458008,54.47379302978516,44.77882385253906,49.78530502319336
2024-09-23 12:00:00,AL972024,48.0,2024-09-26 18:00:00,3 days 06:00:00,28.27,-85.4,951.1,98.3,30.86937141418457,330.2992553710937,329.6878662109375,245.61740112304688,275.8354797363281,161.83607482910156,157.23536682128906,128.23727416992188,137.43800354003906,83.05697631835938,80.78105163574219,67.1805191040039,71.63847351074219
2024-09-23 12:00:00,AL972024,48.0,2024-09-27 00:00:00,3 days 12:00:00,30.82,-84.78,955.8,80.6,36.97948455810547,287.927734375,286.68377685546875,222.82107543945312,248.5147705078125,136.84288024902344,135.9397735595703,108.93658447265624,115.38129425048828,60.94629287719727,60.24953842163086,50.61853790283203,52.79693222045898
2024-09-23 12:00:00,AL972024,48.0,2024-09-27 06:00:00,3 days 18:00:00,33.69,-85.57,971.6,58.5,41.08908081054688,217.35043334960935,218.63839721679688,176.5853729248047,182.583251953125,82.06893920898438,78.30096435546875,59.98533630371094,63.47704315185547,8.049644470214844,8.260714530944824,6.497854232788086,6.306080341339111
2024-09-23 12:00:00,AL972024,48.0,2024-09-27 12:00:00,4 days 00:00:00,35.68,-86.88,984.4,40.7,116.60364532470705,78.01255798339844,71.3626937866211,49.05315780639648,52.56093215942383,1.0593687295913696,0.6739416122436523,0.0,0.3573201596736908,0.3046049475669861,0.0,0.0,0.0
2024-09-23 12:00:00,EP102024,48.0,2024-09-23 12:00:00,0 days 00:00:00,14.6,-98.4,992.0,60.0,37.03998651744491,74.07997303488982,55.55997977616736,55.55997977616736,55.55997977616736,37.03998651744491,0.0,0.0,0.0,,,,
2024-09-23 12:00:00,EP102024,48.0,2024-09-23 18:00:00,0 days 06:00:00,15.38,-98.58,986.5,63.5,39.52804946899414,80.32014465332031,71.18730163574219,53.55421447753906,66.02433013916016,36.93975830078125,29.97664451599121,22.97795295715332,29.93770408630371,8.9103422164917,6.2557692527771,4.404664993286133,7.494532108306885
2024-09-23 12:00:00,EP102024,48.0,2024-09-24 00:00:00,0 days 12:00:00,15.78,-98.77,980.7,70.4,35.26339340209961,89.06892395019531,80.35924530029297,62.35162353515625,74.85096740722656,44.23011779785156,37.698028564453125,30.157197952270508,37.98411178588867,21.83548164367676,18.53688240051269,15.12746810913086,18.9571533203125
2024-09-23 12:00:00,EP102024,48.0,2024-09-24 06:00:00,0 days 18:00:00,16.19,-98.76,988.3,58.9,40.53547286987305,57.21525955200195,53.08356094360352,42.57902908325195,50.63721466064453,20.094690322875977,17.383060455322266,12.853113174438477,16.163253784179688,3.254192352294922,2.0876035690307617,1.7059509754180908,2.9719252586364746
2024-09-23 12:00:00,EP102024,48.0,2024-09-24 12:00:00,1 days 00:00:00,16.82,-99.15,994.7,48.4,75.02593231201172,23.12928581237793,23.606937408447266,20.39442443847656,22.0092830657959,5.049906730651856,5.911302089691162,3.797495603561402,4.0729570388793945,0.939399242401123,1.079700589179993,0.9881118535995485,0.8205258846282959
2024-09-23 12:00:00,EP102024,48.0,2024-09-24 18:00:00,1 days 06:00:00,17.15,-99.98,1002.4,31.2,87.09379577636719,10.861167907714844,12.748825073242188,4.68834400177002,6.215428829193115,3.321202516555786,2.8267433643341064,2.2674155235290527,2.498772621154785,0.378187745809555,0.3011268675327301,0.0837980136275291,0.4306449294090271
2024-09-23 12:00:00,EP102024,48.0,2024-09-25 00:00:00,1 days 12:00:00,16.6,-101.64,1001.0,27.6,74.36390686035156,0.0,0.0,0.0,0.0,0.7879993915557861,0.40126433968544,0.0,0.9317179322242736,0.406705230474472,0.1357371807098388,0.0168460197746753,0.3540257811546325
2024-09-23 12:00:00,EP102024,48.0,2024-09-25 06:00:00,1 days 18:00:00,16.36,-102.6,1000.9,31.7,110.60323333740234,9.791396141052246,7.721156120300293,7.466419219970703,8.093840599060059,0.0,0.0,0.0,0.0,0.375586599111557,0.2986959517002105,0.1928730905055999,0.1600164324045181
2024-09-23 12:00:00,EP102024,48.0,2024-09-25 12:00:00,2 days 00:00:00,16.22,-102.16,996.1,44.1,51.10297393798828,84.60783386230469,83.35383605957031,60.74831771850586,69.0142593383789,5.01815128326416,4.340145587921143,1.4232345819473269,2.812368392944336,0.4297448396682739,0.3419867157936096,0.2335817366838455,0.2452525347471237
2024-09-23 12:00:00,EP102024,48.0,2024-09-25 18:00:00,2 days 06:00:00,16.24,-101.99,993.7,47.6,36.70040893554688,88.2688217163086,88.2673568725586,72.78839111328125,78.35913848876953,18.08289337158203,16.64914894104004,11.815644264221191,13.995412826538086,0.0,0.0,0.0,0.0
2024-09-23 12:00:00,EP102024,48.0,2024-09-26 00:00:00,2 days 12:00:00,16.41,-101.86,980.4,68.6,25.488426208496094,112.96068572998048,113.2525405883789,91.13845825195312,97.30121612548828,51.67352294921875,45.84526824951172,36.415714263916016,43.32550048828125,15.326295852661133,13.383550643920898,10.89857006072998,13.069808959960938
2024-09-23 12:00:00,EP102024,48.0,2024-09-26 06:00:00,2 days 18:00:00,16.78,-101.63,976.6,73.3,34.84598922729492,165.45375061035156,160.01358032226562,136.78599548339844,146.70310974121094,79.04682922363281,76.11531829833984,63.0098991394043,68.905517578125,34.822837829589844,33.09090805053711,28.163131713867188,30.229249954223636
2024-09-23 12:00:00,EP102024,48.0,2024-09-26 12:00:00,3 days 00:00:00,17.31,-101.94,983.9,61.9,50.22002029418945,123.57440948486328,115.49971771240234,92.7976303100586,102.15048217773438,54.02873229980469,47.436893463134766,36.65254974365234,44.27154159545898,17.988309860229492,15.591001510620115,12.313393592834473,14.908082962036133
2024-09-23 12:00:00,EP102024,48.0,2024-09-26 18:00:00,3 days 06:00:00,17.58,-102.5,983.6,62.0,43.49704360961914,177.45436096191406,180.74090576171875,166.0543975830078,160.97137451171875,79.76056671142578,77.31388854980469,66.81169128417969,67.96852111816406,13.46544361114502,14.431936264038086,13.002352714538574,11.755671501159668
2024-09-23 12:00:00,EP102024,48.0,2024-09-27 00:00:00,3 days 12:00:00,18.47,-102.65,986.4,54.2,41.07405471801758,154.1744842529297,140.42234802246094,116.54579162597656,133.00341796875,55.1483039855957,48.86424255371094,37.13344192504883,43.99273681640625,2.730719566345215,2.4776852130889893,2.028817892074585,2.013472080230713
2024-09-23 12:00:00,EP102024,48.0,2024-09-27 06:00:00,3 days 18:00:00,18.99,-102.6,993.4,41.3,42.24886322021485,82.33051300048828,76.5562973022461,64.8291244506836,74.24798583984375,10.466944694519045,10.254114151000977,7.52521800994873,8.372787475585938,0.0,0.0541586279869079,0.1903725415468216,0.0
2024-09-23 12:00:00,EP102024,48.0,2024-09-27 12:00:00,4 days 00:00:00,19.2,-102.14,998.7,33.5,101.44478607177734,24.06033134460449,21.888790130615234,19.22245407104492,20.79967498779297,1.405763864517212,2.0155816078186035,1.544089436531067,2.073650360107422,0.0,0.0,0.1311110556125641,0.0516108348965644
2024-09-23 12:00:00,EP102024,48.0,2024-09-27 18:00:00,4 days 06:00:00,19.71,-101.39,1001.2,26.4,29.65113067626953,3.5625529289245605,3.8863139152526855,2.1067006587982178,9.149961471557615,1.8691885471343996,1.318126559257507,1.7101800441741943,1.7989544868469238,0.1839187890291214,0.0500111952424049,0.0623545572161674,0.3043460845947265
2024-09-23 12:00:00,EP102024,48.0,2024-09-28 00:00:00,4 days 12:00:00,19.12,-101.6,1000.9,22.4,31.796817779541016,0.0,0.0,2.5233075618743896,0.0,1.1607892513275146,0.8536277413368225,0.6134030818939209,1.3212862014770508,0.0149171706289052,0.0,0.0,0.0
2024-09-23 12:00:00,EP102024,48.0,2024-09-28 06:00:00,4 days 18:00:00,17.99,-102.51,1003.2,24.9,57.79209518432617,0.0,0.0,0.0,0.0,0.0201640222221612,0.3155292868614197,0.1940667778253555,0.3518306314945221,0.6371007561683655,0.4946942627429962,0.4944556057453155,0.6301847100257874
2024-09-23 12:00:00,AL972024,49.0,2024-09-23 12:00:00,0 days 00:00:00,17.2,-81.7,1004.0,30.0,185.1999325872245,,,,,,,,,,,,
2024-09-23 12:00:00,AL972024,49.0,2024-09-23 18:00:00,0 days 06:00:00,17.28,-82.2,1004.1,25.1,82.7152099609375,0.0,1.9819785356521609,0.0,0.0,0.1180136501789093,0.1813582479953766,0.2065754979848861,0.0,0.0,0.0,0.0061841080896556,0.0
2024-09-23 12:00:00,AL972024,49.0,2024-09-24 00:00:00,0 days 12:00:00,17.46,-82.49,1001.9,34.4,138.473388671875,1.463109254837036,0.3299247920513153,0.0,0.0,0.0,0.0185927674174308,0.0941312611103057,0.0,0.0,0.0,0.0093514928594231,0.0
2024-09-23 12:00:00,AL972024,49.0,2024-09-24 06:00:00,0 days 18:00:00,19.36,-83.6,1001.6,32.4,86.09716796875,6.496767520904541,2.577719211578369,0.0,2.2487056255340576,0.0,0.008402245119214,0.0,0.0,0.0331445410847663,0.0,0.0454863458871841,0.0
2024-09-23 12:00:00,AL972024,49.0,2024-09-24 12:00:00,1 days 00:00:00,18.11,-83.38,999.5,39.5,78.66527557373047,19.752918243408203,15.18832778930664,2.372397899627685,11.43564796447754,0.3477861285209656,0.0,0.0,0.0,0.0359158962965011,0.102839820086956,0.0192704610526561,0.0
2024-09-23 12:00:00,AL972024,49.0,2024-09-24 18:00:00,1 days 06:00:00,18.72,-84.83,999.1,39.2,126.39427185058594,13.968335151672363,8.672826766967773,0.0,5.563374996185303,0.0,0.2131650745868683,0.0,0.023971976712346,0.0201321560889482,0.0,0.0242919735610485,0.0
2024-09-23 12:00:00,AL972024,49.0,2024-09-25 00:00:00,1 days 12:00:00,19.97,-85.27,993.5,49.0,53.02577209472656,94.31951904296876,87.5348892211914,53.00337600708008,69.7660140991211,4.632359981536865,3.006807565689087,0.0,1.7429429292678833,0.1106363385915756,0.0,0.0,0.0
2024-09-23 12:00:00,AL972024,49.0,2024-09-25 06:00:00,1 days 18:00:00,20.6,-85.71,989.0,58.9,79.08688354492188,84.73680114746094,80.14973449707031,49.964874267578125,63.87854766845703,11.059086799621582,9.023859024047852,3.400829792022705,6.345752716064453,0.0,0.0,0.0,0.0
2024-09-23 12:00:00,AL972024,49.0,2024-09-25 12:00:00,2 days 00:00:00,21.55,-85.89,983.9,64.1,63.0384521484375,109.98442840576172,103.92273712158205,65.93843841552734,83.97135162353516,30.987445831298828,25.50077247619629,15.153594970703123,22.013702392578125,1.4141277074813845,0.0911918804049491,0.0,0.6147592663764954
2024-09-23 12:00:00,AL972024,49.0,2024-09-25 18:00:00,2 days 06:00:00,22.59,-86.06,972.7,78.6,57.78707885742188,201.67076110839844,184.29519653320312,126.24992370605467,161.9785614013672,81.99866485595703,68.67918395996094,49.87793731689453,63.81902694702149,19.42474174499512,16.056529998779297,11.899779319763184,15.66035270690918
2024-09-23 12:00:00,AL972024,49.0,2024-09-26 00:00:00,2 days 12:00:00,23.83,-85.95,962.3,91.9,21.98326873779297,187.40733337402344,175.20274353027344,117.78868103027344,147.58804321289062,78.37350463867188,66.57510375976562,48.99219131469727,63.19895553588867,30.55701065063477,26.20006561279297,20.39559555053711,26.004545211791992
2024-09-23 12:00:00,AL972024,49.0,2024-09-26 06:00:00,2 days 18:00:00,25.71,-85.9,956.5,94.9,42.73343276977539,220.7287139892578,205.94976806640625,134.7364501953125,168.00038146972656,94.3810806274414,83.90164947509766,63.45123672485352,76.7537841796875,49.486061096191406,44.59588241577149,36.05595016479492,42.36116027832031
2024-09-23 12:00:00,AL972024,49.0,2024-09-26 12:00:00,3 days 00:00:00,27.25,-85.76,963.0,85.5,53.91621780395508,198.3645782470703,193.9613494873047,130.26390075683594,149.90682983398438,84.06099700927734,77.73995208740234,57.494930267333984,66.06336212158203,36.72678756713867,33.80740737915039,27.039478302001957,30.679988861083984
2024-09-23 12:00:00,AL972024,49.0,2024-09-26 18:00:00,3 days 06:00:00,29.28,-85.14,939.0,111.8,29.27639389038086,270.07891845703125,263.5245361328125,190.6335601806641,222.5874938964844,123.07825469970705,114.9709930419922,90.7549819946289,101.41580200195312,59.11420440673828,55.71045303344727,46.23450469970703,51.36040115356445
2024-09-23 12:00:00,AL972024,49.0,2024-09-27 00:00:00,3 days 12:00:00,31.77,-84.83,961.2,75.2,89.4242172241211,210.4581756591797,208.8319854736328,153.60134887695312,167.8606414794922,89.34601593017578,83.65188598632812,63.128150939941406,69.50586700439453,25.344541549682617,24.000707626342773,19.864397048950195,21.39747428894043
2024-09-23 12:00:00,AL972024,49.0,2024-09-27 06:00:00,3 days 18:00:00,34.55,-85.14,979.5,53.6,107.91024780273438,116.83374786376952,119.11882019042967,75.75341796875,83.97738647460938,5.901034832000732,6.010574817657471,0.9412879347801208,1.6239975690841677,0.0240076407790184,0.0,0.0,0.0
2024-09-23 12:00:00,AL972024,49.0,2024-09-27 12:00:00,4 days 00:00:00,36.43,-86.83,986.1,33.4,62.52128601074219,84.57041931152344,84.81644439697266,64.59083557128906,64.68264770507812,1.4557921886444092,1.958221673965454,1.5159358978271484,1.0683584213256836,0.0,0.0720559433102607,0.0130887571722269,0.0
2024-09-23 12:00:00,AL972024,49.0,2024-09-27 18:00:00,4 days 06:00:00,37.37,-88.61,991.9,35.0,87.60714721679688,18.047983169555664,9.522048950195312,1.992734789848328,5.106476306915283,0.5554032325744629,0.5942516326904297,0.0,0.2459991425275802,0.4873617589473724,0.1220215559005737,0.0,0.0
2024-09-23 12:00:00,AL972024,49.0,2024-09-28 00:00:00,4 days 12:00:00,37.16,-92.13,1001.6,24.3,144.48883056640625,0.0,0.0,0.0,0.0,0.0,0.0,0.0,0.0,0.1097885966300964,0.0743751600384712,0.0229985974729061,0.1058527082204818
2024-09-23 12:00:00,AL972024,49.0,2024-09-28 06:00:00,4 days 18:00:00,35.4,-92.47,996.0,31.9,71.04275512695312,11.230234146118164,7.996660232543945,7.607080936431885,8.94202709197998,0.0,0.0,0.0,0.0,0.2201121002435684,0.0699665173888206,0.1194494217634201,0.2457418888807296
2024-09-23 12:00:00,EP102024,49.0,2024-09-23 12:00:00,0 days 00:00:00,14.6,-98.4,992.0,60.0,37.03998651744491,74.07997303488982,55.55997977616736,55.55997977616736,55.55997977616736,37.03998651744491,0.0,0.0,0.0,,,,
2024-09-23 12:00:00,EP102024,49.0,2024-09-23 18:00:00,0 days 06:00:00,14.98,-98.33,983.2,66.3,15.647765159606934,91.84734344482422,87.6014633178711,70.8034896850586,79.2102279663086,45.54128646850586,39.60633087158203,31.747262954711918,37.48389434814453,11.193106651306152,9.07396411895752,7.169851779937744,9.44972038269043
2024-09-23 12:00:00,EP102024,49.0,2024-09-24 00:00:00,0 days 12:00:00,15.66,-98.53,977.9,76.5,39.7011833190918,100.14086151123048,89.50017547607422,70.17469787597656,83.28850555419922,47.85619735717773,40.4238510131836,32.2145881652832,40.63245391845703,21.896520614624023,18.534910202026367,15.249873161315918,19.11324119567871
2024-09-23 12:00:00,EP102024,49.0,2024-09-24 06:00:00,0 days 18:00:00,16.36,-98.98,987.6,56.0,46.14076232910156,104.5315399169922,100.11167907714844,81.99567413330078,89.32417297363281,18.449796676635746,17.859994888305664,12.73329734802246,14.552734375,0.0,0.0,0.1363869458436966,0.0
2024-09-23 12:00:00,EP102024,49.0,2024-09-24 12:00:00,1 days 00:00:00,17.21,-100.27,997.3,37.1,55.4311637878418,18.264366149902344,14.262330055236816,9.167717933654783,15.826193809509276,1.5813311338424685,2.1339821815490723,1.7313107252120972,1.3082586526870728,0.217381864786148,0.486396312713623,0.4035519361495971,0.2948172092437744
2024-09-23 12:00:00,EP102024,49.0,2024-09-24 18:00:00,1 days 06:00:00,16.5,-101.03,1003.1,31.9,120.74313354492188,7.096951484680176,7.758123397827148,0.0,5.097005367279053,0.0,0.0,0.0,0.0,0.1798010319471359,0.004279407672584,0.0477197133004665,0.1050797253847122
2024-09-23 12:00:00,EP102024,49.0,2024-09-25 00:00:00,1 days 12:00:00,16.63,-101.28,996.9,35.7,54.24750900268555,32.2204704284668,32.00332260131836,22.314802169799805,26.01650047302246,0.9161286950111388,0.5307061076164246,0.0,0.7934423089027405,0.2456821352243423,0.0172486901283264,0.1230994313955307,0.1833181232213974
2024-09-23 12:00:00,EP102024,49.0,2024-09-25 06:00:00,1 days 18:00:00,16.55,-100.97,994.8,45.6,69.6888198852539,39.67064666748047,39.1108283996582,28.008567810058597,35.454246520996094,7.2999091148376465,6.816747188568115,2.940687417984009,5.115401744842529,0.3966372609138489,0.0,0.0,0.1781282573938369
2024-09-23 12:00:00,EP102024,49.0,2024-09-25 12:00:00,2 days 00:00:00,16.69,-100.5,991.1,52.5,70.5721435546875,67.36511993408203,69.71146392822266,53.97649765014648,54.6252326965332,17.735891342163086,16.504850387573242,11.240429878234863,13.4603910446167,1.7616045475006104,1.4889663457870483,1.0789803266525269,1.3154324293136597
2024-09-23 12:00:00,EP102024,49.0,2024-09-25 18:00:00,2 days 06:00:00,16.8,-101.18,979.3,70.6,42.1954460144043,101.41574096679688,95.4637222290039,85.57513427734375,91.49594116210938,49.82844924926758,45.1739501953125,38.20687484741211,43.45371627807617,16.916973114013672,14.897380828857422,12.653552055358888,15.021924018859863
2024-09-23 12:00:00,EP102024,49.0,2024-09-26 00:00:00,2 days 12:00:00,16.64,-101.26,982.8,64.0,27.06054306030273,77.9581298828125,73.30386352539062,61.45604705810547,68.76261138916016,30.97738075256348,27.1855411529541,20.191858291625977,25.873680114746094,7.84581184387207,6.096016883850098,4.86580753326416,6.822915077209473
2024-09-23 12:00:00,EP102024,49.0,2024-09-26 06:00:00,2 days 18:00:00,16.78,-100.6,975.3,74.1,45.6016731262207,125.39081573486328,121.88327026367188,107.23228454589844,111.8683853149414,62.7009162902832,60.09688568115234,51.77939224243164,55.93916320800781,32.901485443115234,31.09153938293457,26.846660614013672,29.161670684814453
2024-09-23 12:00:00,EP102024,49.0,2024-09-26 12:00:00,3 days 00:00:00,17.37,-100.28,991.3,50.6,62.46406555175781,40.247215270996094,42.57366943359375,37.879539489746094,35.26036071777344,11.342845916748049,11.738309860229492,8.5147705078125,9.380348205566406,0.8239369988441467,0.624051570892334,0.3971864581108093,0.7079441547393799
2024-09-23 12:00:00,EP102024,49.0,2024-09-26 18:00:00,3 days 06:00:00,17.12,-100.63,994.9,43.3,47.6226692199707,69.04952239990234,66.26374816894531,48.7713508605957,56.4537239074707,8.850232124328613,8.82293701171875,6.4602952003479,6.892319202423096,0.0877019464969635,0.0515830218791961,0.0047279642894864,0.0005208275397308
2024-09-23 12:00:00,EP102024,49.0,2024-09-27 00:00:00,3 days 12:00:00,17.41,-100.71,1001.8,29.3,89.57444763183594,0.3178964555263519,0.0,0.0,0.0,1.5509378910064695,0.0,0.0,1.2582473754882812,1.492666244506836,0.8128931522369385,0.3944242000579834,1.313657522201538
2024-09-23 12:00:00,EP102024,49.0,2024-09-27 06:00:00,3 days 18:00:00,17.35,-100.81,1001.1,29.9,84.0733413696289,2.703718423843384,1.6285896301269531,1.5641263723373413,4.111144542694092,0.0,0.1005292236804962,0.8853355050086975,0.0193984359502792,0.3565225303173065,0.3451766073703766,0.5148719549179077,0.6298346519470215
2024-09-23 12:00:00,EP102024,49.0,2024-09-27 12:00:00,4 days 00:00:00,18.13,-100.48,1001.2,23.3,54.655948638916016,1.0679091215133667,2.108630657196045,6.61480188369751,5.023106575012207,0.0,0.7306543588638306,1.3993501663208008,0.4762605726718902,0.0720469057559967,0.3588036298751831,0.4465378522872925,0.1770266145467758
2024-09-23 12:00:00,EP102024,49.0,2024-09-27 18:00:00,4 days 06:00:00,17.93,-100.34,1003.9,25.3,53.0014762878418,11.358519554138184,11.380074501037598,9.30174446105957,9.513219833374023,7.122007369995117,6.470946311950684,6.187520980834961,6.820483684539795,1.2220641374588013,0.7771551012992859,0.6376383900642395,1.1061393022537231
